[{"sounds":[],"tick":0},{"sounds":[],"tick":1},{"sounds":[],"tick":2},{"sounds":[],"tick":3},{"sounds":[],"tick":4},{"sounds":[],"tick":5},{"sounds":[],"tick":6},{"sounds":[],"tick":7},{"sounds":[],"tick":8},{"sounds":[],"tick":9},{"sounds":[],"tick":10},{"sounds":[],"tick":11},{"sounds":[],"tick":12},{"sounds":[],"tick":13},{"sounds":[{"level":-1,"sound":0}],"tick":14},{"sounds":[],"tick":15},{"sounds":[],"tick":16},{"sounds":[{"level":-1,"sound":0}],"tick":17},{"sounds":[],"tick":18},{"sounds":[],"tick":19},{"sounds":[],"tick":20},{"sounds":[{"level":-1,"sound":0}],"tick":21},{"sounds":[],"tick":22},{"sounds":[{"level":-1,"sound":0}],"tick":23},{"sounds":[],"tick":24},{"sounds":[],"tick":25},{"sounds":[],"tick":26},{"sounds":[],"tick":27},{"sounds":[],"tick":28},{"sounds":[{"level":7206,"sound":73},{"level":-1,"sound":0}],"tick":29},{"sounds":[],"tick":30},{"sounds":[],"tick":31},{"sounds":[],"tick":32},{"sounds":[],"tick":33},{"sounds":[{"level":-1,"sound":0}],"tick":34},{"sounds":[],"tick":35},{"sounds":[],"tick":36},{"sounds":[],"tick":37},{"sounds":[],"tick":38},{"sounds":[],"tick":39},{"sounds":[],"tick":40},{"sounds":[{"level":1547,"sound":81},{"level":-1,"sound":0}],"tick":41},{"sounds":[],"tick":42},{"sounds":[],"tick":43},{"sounds":[{"level":-1,"sound":0}],"tick":44},{"sounds":[],"tick":45},{"sounds":[{"level":1554,"sound":81},{"level":-1,"sound":0}],"tick":46},{"sounds":[],"tick":47},{"sounds":[],"tick":48},{"sounds":[{"level":7200,"sound":74},{"level":-1,"sound":0}],"tick":49},{"sounds":[],"tick":50},{"sounds":[],"tick":51},{"sounds":[{"level":-1,"sound":0}],"tick":52},{"sounds":[],"tick":53},{"sounds":[],"tick":54},{"sounds":[],"tick":55},{"sounds":[{"level":-1,"sound":0},{"level":1559,"sound":81}],"tick":56},{"sounds":[{"level":-1,"sound":0}],"tick":57},{"sounds":[],"tick":58},{"sounds":[],"tick":59},{"sounds":[],"tick":60},{"sounds":[{"level":-1,"sound":0}],"tick":61},{"sounds":[{"level":-1,"sound":0},{"level":1550,"sound":81}],"tick":62},{"sounds":[],"tick":63},{"sounds":[],"tick":64},{"sounds":[],"tick":65},{"sounds":[{"level":-1,"sound":0}],"tick":66},{"sounds":[],"tick":67},{"sounds":[],"tick":68},{"sounds":[{"level":-1,"sound":0}],"tick":69},{"sounds":[],"tick":70},{"sounds":[{"level":-1,"sound":0},{"level":1554,"sound":81}],"tick":71},{"sounds":[],"tick":72},{"sounds":[],"tick":73},{"sounds":[],"tick":74},{"sounds":[],"tick":75},{"sounds":[],"tick":76},{"sounds":[],"tick":77},{"sounds":[],"tick":78},{"sounds":[],"tick":79},{"sounds":[{"level":1559,"sound":81},{"level":-1,"sound":0}],"tick":80},{"sounds":[],"tick":81},{"sounds":[],"tick":82},{"sounds":[],"tick":83},{"sounds":[],"tick":84},{"sounds":[],"tick":85},{"sounds":[{"level":-1,"sound":0}],"tick":86},{"sounds":[],"tick":87},{"sounds":[{"level":-1,"sound":0},{"level":1549,"sound":81}],"tick":88},{"sounds":[],"tick":89},{"sounds":[],"tick":90},{"sounds":[{"level":-1,"sound":0}],"tick":91},{"sounds":[],"tick":92},{"sounds":[{"level":-1,"sound":0}],"tick":93},{"sounds":[],"tick":94},{"sounds":[],"tick":95},{"sounds":[],"tick":96},{"sounds":[{"level":-1,"sound":0},{"level":1559,"sound":81}],"tick":97},{"sounds":[],"tick":98},{"sounds":[{"level":-1,"sound":0}],"tick":99},{"sounds":[],"tick":100},{"sounds":[],"tick":101},{"sounds":[],"tick":102},{"sounds":[{"level":1547,"sound":81},{"level":-1,"sound":0}],"tick":103},{"sounds":[],"tick":104},{"sounds":[{"level":-1,"sound":0}],"tick":105},{"sounds":[],"tick":106},{"sounds":[],"tick":107},{"sounds":[],"tick":108},{"sounds":[{"level":-1,"sound":0}],"tick":109},{"sounds":[],"tick":110},{"sounds":[],"tick":111},{"sounds":[],"tick":112},{"sounds":[{"level":-1,"sound":0},{"level":1554,"sound":81}],"tick":113},{"sounds":[{"level":-1,"sound":0}],"tick":114},{"sounds":[],"tick":115},{"sounds":[],"tick":116},{"sounds":[],"tick":117},{"sounds":[],"tick":118},{"sounds":[],"tick":119},{"sounds":[],"tick":120},{"sounds":[{"level":1559,"sound":81},{"level":-1,"sound":0}],"tick":121},{"sounds":[],"tick":122},{"sounds":[],"tick":123},{"sounds":[],"tick":124},{"sounds":[],"tick":125},{"sounds":[],"tick":126},{"sounds":[],"tick":127},{"sounds":[{"level":1550,"sound":81},{"level":-1,"sound":0}],"tick":128},{"sounds":[],"tick":129},{"sounds":[],"tick":130},{"sounds":[],"tick":131},{"sounds":[],"tick":132},{"sounds":[{"level":-1,"sound":0}],"tick":133},{"sounds":[],"tick":134},{"sounds":[],"tick":135},{"sounds":[],"tick":136},{"sounds":[],"tick":137},{"sounds":[{"level":-1,"sound":0},{"level":1554,"sound":81}],"tick":138},{"sounds":[],"tick":139},{"sounds":[],"tick":140},{"sounds":[],"tick":141},{"sounds":[],"tick":142},{"sounds":[],"tick":143},{"sounds":[],"tick":144},{"sounds":[],"tick":145},{"sounds":[{"level":1559,"sound":81},{"level":-1,"sound":0}],"tick":146},{"sounds":[],"tick":147},{"sounds":[],"tick":148},{"sounds":[],"tick":149},{"sounds":[],"tick":150},{"sounds":[{"level":-1,"sound":0}],"tick":151},{"sounds":[],"tick":152},{"sounds":[],"tick":153},{"sounds":[],"tick":154},{"sounds":[],"tick":155},{"sounds":[{"level":-1,"sound":0},{"level":1549,"sound":81}],"tick":156},{"sounds":[],"tick":157},{"sounds":[{"level":1559,"sound":81},{"level":-1,"sound":0}],"tick":158},{"sounds":[],"tick":159},{"sounds":[],"tick":160},{"sounds":[],"tick":161},{"sounds":[],"tick":162},{"sounds":[{"level":-1,"sound":0}],"tick":163},{"sounds":[],"tick":164},{"sounds":[],"tick":165},{"sounds":[],"tick":166},{"sounds":[],"tick":167},{"sounds":[{"level":1547,"sound":81},{"level":-1,"sound":0}],"tick":168},{"sounds":[],"tick":169},{"sounds":[],"tick":170},{"sounds":[],"tick":171},{"sounds":[],"tick":172},{"sounds":[],"tick":173},{"sounds":[{"level":-1,"sound":0}],"tick":174},{"sounds":[],"tick":175},{"sounds":[],"tick":176},{"sounds":[],"tick":177},{"sounds":[],"tick":178},{"sounds":[{"level":-1,"sound":0},{"level":1554,"sound":81}],"tick":179},{"sounds":[],"tick":180},{"sounds":[],"tick":181},{"sounds":[],"tick":182},{"sounds":[{"level":-1,"sound":0}],"tick":183},{"sounds":[],"tick":184},{"sounds":[],"tick":185},{"sounds":[],"tick":186},{"sounds":[{"level":-1,"sound":0},{"level":1559,"sound":81}],"tick":187},{"sounds":[],"tick":188},{"sounds":[],"tick":189},{"sounds":[],"tick":190},{"sounds":[{"level":1550,"sound":81},{"level":-1,"sound":0}],"tick":191},{"sounds":[],"tick":192},{"sounds":[],"tick":193},{"sounds":[],"tick":194},{"sounds":[],"tick":195},{"sounds":[],"tick":196},{"sounds":[{"level":-1,"sound":0}],"tick":197},{"sounds":[],"tick":198},{"sounds":[],"tick":199},{"sounds":[],"tick":200},{"sounds":[{"level":-1,"sound":0},{"level":1554,"sound":81}],"tick":201},{"sounds":[],"tick":202},{"sounds":[],"tick":203},{"sounds":[],"tick":204},{"sounds":[{"level":-1,"sound":0}],"tick":205},{"sounds":[],"tick":206},{"sounds":[],"tick":207},{"sounds":[],"tick":208},{"sounds":[{"level":-1,"sound":0},{"level":1559,"sound":81}],"tick":209},{"sounds":[],"tick":210},{"sounds":[],"tick":211},{"sounds":[],"tick":212},{"sounds":[{"level":-1,"sound":0}],"tick":213},{"sounds":[],"tick":214},{"sounds":[],"tick":215},{"sounds":[{"level":-1,"sound":0},{"level":1549,"sound":81}],"tick":216},{"sounds":[],"tick":217},{"sounds":[],"tick":218},{"sounds":[],"tick":219},{"sounds":[],"tick":220},{"sounds":[],"tick":221},{"sounds":[{"level":-1,"sound":0}],"tick":222},{"sounds":[],"tick":223},{"sounds":[],"tick":224},{"sounds":[],"tick":225},{"sounds":[{"level":1559,"sound":81}],"tick":226},{"sounds":[],"tick":227},{"sounds":[],"tick":228},{"sounds":[],"tick":229},{"sounds":[{"level":-1,"sound":0}],"tick":230},{"sounds":[],"tick":231},{"sounds":[{"level":-1,"sound":0}],"tick":232},{"sounds":[],"tick":233},{"sounds":[],"tick":234},{"sounds":[],"tick":235},{"sounds":[],"tick":236},{"sounds":[],"tick":237},{"sounds":[],"tick":238},{"sounds":[],"tick":239},{"sounds":[],"tick":240},{"sounds":[{"level":1554,"sound":81},{"level":-1,"sound":0},{"level":1547,"sound":81}],"tick":241},{"sounds":[],"tick":242},{"sounds":[{"level":-1,"sound":0}],"tick":243},{"sounds":[],"tick":244},{"sounds":[],"tick":245},{"sounds":[],"tick":246},{"sounds":[{"level":-1,"sound":0},{"level":1559,"sound":81}],"tick":247},{"sounds":[],"tick":248},{"sounds":[],"tick":249},{"sounds":[],"tick":250},{"sounds":[{"level":-1,"sound":0}],"tick":251},{"sounds":[],"tick":252},{"sounds":[],"tick":253},{"sounds":[],"tick":254},{"sounds":[{"level":-1,"sound":0}],"tick":255},{"sounds":[],"tick":256},{"sounds":[],"tick":257},{"sounds":[{"level":-1,"sound":0},{"level":1550,"sound":81}],"tick":258},{"sounds":[],"tick":259},{"sounds":[],"tick":260},{"sounds":[],"tick":261},{"sounds":[],"tick":262},{"sounds":[],"tick":263},{"sounds":[{"level":1554,"sound":81}],"tick":264},{"sounds":[],"tick":265},{"sounds":[],"tick":266},{"sounds":[],"tick":267},{"sounds":[{"level":-1,"sound":0}],"tick":268},{"sounds":[],"tick":269},{"sounds":[{"level":-1,"sound":0}],"tick":270},{"sounds":[],"tick":271},{"sounds":[],"tick":272},{"sounds":[],"tick":273},{"sounds":[{"level":-1,"sound":0},{"level":1559,"sound":81}],"tick":274},{"sounds":[],"tick":275},{"sounds":[],"tick":276},{"sounds":[{"level":-1,"sound":0}],"tick":277},{"sounds":[],"tick":278},{"sounds":[],"tick":279},{"sounds":[],"tick":280},{"sounds":[],"tick":281},{"sounds":[],"tick":282},{"sounds":[],"tick":283},{"sounds":[{"level":-1,"sound":0},{"level":1549,"sound":81}],"tick":284},{"sounds":[],"tick":285},{"sounds":[],"tick":286},{"sounds":[],"tick":287},{"sounds":[{"level":1559,"sound":81},{"level":-1,"sound":0}],"tick":288},{"sounds":[{"level":-1,"sound":0}],"tick":289},{"sounds":[],"tick":290},{"sounds":[],"tick":291},{"sounds":[],"tick":292},{"sounds":[{"level":-1,"sound":0}],"tick":293},{"sounds":[],"tick":294},{"sounds":[],"tick":295},{"sounds":[],"tick":296},{"sounds":[{"level":-1,"sound":0},{"level":1547,"sound":81}],"tick":297},{"sounds":[],"tick":298},{"sounds":[],"tick":299},{"sounds":[],"tick":300},{"sounds":[{"level":-1,"sound":0}],"tick":301},{"sounds":[],"tick":302},{"sounds":[],"tick":303},{"sounds":[],"tick":304},{"sounds":[{"level":-1,"sound":0},{"level":1554,"sound":81}],"tick":305},{"sounds":[],"tick":306},{"sounds":[{"level":-1,"sound":0}],"tick":307},{"sounds":[],"tick":308},{"sounds":[],"tick":309},{"sounds":[{"level":-1,"sound":0}],"tick":310},{"sounds":[],"tick":311},{"sounds":[],"tick":312},{"sounds":[{"level":-1,"sound":0},{"level":1559,"sound":81}],"tick":313},{"sounds":[],"tick":314},{"sounds":[],"tick":315},{"sounds":[{"level":-1,"sound":0}],"tick":316},{"sounds":[],"tick":317},{"sounds":[],"tick":318},{"sounds":[{"level":1550,"sound":81}],"tick":319},{"sounds":[],"tick":320},{"sounds":[],"tick":321},{"sounds":[],"tick":322},{"sounds":[],"tick":323},{"sounds":[],"tick":324},{"sounds":[],"tick":325},{"sounds":[],"tick":326},{"sounds":[],"tick":327},{"sounds":[],"tick":328},{"sounds":[{"level":1554,"sound":81}],"tick":329},{"sounds":[],"tick":330},{"sounds":[],"tick":331},{"sounds":[],"tick":332},{"sounds":[],"tick":333},{"sounds":[],"tick":334},{"sounds":[],"tick":335},{"sounds":[],"tick":336},{"sounds":[],"tick":337},{"sounds":[],"tick":338},{"sounds":[],"tick":339},{"sounds":[],"tick":340},{"sounds":[],"tick":341},{"sounds":[],"tick":342},{"sounds":[{"level":1559,"sound":81},{"level":-1,"sound":0}],"tick":343},{"sounds":[],"tick":344},{"sounds":[],"tick":345},{"sounds":[],"tick":346},{"sounds":[],"tick":347},{"sounds":[],"tick":348},{"sounds":[],"tick":349},{"sounds":[],"tick":350},{"sounds":[],"tick":351},{"sounds":[],"tick":352},{"sounds":[],"tick":353},{"sounds":[],"tick":354},{"sounds":[],"tick":355},{"sounds":[],"tick":356},{"sounds":[],"tick":357},{"sounds":[],"tick":358},{"sounds":[],"tick":359},{"sounds":[{"level":1547,"sound":81},{"level":-1,"sound":0},{"level":1559,"sound":81},{"level":1549,"sound":81}],"tick":360},{"sounds":[],"tick":361},{"sounds":[],"tick":362},{"sounds":[],"tick":363},{"sounds":[{"level":-1,"sound":0}],"tick":364},{"sounds":[],"tick":365},{"sounds":[],"tick":366},{"sounds":[],"tick":367},{"sounds":[],"tick":368},{"sounds":[],"tick":369},{"sounds":[{"level":-1,"sound":0},{"level":1554,"sound":81}],"tick":370},{"sounds":[],"tick":371},{"sounds":[],"tick":372},{"sounds":[],"tick":373},{"sounds":[],"tick":374},{"sounds":[{"level":-1,"sound":0}],"tick":375},{"sounds":[],"tick":376},{"sounds":[{"level":-1,"sound":0},{"level":1559,"sound":81}],"tick":377},{"sounds":[],"tick":378},{"sounds":[{"level":-1,"sound":0}],"tick":379},{"sounds":[],"tick":380},{"sounds":[],"tick":381},{"sounds":[],"tick":382},{"sounds":[{"level":-1,"sound":0}],"tick":383},{"sounds":[],"tick":384},{"sounds":[],"tick":385},{"sounds":[{"level":1550,"sound":81}],"tick":386},{"sounds":[],"tick":387},{"sounds":[],"tick":388},{"sounds":[],"tick":389},{"sounds":[],"tick":390},{"sounds":[],"tick":391},{"sounds":[],"tick":392},{"sounds":[],"tick":393},{"sounds":[{"level":1554,"sound":81},{"level":-1,"sound":0}],"tick":394},{"sounds":[],"tick":395},{"sounds":[],"tick":396},{"sounds":[{"level":-1,"sound":0}],"tick":397},{"sounds":[],"tick":398},{"sounds":[],"tick":399},{"sounds":[{"level":-1,"sound":0},{"level":1559,"sound":81}],"tick":400},{"sounds":[],"tick":401},{"sounds":[],"tick":402},{"sounds":[],"tick":403},{"sounds":[{"level":-1,"sound":0}],"tick":404},{"sounds":[],"tick":405},{"sounds":[],"tick":406},{"sounds":[],"tick":407},{"sounds":[],"tick":408},{"sounds":[],"tick":409},{"sounds":[],"tick":410},{"sounds":[{"level":1549,"sound":81},{"level":-1,"sound":0}],"tick":411},{"sounds":[],"tick":412},{"sounds":[],"tick":413},{"sounds":[],"tick":414},{"sounds":[],"tick":415},{"sounds":[{"level":1559,"sound":81},{"level":-1,"sound":0}],"tick":416},{"sounds":[],"tick":417},{"sounds":[],"tick":418},{"sounds":[],"tick":419},{"sounds":[{"level":-1,"sound":0}],"tick":420},{"sounds":[],"tick":421},{"sounds":[],"tick":422},{"sounds":[],"tick":423},{"sounds":[{"level":-1,"sound":0}],"tick":424},{"sounds":[],"tick":425},{"sounds":[],"tick":426},{"sounds":[{"level":-1,"sound":0},{"level":1547,"sound":81}],"tick":427},{"sounds":[],"tick":428},{"sounds":[],"tick":429},{"sounds":[],"tick":430},{"sounds":[{"level":-1,"sound":0}],"tick":431},{"sounds":[],"tick":432},{"sounds":[],"tick":433},{"sounds":[{"level":1554,"sound":81},{"level":-1,"sound":0}],"tick":434},{"sounds":[],"tick":435},{"sounds":[],"tick":436},{"sounds":[{"level":-1,"sound":0}],"tick":437},{"sounds":[],"tick":438},{"sounds":[],"tick":439},{"sounds":[],"tick":440},{"sounds":[{"level":-1,"sound":0},{"level":1559,"sound":81}],"tick":441},{"sounds":[],"tick":442},{"sounds":[],"tick":443},{"sounds":[],"tick":444},{"sounds":[],"tick":445},{"sounds":[{"level":-1,"sound":0}],"tick":446},{"sounds":[],"tick":447},{"sounds":[],"tick":448},{"sounds":[],"tick":449},{"sounds":[{"level":-1,"sound":0},{"level":1550,"sound":81}],"tick":450},{"sounds":[],"tick":451},{"sounds":[],"tick":452},{"sounds":[],"tick":453},{"sounds":[],"tick":454},{"sounds":[{"level":1554,"sound":81}],"tick":455},{"sounds":[],"tick":456},{"sounds":[],"tick":457},{"sounds":[],"tick":458},{"sounds":[],"tick":459},{"sounds":[{"level":-1,"sound":0}],"tick":460},{"sounds":[],"tick":461},{"sounds":[{"level":-1,"sound":0}],"tick":462},{"sounds":[],"tick":463},{"sounds":[],"tick":464},{"sounds":[],"tick":465},{"sounds":[{"level":-1,"sound":0},{"level":1559,"sound":81}],"tick":466},{"sounds":[],"tick":467},{"sounds":[],"tick":468},{"sounds":[{"level":-1,"sound":0}],"tick":469},{"sounds":[],"tick":470},{"sounds":[{"level":1549,"sound":81}],"tick":471},{"sounds":[],"tick":472},{"sounds":[],"tick":473},{"sounds":[],"tick":474},{"sounds":[],"tick":475},{"sounds":[],"tick":476},{"sounds":[],"tick":477},{"sounds":[{"level":-1,"sound":0}],"tick":478},{"sounds":[],"tick":479},{"sounds":[],"tick":480},{"sounds":[],"tick":481},{"sounds":[{"level":-1,"sound":0},{"level":1559,"sound":81}],"tick":482},{"sounds":[],"tick":483},{"sounds":[{"level":-1,"sound":0}],"tick":484},{"sounds":[],"tick":485},{"sounds":[],"tick":486},{"sounds":[],"tick":487},{"sounds":[{"level":1547,"sound":81}],"tick":488},{"sounds":[],"tick":489},{"sounds":[],"tick":490},{"sounds":[],"tick":491},{"sounds":[{"level":-1,"sound":0}],"tick":492},{"sounds":[],"tick":493},{"sounds":[{"level":-1,"sound":0}],"tick":494},{"sounds":[],"tick":495},{"sounds":[],"tick":496},{"sounds":[],"tick":497},{"sounds":[{"level":1554,"sound":81}],"tick":498},{"sounds":[],"tick":499},{"sounds":[],"tick":500},{"sounds":[{"level":-1,"sound":0}],"tick":501},{"sounds":[],"tick":502},{"sounds":[],"tick":503},{"sounds":[],"tick":504},{"sounds":[{"level":1559,"sound":81},{"level":-1,"sound":0}],"tick":505},{"sounds":[],"tick":506},{"sounds":[{"level":-1,"sound":0}],"tick":507},{"sounds":[],"tick":508},{"sounds":[],"tick":509},{"sounds":[],"tick":510},{"sounds":[{"level":-1,"sound":0}],"tick":511},{"sounds":[],"tick":512},{"sounds":[{"level":-1,"sound":0},{"level":1550,"sound":81}],"tick":513},{"sounds":[],"tick":514},{"sounds":[],"tick":515},{"sounds":[],"tick":516},{"sounds":[{"level":-1,"sound":0}],"tick":517},{"sounds":[],"tick":518},{"sounds":[],"tick":519},{"sounds":[],"tick":520},{"sounds":[{"level":-1,"sound":0},{"level":1549,"sound":81}],"tick":521},{"sounds":[],"tick":522},{"sounds":[{"level":-1,"sound":0}],"tick":523},{"sounds":[],"tick":524},{"sounds":[],"tick":525},{"sounds":[],"tick":526},{"sounds":[],"tick":527},{"sounds":[],"tick":528},{"sounds":[],"tick":529},{"sounds":[{"level":1557,"sound":81},{"level":-1,"sound":0}],"tick":530},{"sounds":[{"level":-1,"sound":0}],"tick":531},{"sounds":[],"tick":532},{"sounds":[],"tick":533},{"sounds":[],"tick":534},{"sounds":[],"tick":535},{"sounds":[{"level":-1,"sound":0},{"level":1549,"sound":81}],"tick":536},{"sounds":[],"tick":537},{"sounds":[],"tick":538},{"sounds":[],"tick":539},{"sounds":[{"level":-1,"sound":0}],"tick":540},{"sounds":[],"tick":541},{"sounds":[],"tick":542},{"sounds":[{"level":-1,"sound":0}],"tick":543},{"sounds":[],"tick":544},{"sounds":[],"tick":545},{"sounds":[],"tick":546},{"sounds":[{"level":-1,"sound":0}],"tick":547},{"sounds":[],"tick":548},{"sounds":[],"tick":549},{"sounds":[],"tick":550},{"sounds":[{"level":1547,"sound":81},{"level":-1,"sound":0}],"tick":551},{"sounds":[],"tick":552},{"sounds":[],"tick":553},{"sounds":[],"tick":554},{"sounds":[{"level":-1,"sound":0}],"tick":555},{"sounds":[],"tick":556},{"sounds":[],"tick":557},{"sounds":[],"tick":558},{"sounds":[],"tick":559},{"sounds":[],"tick":560},{"sounds":[{"level":-1,"sound":0},{"level":1554,"sound":81}],"tick":561},{"sounds":[],"tick":562},{"sounds":[],"tick":563},{"sounds":[],"tick":564},{"sounds":[],"tick":565},{"sounds":[],"tick":566},{"sounds":[],"tick":567},{"sounds":[],"tick":568},{"sounds":[{"level":1559,"sound":81},{"level":-1,"sound":0}],"tick":569},{"sounds":[],"tick":570},{"sounds":[],"tick":571},{"sounds":[],"tick":572},{"sounds":[],"tick":573},{"sounds":[],"tick":574},{"sounds":[{"level":1550,"sound":81},{"level":-1,"sound":0}],"tick":575},{"sounds":[],"tick":576},{"sounds":[],"tick":577},{"sounds":[],"tick":578},{"sounds":[],"tick":579},{"sounds":[],"tick":580},{"sounds":[],"tick":581},{"sounds":[],"tick":582},{"sounds":[],"tick":583},{"sounds":[{"level":1554,"sound":81},{"level":-1,"sound":0}],"tick":584},{"sounds":[],"tick":585},{"sounds":[{"level":-1,"sound":0}],"tick":586},{"sounds":[],"tick":587},{"sounds":[],"tick":588},{"sounds":[],"tick":589},{"sounds":[],"tick":590},{"sounds":[{"level":1559,"sound":81},{"level":-1,"sound":0}],"tick":591},{"sounds":[],"tick":592},{"sounds":[],"tick":593},{"sounds":[],"tick":594},{"sounds":[{"level":-1,"sound":0}],"tick":595},{"sounds":[],"tick":596},{"sounds":[],"tick":597},{"sounds":[],"tick":598},{"sounds":[],"tick":599},{"sounds":[],"tick":600},{"sounds":[{"level":1549,"sound":81},{"level":-1,"sound":0}],"tick":601},{"sounds":[],"tick":602},{"sounds":[],"tick":603},{"sounds":[],"tick":604},{"sounds":[{"level":-1,"sound":0}],"tick":605},{"sounds":[],"tick":606},{"sounds":[{"level":-1,"sound":0},{"level":1559,"sound":81}],"tick":607},{"sounds":[],"tick":608},{"sounds":[],"tick":609},{"sounds":[],"tick":610},{"sounds":[],"tick":611},{"sounds":[],"tick":612},{"sounds":[],"tick":613},{"sounds":[],"tick":614},{"sounds":[{"level":-1,"sound":0}],"tick":615},{"sounds":[],"tick":616},{"sounds":[{"level":1547,"sound":81}],"tick":617},{"sounds":[],"tick":618},{"sounds":[],"tick":619},{"sounds":[],"tick":620},{"sounds":[],"tick":621},{"sounds":[{"level":-1,"sound":0}],"tick":622},{"sounds":[],"tick":623},{"sounds":[],"tick":624},{"sounds":[],"tick":625},{"sounds":[],"tick":626},{"sounds":[],"tick":627},{"sounds":[{"level":-1,"sound":0},{"level":1554,"sound":81}],"tick":628},{"sounds":[],"tick":629},{"sounds":[],"tick":630},{"sounds":[],"tick":631},{"sounds":[],"tick":632},{"sounds":[{"level":1559,"sound":81},{"level":-1,"sound":0}],"tick":633},{"sounds":[],"tick":634},{"sounds":[],"tick":635},{"sounds":[],"tick":636},{"sounds":[],"tick":637},{"sounds":[],"tick":638},{"sounds":[],"tick":639},{"sounds":[],"tick":640},{"sounds":[],"tick":641},{"sounds":[{"level":1550,"sound":81},{"level":-1,"sound":0}],"tick":642},{"sounds":[],"tick":643},{"sounds":[],"tick":644},{"sounds":[],"tick":645},{"sounds":[{"level":-1,"sound":0}],"tick":646},{"sounds":[],"tick":647},{"sounds":[{"level":-1,"sound":0}],"tick":648},{"sounds":[],"tick":649},{"sounds":[],"tick":650},{"sounds":[],"tick":651},{"sounds":[],"tick":652},{"sounds":[{"level":-1,"sound":0},{"level":1554,"sound":81}],"tick":653},{"sounds":[],"tick":654},{"sounds":[{"level":-1,"sound":0}],"tick":655},{"sounds":[],"tick":656},{"sounds":[],"tick":657},{"sounds":[],"tick":658},{"sounds":[{"level":-1,"sound":0},{"level":1559,"sound":81}],"tick":659},{"sounds":[],"tick":660},{"sounds":[{"level":-1,"sound":0}],"tick":661},{"sounds":[],"tick":662},{"sounds":[],"tick":663},{"sounds":[{"level":-1,"sound":0},{"level":1549,"sound":81}],"tick":664},{"sounds":[],"tick":665},{"sounds":[],"tick":666},{"sounds":[],"tick":667},{"sounds":[],"tick":668},{"sounds":[],"tick":669},{"sounds":[{"level":-1,"sound":0}],"tick":670},{"sounds":[],"tick":671},{"sounds":[],"tick":672},{"sounds":[{"level":-1,"sound":0},{"level":1559,"sound":81}],"tick":673},{"sounds":[],"tick":674},{"sounds":[],"tick":675},{"sounds":[{"level":-1,"sound":0}],"tick":676},{"sounds":[],"tick":677},{"sounds":[{"level":-1,"sound":0}],"tick":678},{"sounds":[],"tick":679},{"sounds":[],"tick":680},{"sounds":[],"tick":681},{"sounds":[{"level":-1,"sound":0},{"level":1547,"sound":81}],"tick":682},{"sounds":[{"level":-1,"sound":0}],"tick":683},{"sounds":[],"tick":684},{"sounds":[],"tick":685},{"sounds":[],"tick":686},{"sounds":[{"level":-1,"sound":0},{"level":1554,"sound":81}],"tick":687},{"sounds":[],"tick":688},{"sounds":[],"tick":689},{"sounds":[],"tick":690},{"sounds":[{"level":-1,"sound":0}],"tick":691},{"sounds":[],"tick":692},{"sounds":[],"tick":693},{"sounds":[{"level":-1,"sound":0}],"tick":694},{"sounds":[],"tick":695},{"sounds":[],"tick":696},{"sounds":[{"level":-1,"sound":0},{"level":1559,"sound":81}],"tick":697},{"sounds":[],"tick":698},{"sounds":[{"level":-1,"sound":0}],"tick":699},{"sounds":[],"tick":700},{"sounds":[],"tick":701},{"sounds":[],"tick":702},{"sounds":[],"tick":703},{"sounds":[],"tick":704},{"sounds":[],"tick":705},{"sounds":[{"level":-1,"sound":0},{"level":1550,"sound":81}],"tick":706},{"sounds":[],"tick":707},{"sounds":[],"tick":708},{"sounds":[],"tick":709},{"sounds":[{"level":-1,"sound":0}],"tick":710},{"sounds":[],"tick":711},{"sounds":[{"level":1554,"sound":81},{"level":-1,"sound":0}],"tick":712},{"sounds":[],"tick":713},{"sounds":[],"tick":714},{"sounds":[],"tick":715},{"sounds":[],"tick":716},{"sounds":[],"tick":717},{"sounds":[{"level":-1,"sound":0}],"tick":718},{"sounds":[],"tick":719},{"sounds":[],"tick":720},{"sounds":[],"tick":721},{"sounds":[{"level":1559,"sound":81},{"level":-1,"sound":0}],"tick":722},{"sounds":[],"tick":723},{"sounds":[],"tick":724},{"sounds":[],"tick":725},{"sounds":[],"tick":726},{"sounds":[],"tick":727},{"sounds":[],"tick":728},{"sounds":[],"tick":729},{"sounds":[],"tick":730},{"sounds":[],"tick":731},{"sounds":[],"tick":732},{"sounds":[],"tick":733},{"sounds":[{"level":1549,"sound":81},{"level":-1,"sound":0}],"tick":734},{"sounds":[],"tick":735},{"sounds":[],"tick":736},{"sounds":[],"tick":737},{"sounds":[],"tick":738},{"sounds":[],"tick":739},{"sounds":[],"tick":740},{"sounds":[],"tick":741},{"sounds":[],"tick":742},{"sounds":[{"level":1559,"sound":81}],"tick":743},{"sounds":[],"tick":744},{"sounds":[],"tick":745},{"sounds":[],"tick":746},{"sounds":[{"level":1547,"sound":81},{"level":-1,"sound":0}],"tick":747},{"sounds":[],"tick":748},{"sounds":[],"tick":749},{"sounds":[],"tick":750},{"sounds":[],"tick":751},{"sounds":[],"tick":752},{"sounds":[],"tick":753},{"sounds":[],"tick":754},{"sounds":[],"tick":755},{"sounds":[],"tick":756},{"sounds":[],"tick":757},{"sounds":[{"level":1554,"sound":81},{"level":-1,"sound":0}],"tick":758},{"sounds":[],"tick":759},{"sounds":[],"tick":760},{"sounds":[],"tick":761},{"sounds":[],"tick":762},{"sounds":[],"tick":763},{"sounds":[{"level":-1,"sound":0},{"level":1559,"sound":81}],"tick":764},{"sounds":[],"tick":765},{"sounds":[],"tick":766},{"sounds":[],"tick":767},{"sounds":[],"tick":768},{"sounds":[],"tick":769},{"sounds":[],"tick":770},{"sounds":[{"level":1550,"sound":81},{"level":-1,"sound":0}],"tick":771},{"sounds":[],"tick":772},{"sounds":[],"tick":773},{"sounds":[{"level":-1,"sound":0}],"tick":774},{"sounds":[],"tick":775},{"sounds":[],"tick":776},{"sounds":[],"tick":777},{"sounds":[],"tick":778},{"sounds":[],"tick":779},{"sounds":[],"tick":780},{"sounds":[{"level":-1,"sound":0},{"level":1554,"sound":81}],"tick":781},{"sounds":[],"tick":782},{"sounds":[],"tick":783},{"sounds":[],"tick":784},{"sounds":[],"tick":785},{"sounds":[],"tick":786},{"sounds":[],"tick":787},{"sounds":[{"level":1559,"sound":81}],"tick":788},{"sounds":[],"tick":789},{"sounds":[],"tick":790},{"sounds":[{"level":1549,"sound":81}],"tick":791},{"sounds":[],"tick":792},{"sounds":[],"tick":793},{"sounds":[],"tick":794},{"sounds":[],"tick":795},{"sounds":[],"tick":796},{"sounds":[],"tick":797},{"sounds":[],"tick":798},{"sounds":[{"level":-1,"sound":0}],"tick":799},{"sounds":[],"tick":800},{"sounds":[],"tick":801},{"sounds":[],"tick":802},{"sounds":[],"tick":803},{"sounds":[],"tick":804},{"sounds":[],"tick":805},{"sounds":[],"tick":806},{"sounds":[],"tick":807},{"sounds":[],"tick":808},{"sounds":[],"tick":809},{"sounds":[],"tick":810},{"sounds":[],"tick":811},{"sounds":[],"tick":812},{"sounds":[{"level":1559,"sound":81}],"tick":813},{"sounds":[],"tick":814},{"sounds":[],"tick":815},{"sounds":[],"tick":816},{"sounds":[],"tick":817},{"sounds":[],"tick":818},{"sounds":[],"tick":819},{"sounds":[{"level":1547,"sound":81},{"level":-1,"sound":0}],"tick":820},{"sounds":[{"level":-1,"sound":0},{"level":1554,"sound":81}],"tick":821},{"sounds":[],"tick":822},{"sounds":[],"tick":823},{"sounds":[],"tick":824},{"sounds":[],"tick":825},{"sounds":[{"level":1559,"sound":81},{"level":-1,"sound":0}],"tick":826},{"sounds":[],"tick":827},{"sounds":[],"tick":828},{"sounds":[],"tick":829},{"sounds":[],"tick":830},{"sounds":[],"tick":831},{"sounds":[],"tick":832},{"sounds":[],"tick":833},{"sounds":[],"tick":834},{"sounds":[{"level":1550,"sound":81}],"tick":835},{"sounds":[],"tick":836},{"sounds":[],"tick":837},{"sounds":[],"tick":838},{"sounds":[{"level":-1,"sound":0}],"tick":839},{"sounds":[],"tick":840},{"sounds":[],"tick":841},{"sounds":[],"tick":842},{"sounds":[{"level":-1,"sound":0},{"level":1554,"sound":81}],"tick":843},{"sounds":[],"tick":844},{"sounds":[{"level":-1,"sound":0}],"tick":845},{"sounds":[],"tick":846},{"sounds":[],"tick":847},{"sounds":[],"tick":848},{"sounds":[],"tick":849},{"sounds":[{"level":-1,"sound":0},{"level":1559,"sound":81}],"tick":850},{"sounds":[],"tick":851},{"sounds":[{"level":-1,"sound":0}],"tick":852},{"sounds":[],"tick":853},{"sounds":[],"tick":854},{"sounds":[],"tick":855},{"sounds":[],"tick":856},{"sounds":[{"level":-1,"sound":0},{"level":1549,"sound":81}],"tick":857},{"sounds":[],"tick":858},{"sounds":[],"tick":859},{"sounds":[{"level":-1,"sound":0}],"tick":860},{"sounds":[],"tick":861},{"sounds":[{"level":-1,"sound":0}],"tick":862},{"sounds":[],"tick":863},{"sounds":[],"tick":864},{"sounds":[],"tick":865},{"sounds":[{"level":-1,"sound":0},{"level":1559,"sound":81}],"tick":866},{"sounds":[],"tick":867},{"sounds":[{"level":-1,"sound":0}],"tick":868},{"sounds":[],"tick":869},{"sounds":[],"tick":870},{"sounds":[],"tick":871},{"sounds":[{"level":-1,"sound":0},{"level":1547,"sound":81}],"tick":872},{"sounds":[],"tick":873},{"sounds":[{"level":-1,"sound":0}],"tick":874},{"sounds":[],"tick":875},{"sounds":[],"tick":876},{"sounds":[{"level":-1,"sound":0}],"tick":877},{"sounds":[],"tick":878},{"sounds":[],"tick":879},{"sounds":[],"tick":880},{"sounds":[{"level":-1,"sound":0},{"level":1554,"sound":81}],"tick":881},{"sounds":[],"tick":882},{"sounds":[{"level":-1,"sound":0}],"tick":883},{"sounds":[],"tick":884},{"sounds":[{"level":-1,"sound":0}],"tick":885},{"sounds":[],"tick":886},{"sounds":[],"tick":887},{"sounds":[{"level":-1,"sound":0},{"level":1559,"sound":81}],"tick":888},{"sounds":[],"tick":889},{"sounds":[],"tick":890},{"sounds":[],"tick":891},{"sounds":[{"level":-1,"sound":0}],"tick":892},{"sounds":[],"tick":893},{"sounds":[{"level":-1,"sound":0}],"tick":894},{"sounds":[],"tick":895},{"sounds":[{"level":-1,"sound":0},{"level":1550,"sound":81}],"tick":896},{"sounds":[],"tick":897},{"sounds":[],"tick":898},{"sounds":[],"tick":899},{"sounds":[],"tick":900},{"sounds":[{"level":-1,"sound":0}],"tick":901},{"sounds":[{"level":1554,"sound":81},{"level":-1,"sound":0}],"tick":902},{"sounds":[],"tick":903},{"sounds":[{"level":-1,"sound":0}],"tick":904},{"sounds":[],"tick":905},{"sounds":[],"tick":906},{"sounds":[],"tick":907},{"sounds":[{"level":-1,"sound":0}],"tick":908},{"sounds":[],"tick":909},{"sounds":[],"tick":910},{"sounds":[{"level":-1,"sound":0},{"level":1559,"sound":81}],"tick":911},{"sounds":[],"tick":912},{"sounds":[{"level":-1,"sound":0}],"tick":913},{"sounds":[],"tick":914},{"sounds":[],"tick":915},{"sounds":[],"tick":916},{"sounds":[],"tick":917},{"sounds":[{"level":-1,"sound":0}],"tick":918},{"sounds":[],"tick":919},{"sounds":[{"level":-1,"sound":0},{"level":1549,"sound":81}],"tick":920},{"sounds":[],"tick":921},{"sounds":[{"level":-1,"sound":0}],"tick":922},{"sounds":[],"tick":923},{"sounds":[],"tick":924},{"sounds":[],"tick":925},{"sounds":[],"tick":926},{"sounds":[],"tick":927},{"sounds":[{"level":1559,"sound":81}],"tick":928},{"sounds":[],"tick":929},{"sounds":[],"tick":930},{"sounds":[],"tick":931},{"sounds":[],"tick":932},{"sounds":[],"tick":933},{"sounds":[],"tick":934},{"sounds":[],"tick":935},{"sounds":[{"level":1547,"sound":81}],"tick":936},{"sounds":[],"tick":937},{"sounds":[{"level":-1,"sound":0}],"tick":938},{"sounds":[],"tick":939},{"sounds":[],"tick":940},{"sounds":[],"tick":941},{"sounds":[{"level":-1,"sound":0}],"tick":942},{"sounds":[],"tick":943},{"sounds":[{"level":1554,"sound":81}],"tick":944},{"sounds":[],"tick":945},{"sounds":[],"tick":946},{"sounds":[{"level":-1,"sound":0}],"tick":947},{"sounds":[],"tick":948},{"sounds":[{"level":-1,"sound":0}],"tick":949},{"sounds":[],"tick":950},{"sounds":[],"tick":951},{"sounds":[{"level":-1,"sound":0},{"level":1559,"sound":81}],"tick":952},{"sounds":[],"tick":953},{"sounds":[],"tick":954},{"sounds":[],"tick":955},{"sounds":[{"level":-1,"sound":0}],"tick":956},{"sounds":[],"tick":957},{"sounds":[],"tick":958},{"sounds":[],"tick":959},{"sounds":[{"level":-1,"sound":0},{"level":1550,"sound":81}],"tick":960},{"sounds":[],"tick":961},{"sounds":[{"level":-1,"sound":0}],"tick":962},{"sounds":[],"tick":963},{"sounds":[],"tick":964},{"sounds":[{"level":-1,"sound":0}],"tick":965},{"sounds":[],"tick":966},{"sounds":[],"tick":967},{"sounds":[],"tick":968},{"sounds":[{"level":-1,"sound":0},{"level":1554,"sound":81}],"tick":969},{"sounds":[{"level":-1,"sound":0}],"tick":970},{"sounds":[],"tick":971},{"sounds":[],"tick":972},{"sounds":[],"tick":973},{"sounds":[],"tick":974},{"sounds":[{"level":1559,"sound":81},{"level":-1,"sound":0}],"tick":975},{"sounds":[],"tick":976},{"sounds":[],"tick":977},{"sounds":[],"tick":978},{"sounds":[{"level":-1,"sound":0}],"tick":979},{"sounds":[],"tick":980},{"sounds":[],"tick":981},{"sounds":[{"level":-1,"sound":0}],"tick":982},{"sounds":[],"tick":983},{"sounds":[{"level":-1,"sound":0},{"level":1549,"sound":81}],"tick":984},{"sounds":[],"tick":985},{"sounds":[],"tick":986},{"sounds":[],"tick":987},{"sounds":[{"level":-1,"sound":0}],"tick":988},{"sounds":[],"tick":989},{"sounds":[],"tick":990},{"sounds":[{"level":-1,"sound":0}],"tick":991},{"sounds":[{"level":-1,"sound":0},{"level":1559,"sound":81}],"tick":992},{"sounds":[],"tick":993},{"sounds":[],"tick":994},{"sounds":[],"tick":995},{"sounds":[{"level":-1,"sound":0}],"tick":996},{"sounds":[],"tick":997},{"sounds":[],"tick":998},{"sounds":[],"tick":999},{"sounds":[{"level":-1,"sound":0},{"level":1547,"sound":81}],"tick":1000},{"sounds":[],"tick":1001},{"sounds":[{"level":-1,"sound":0}],"tick":1002},{"sounds":[],"tick":1003},{"sounds":[],"tick":1004},{"sounds":[],"tick":1005},{"sounds":[{"level":-1,"sound":0}],"tick":1006},{"sounds":[],"tick":1007},{"sounds":[],"tick":1008},{"sounds":[],"tick":1009},{"sounds":[{"level":-1,"sound":0},{"level":1554,"sound":81}],"tick":1010},{"sounds":[{"level":-1,"sound":0}],"tick":1011},{"sounds":[],"tick":1012},{"sounds":[],"tick":1013},{"sounds":[],"tick":1014},{"sounds":[{"level":-1,"sound":0}],"tick":1015},{"sounds":[],"tick":1016},{"sounds":[],"tick":1017},{"sounds":[{"level":-1,"sound":0},{"level":1559,"sound":81}],"tick":1018},{"sounds":[],"tick":1019},{"sounds":[{"level":-1,"sound":0}],"tick":1020},{"sounds":[],"tick":1021},{"sounds":[],"tick":1022},{"sounds":[],"tick":1023},{"sounds":[{"level":-1,"sound":0},{"level":1550,"sound":81}],"tick":1024},{"sounds":[],"tick":1025},{"sounds":[],"tick":1026},{"sounds":[],"tick":1027},{"sounds":[],"tick":1028},{"sounds":[],"tick":1029},{"sounds":[{"level":-1,"sound":0}],"tick":1030},{"sounds":[],"tick":1031},{"sounds":[{"level":1549,"sound":81}],"tick":1032},{"sounds":[],"tick":1033},{"sounds":[],"tick":1034},{"sounds":[],"tick":1035},{"sounds":[],"tick":1036},{"sounds":[],"tick":1037},{"sounds":[],"tick":1038},{"sounds":[],"tick":1039},{"sounds":[],"tick":1040},{"sounds":[],"tick":1041},{"sounds":[],"tick":1042},{"sounds":[],"tick":1043},{"sounds":[],"tick":1044},{"sounds":[{"level":1557,"sound":81},{"level":-1,"sound":0}],"tick":1045},{"sounds":[],"tick":1046},{"sounds":[{"level":-1,"sound":0},{"level":1549,"sound":81}],"tick":1047},{"sounds":[],"tick":1048},{"sounds":[],"tick":1049},{"sounds":[],"tick":1050},{"sounds":[{"level":-1,"sound":0}],"tick":1051},{"sounds":[],"tick":1052},{"sounds":[],"tick":1053},{"sounds":[],"tick":1054},{"sounds":[],"tick":1055},{"sounds":[{"level":-1,"sound":0}],"tick":1056},{"sounds":[],"tick":1057},{"sounds":[{"level":-1,"sound":0}],"tick":1058},{"sounds":[{"level":-1,"sound":0}],"tick":1059},{"sounds":[],"tick":1060},{"sounds":[],"tick":1061},{"sounds":[],"tick":1062},{"sounds":[{"level":1547,"sound":81},{"level":-1,"sound":0}],"tick":1063},{"sounds":[],"tick":1064},{"sounds":[],"tick":1065},{"sounds":[{"level":-1,"sound":0}],"tick":1066},{"sounds":[],"tick":1067},{"sounds":[],"tick":1068},{"sounds":[],"tick":1069},{"sounds":[],"tick":1070},{"sounds":[],"tick":1071},{"sounds":[{"level":-1,"sound":0}],"tick":1072},{"sounds":[],"tick":1073},{"sounds":[{"level":1554,"sound":81}],"tick":1074},{"sounds":[],"tick":1075},{"sounds":[],"tick":1076},{"sounds":[],"tick":1077},{"sounds":[{"level":-1,"sound":0}],"tick":1078},{"sounds":[],"tick":1079},{"sounds":[{"level":-1,"sound":0},{"level":1559,"sound":81}],"tick":1080},{"sounds":[],"tick":1081},{"sounds":[],"tick":1082},{"sounds":[],"tick":1083},{"sounds":[],"tick":1084},{"sounds":[{"level":-1,"sound":0}],"tick":1085},{"sounds":[],"tick":1086},{"sounds":[],"tick":1087},{"sounds":[],"tick":1088},{"sounds":[{"level":-1,"sound":0},{"level":1550,"sound":81}],"tick":1089},{"sounds":[],"tick":1090},{"sounds":[{"level":-1,"sound":0}],"tick":1091},{"sounds":[],"tick":1092},{"sounds":[],"tick":1093},{"sounds":[],"tick":1094},{"sounds":[{"level":-1,"sound":0}],"tick":1095},{"sounds":[],"tick":1096},{"sounds":[{"level":-1,"sound":0},{"level":1554,"sound":81}],"tick":1097},{"sounds":[],"tick":1098},{"sounds":[],"tick":1099},{"sounds":[],"tick":1100},{"sounds":[{"level":-1,"sound":0}],"tick":1101},{"sounds":[],"tick":1102},{"sounds":[{"level":-1,"sound":0},{"level":1559,"sound":81}],"tick":1103},{"sounds":[],"tick":1104},{"sounds":[],"tick":1105},{"sounds":[],"tick":1106},{"sounds":[{"level":-1,"sound":0}],"tick":1107},{"sounds":[],"tick":1108},{"sounds":[{"level":-1,"sound":0}],"tick":1109},{"sounds":[],"tick":1110},{"sounds":[],"tick":1111},{"sounds":[{"level":-1,"sound":0},{"level":1549,"sound":81}],"tick":1112},{"sounds":[],"tick":1113},{"sounds":[{"level":-1,"sound":0}],"tick":1114},{"sounds":[],"tick":1115},{"sounds":[],"tick":1116},{"sounds":[],"tick":1117},{"sounds":[{"level":-1,"sound":0}],"tick":1118},{"sounds":[],"tick":1119},{"sounds":[{"level":-1,"sound":0},{"level":1559,"sound":81}],"tick":1120},{"sounds":[],"tick":1121},{"sounds":[],"tick":1122},{"sounds":[],"tick":1123},{"sounds":[{"level":-1,"sound":0}],"tick":1124},{"sounds":[],"tick":1125},{"sounds":[],"tick":1126},{"sounds":[],"tick":1127},{"sounds":[],"tick":1128},{"sounds":[],"tick":1129},{"sounds":[],"tick":1130},{"sounds":[],"tick":1131},{"sounds":[{"level":-1,"sound":0},{"level":1547,"sound":81}],"tick":1132},{"sounds":[],"tick":1133},{"sounds":[],"tick":1134},{"sounds":[],"tick":1135},{"sounds":[],"tick":1136},{"sounds":[],"tick":1137},{"sounds":[],"tick":1138},{"sounds":[{"level":1554,"sound":81},{"level":-1,"sound":0}],"tick":1139},{"sounds":[],"tick":1140},{"sounds":[{"level":-1,"sound":0}],"tick":1141},{"sounds":[],"tick":1142},{"sounds":[],"tick":1143},{"sounds":[],"tick":1144},{"sounds":[],"tick":1145},{"sounds":[],"tick":1146},{"sounds":[],"tick":1147},{"sounds":[{"level":-1,"sound":0},{"level":1559,"sound":81}],"tick":1148},{"sounds":[],"tick":1149},{"sounds":[],"tick":1150},{"sounds":[],"tick":1151},{"sounds":[],"tick":1152},{"sounds":[],"tick":1153},{"sounds":[{"level":-1,"sound":0},{"level":1550,"sound":81}],"tick":1154},{"sounds":[],"tick":1155},{"sounds":[],"tick":1156},{"sounds":[],"tick":1157},{"sounds":[],"tick":1158},{"sounds":[],"tick":1159},{"sounds":[],"tick":1160},{"sounds":[{"level":1554,"sound":81},{"level":-1,"sound":0}],"tick":1161},{"sounds":[],"tick":1162},{"sounds":[],"tick":1163},{"sounds":[{"level":-1,"sound":0}],"tick":1164},{"sounds":[],"tick":1165},{"sounds":[],"tick":1166},{"sounds":[],"tick":1167},{"sounds":[],"tick":1168},{"sounds":[{"level":-1,"sound":0},{"level":1559,"sound":81}],"tick":1169},{"sounds":[],"tick":1170},{"sounds":[{"level":-1,"sound":0}],"tick":1171},{"sounds":[],"tick":1172},{"sounds":[],"tick":1173},{"sounds":[],"tick":1174},{"sounds":[],"tick":1175},{"sounds":[],"tick":1176},{"sounds":[{"level":1549,"sound":81},{"level":-1,"sound":0}],"tick":1177},{"sounds":[],"tick":1178},{"sounds":[],"tick":1179},{"sounds":[{"level":-1,"sound":0}],"tick":1180},{"sounds":[],"tick":1181},{"sounds":[],"tick":1182},{"sounds":[],"tick":1183},{"sounds":[{"level":1559,"sound":81},{"level":-1,"sound":0}],"tick":1184},{"sounds":[],"tick":1185},{"sounds":[],"tick":1186},{"sounds":[],"tick":1187},{"sounds":[],"tick":1188},{"sounds":[{"level":-1,"sound":0}],"tick":1189},{"sounds":[],"tick":1190},{"sounds":[],"tick":1191},{"sounds":[{"level":-1,"sound":0},{"level":1547,"sound":81}],"tick":1192},{"sounds":[],"tick":1193},{"sounds":[],"tick":1194},{"sounds":[],"tick":1195},{"sounds":[],"tick":1196},{"sounds":[],"tick":1197},{"sounds":[{"level":-1,"sound":0}],"tick":1198},{"sounds":[],"tick":1199},{"sounds":[],"tick":1200},{"sounds":[{"level":-1,"sound":0},{"level":1554,"sound":81}],"tick":1201},{"sounds":[],"tick":1202},{"sounds":[],"tick":1203},{"sounds":[],"tick":1204},{"sounds":[],"tick":1205},{"sounds":[],"tick":1206},{"sounds":[{"level":-1,"sound":0}],"tick":1207},{"sounds":[],"tick":1208},{"sounds":[],"tick":1209},{"sounds":[{"level":-1,"sound":0},{"level":1559,"sound":81}],"tick":1210},{"sounds":[],"tick":1211},{"sounds":[{"level":-1,"sound":0}],"tick":1212},{"sounds":[],"tick":1213},{"sounds":[],"tick":1214},{"sounds":[],"tick":1215},{"sounds":[],"tick":1216},{"sounds":[{"level":-1,"sound":0},{"level":1550,"sound":81}],"tick":1217},{"sounds":[],"tick":1218},{"sounds":[],"tick":1219},{"sounds":[],"tick":1220},{"sounds":[{"level":-1,"sound":0}],"tick":1221},{"sounds":[],"tick":1222},{"sounds":[],"tick":1223},{"sounds":[],"tick":1224},{"sounds":[],"tick":1225},{"sounds":[{"level":-1,"sound":0},{"level":1554,"sound":81}],"tick":1226},{"sounds":[],"tick":1227},{"sounds":[{"level":-1,"sound":0}],"tick":1228},{"sounds":[],"tick":1229},{"sounds":[],"tick":1230},{"sounds":[],"tick":1231},{"sounds":[],"tick":1232},{"sounds":[],"tick":1233},{"sounds":[{"level":-1,"sound":0},{"level":1559,"sound":81}],"tick":1234},{"sounds":[],"tick":1235},{"sounds":[],"tick":1236},{"sounds":[],"tick":1237},{"sounds":[],"tick":1238},{"sounds":[{"level":-1,"sound":0}],"tick":1239},{"sounds":[],"tick":1240},{"sounds":[],"tick":1241},{"sounds":[],"tick":1242},{"sounds":[],"tick":1243},{"sounds":[],"tick":1244},{"sounds":[{"level":-1,"sound":0},{"level":1549,"sound":81}],"tick":1245},{"sounds":[],"tick":1246},{"sounds":[{"level":-1,"sound":0}],"tick":1247},{"sounds":[],"tick":1248},{"sounds":[],"tick":1249},{"sounds":[{"level":-1,"sound":0},{"level":1559,"sound":81}],"tick":1250},{"sounds":[],"tick":1251},{"sounds":[],"tick":1252},{"sounds":[],"tick":1253},{"sounds":[],"tick":1254},{"sounds":[{"level":-1,"sound":0}],"tick":1255},{"sounds":[],"tick":1256},{"sounds":[],"tick":1257},{"sounds":[],"tick":1258},{"sounds":[],"tick":1259},{"sounds":[{"level":-1,"sound":0},{"level":1547,"sound":81}],"tick":1260},{"sounds":[],"tick":1261},{"sounds":[{"level":-1,"sound":0}],"tick":1262},{"sounds":[],"tick":1263},{"sounds":[],"tick":1264},{"sounds":[],"tick":1265},{"sounds":[{"level":-1,"sound":0},{"level":1554,"sound":81}],"tick":1266},{"sounds":[],"tick":1267},{"sounds":[],"tick":1268},{"sounds":[],"tick":1269},{"sounds":[],"tick":1270},{"sounds":[{"level":-1,"sound":0}],"tick":1271},{"sounds":[],"tick":1272},{"sounds":[],"tick":1273},{"sounds":[],"tick":1274},{"sounds":[{"level":-1,"sound":0},{"level":1559,"sound":81}],"tick":1275},{"sounds":[],"tick":1276},{"sounds":[],"tick":1277},{"sounds":[],"tick":1278},{"sounds":[{"level":-1,"sound":0}],"tick":1279},{"sounds":[],"tick":1280},{"sounds":[],"tick":1281},{"sounds":[{"level":1550,"sound":81}],"tick":1282},{"sounds":[],"tick":1283},{"sounds":[],"tick":1284},{"sounds":[],"tick":1285},{"sounds":[],"tick":1286},{"sounds":[{"level":-1,"sound":0}],"tick":1287},{"sounds":[],"tick":1288},{"sounds":[],"tick":1289},{"sounds":[],"tick":1290},{"sounds":[],"tick":1291},{"sounds":[{"level":1554,"sound":81},{"level":-1,"sound":0}],"tick":1292},{"sounds":[],"tick":1293},{"sounds":[{"level":-1,"sound":0},{"level":1559,"sound":81}],"tick":1294},{"sounds":[],"tick":1295},{"sounds":[],"tick":1296},{"sounds":[],"tick":1297},{"sounds":[],"tick":1298},{"sounds":[{"level":-1,"sound":0}],"tick":1299},{"sounds":[],"tick":1300},{"sounds":[],"tick":1301},{"sounds":[],"tick":1302},{"sounds":[{"level":1549,"sound":81},{"level":-1,"sound":0}],"tick":1303},{"sounds":[],"tick":1304},{"sounds":[],"tick":1305},{"sounds":[],"tick":1306},{"sounds":[],"tick":1307},{"sounds":[],"tick":1308},{"sounds":[{"level":-1,"sound":0}],"tick":1309},{"sounds":[],"tick":1310},{"sounds":[{"level":1559,"sound":81},{"level":-1,"sound":0}],"tick":1311},{"sounds":[],"tick":1312},{"sounds":[],"tick":1313},{"sounds":[],"tick":1314},{"sounds":[],"tick":1315},{"sounds":[],"tick":1316},{"sounds":[],"tick":1317},{"sounds":[],"tick":1318},{"sounds":[],"tick":1319},{"sounds":[],"tick":1320},{"sounds":[{"level":1547,"sound":81},{"level":-1,"sound":0}],"tick":1321},{"sounds":[],"tick":1322},{"sounds":[],"tick":1323},{"sounds":[],"tick":1324},{"sounds":[{"level":-1,"sound":0}],"tick":1325},{"sounds":[],"tick":1326},{"sounds":[],"tick":1327},{"sounds":[],"tick":1328},{"sounds":[],"tick":1329},{"sounds":[],"tick":1330},{"sounds":[],"tick":1331},{"sounds":[],"tick":1332},{"sounds":[],"tick":1333},{"sounds":[{"level":-1,"sound":0},{"level":1554,"sound":81}],"tick":1334},{"sounds":[],"tick":1335},{"sounds":[],"tick":1336},{"sounds":[],"tick":1337},{"sounds":[],"tick":1338},{"sounds":[{"level":-1,"sound":0},{"level":1559,"sound":81}],"tick":1339},{"sounds":[],"tick":1340},{"sounds":[],"tick":1341},{"sounds":[],"tick":1342},{"sounds":[],"tick":1343},{"sounds":[],"tick":1344},{"sounds":[],"tick":1345},{"sounds":[{"level":1550,"sound":81},{"level":-1,"sound":0}],"tick":1346},{"sounds":[],"tick":1347},{"sounds":[],"tick":1348},{"sounds":[],"tick":1349},{"sounds":[],"tick":1350},{"sounds":[],"tick":1351},{"sounds":[],"tick":1352},{"sounds":[],"tick":1353},{"sounds":[],"tick":1354},{"sounds":[{"level":1554,"sound":81}],"tick":1355},{"sounds":[],"tick":1356},{"sounds":[],"tick":1357},{"sounds":[],"tick":1358},{"sounds":[],"tick":1359},{"sounds":[],"tick":1360},{"sounds":[{"level":1559,"sound":81},{"level":-1,"sound":0}],"tick":1361},{"sounds":[],"tick":1362},{"sounds":[],"tick":1363},{"sounds":[],"tick":1364},{"sounds":[],"tick":1365},{"sounds":[],"tick":1366},{"sounds":[],"tick":1367},{"sounds":[],"tick":1368},{"sounds":[{"level":1549,"sound":81},{"level":-1,"sound":0}],"tick":1369},{"sounds":[],"tick":1370},{"sounds":[],"tick":1371},{"sounds":[],"tick":1372},{"sounds":[],"tick":1373},{"sounds":[],"tick":1374},{"sounds":[{"level":1559,"sound":81},{"level":-1,"sound":0}],"tick":1375},{"sounds":[],"tick":1376},{"sounds":[],"tick":1377},{"sounds":[],"tick":1378},{"sounds":[],"tick":1379},{"sounds":[],"tick":1380},{"sounds":[{"level":-1,"sound":0}],"tick":1381},{"sounds":[],"tick":1382},{"sounds":[{"level":-1,"sound":0},{"level":1547,"sound":81}],"tick":1383},{"sounds":[],"tick":1384},{"sounds":[],"tick":1385},{"sounds":[],"tick":1386},{"sounds":[],"tick":1387},{"sounds":[],"tick":1388},{"sounds":[],"tick":1389},{"sounds":[],"tick":1390},{"sounds":[{"level":-1,"sound":0}],"tick":1391},{"sounds":[],"tick":1392},{"sounds":[{"level":1554,"sound":81},{"level":-1,"sound":0}],"tick":1393},{"sounds":[],"tick":1394},{"sounds":[],"tick":1395},{"sounds":[],"tick":1396},{"sounds":[{"level":-1,"sound":0}],"tick":1397},{"sounds":[],"tick":1398},{"sounds":[],"tick":1399},{"sounds":[],"tick":1400},{"sounds":[{"level":-1,"sound":0},{"level":1559,"sound":81}],"tick":1401},{"sounds":[],"tick":1402},{"sounds":[],"tick":1403},{"sounds":[],"tick":1404},{"sounds":[],"tick":1405},{"sounds":[],"tick":1406},{"sounds":[{"level":1550,"sound":81},{"level":-1,"sound":0}],"tick":1407},{"sounds":[],"tick":1408},{"sounds":[],"tick":1409},{"sounds":[],"tick":1410},{"sounds":[],"tick":1411},{"sounds":[],"tick":1412},{"sounds":[],"tick":1413},{"sounds":[],"tick":1414},{"sounds":[],"tick":1415},{"sounds":[],"tick":1416},{"sounds":[{"level":1554,"sound":81}],"tick":1417},{"sounds":[],"tick":1418},{"sounds":[{"level":-1,"sound":0}],"tick":1419},{"sounds":[],"tick":1420},{"sounds":[],"tick":1421},{"sounds":[],"tick":1422},{"sounds":[],"tick":1423},{"sounds":[],"tick":1424},{"sounds":[],"tick":1425},{"sounds":[{"level":1559,"sound":81}],"tick":1426},{"sounds":[],"tick":1427},{"sounds":[],"tick":1428},{"sounds":[],"tick":1429},{"sounds":[],"tick":1430},{"sounds":[{"level":1549,"sound":81}],"tick":1431},{"sounds":[],"tick":1432},{"sounds":[],"tick":1433},{"sounds":[],"tick":1434},{"sounds":[],"tick":1435},{"sounds":[],"tick":1436},{"sounds":[],"tick":1437},{"sounds":[{"level":-1,"sound":0}],"tick":1438},{"sounds":[],"tick":1439},{"sounds":[],"tick":1440},{"sounds":[],"tick":1441},{"sounds":[{"level":1559,"sound":81}],"tick":1442},{"sounds":[{"level":-1,"sound":0}],"tick":1443},{"sounds":[],"tick":1444},{"sounds":[],"tick":1445},{"sounds":[],"tick":1446},{"sounds":[],"tick":1447},{"sounds":[],"tick":1448},{"sounds":[{"level":1547,"sound":81},{"level":-1,"sound":0}],"tick":1449},{"sounds":[],"tick":1450},{"sounds":[],"tick":1451},{"sounds":[],"tick":1452},{"sounds":[],"tick":1453},{"sounds":[],"tick":1454},{"sounds":[],"tick":1455},{"sounds":[{"level":-1,"sound":0}],"tick":1456},{"sounds":[],"tick":1457},{"sounds":[{"level":1554,"sound":81},{"level":-1,"sound":0}],"tick":1458},{"sounds":[],"tick":1459},{"sounds":[],"tick":1460},{"sounds":[],"tick":1461},{"sounds":[],"tick":1462},{"sounds":[],"tick":1463},{"sounds":[],"tick":1464},{"sounds":[{"level":1559,"sound":81},{"level":-1,"sound":0}],"tick":1465},{"sounds":[],"tick":1466},{"sounds":[],"tick":1467},{"sounds":[],"tick":1468},{"sounds":[{"level":-1,"sound":0}],"tick":1469},{"sounds":[],"tick":1470},{"sounds":[],"tick":1471},{"sounds":[{"level":-1,"sound":0},{"level":1550,"sound":81}],"tick":1472},{"sounds":[],"tick":1473},{"sounds":[],"tick":1474},{"sounds":[],"tick":1475},{"sounds":[],"tick":1476},{"sounds":[],"tick":1477},{"sounds":[],"tick":1478},{"sounds":[{"level":1554,"sound":81},{"level":-1,"sound":0}],"tick":1479},{"sounds":[],"tick":1480},{"sounds":[],"tick":1481},{"sounds":[{"level":-1,"sound":0}],"tick":1482},{"sounds":[],"tick":1483},{"sounds":[],"tick":1484},{"sounds":[],"tick":1485},{"sounds":[],"tick":1486},{"sounds":[{"level":-1,"sound":0}],"tick":1487},{"sounds":[],"tick":1488},{"sounds":[{"level":-1,"sound":0},{"level":1559,"sound":81}],"tick":1489},{"sounds":[],"tick":1490},{"sounds":[],"tick":1491},{"sounds":[],"tick":1492},{"sounds":[{"level":-1,"sound":0}],"tick":1493},{"sounds":[],"tick":1494},{"sounds":[{"level":-1,"sound":0},{"level":1549,"sound":81}],"tick":1495},{"sounds":[],"tick":1496},{"sounds":[],"tick":1497},{"sounds":[],"tick":1498},{"sounds":[{"level":-1,"sound":0}],"tick":1499},{"sounds":[],"tick":1500},{"sounds":[{"level":-1,"sound":0}],"tick":1501},{"sounds":[],"tick":1502},{"sounds":[],"tick":1503},{"sounds":[],"tick":1504},{"sounds":[],"tick":1505},{"sounds":[{"level":-1,"sound":0},{"level":1559,"sound":81}],"tick":1506},{"sounds":[],"tick":1507},{"sounds":[{"level":-1,"sound":0}],"tick":1508},{"sounds":[],"tick":1509},{"sounds":[],"tick":1510},{"sounds":[],"tick":1511},{"sounds":[],"tick":1512},{"sounds":[],"tick":1513},{"sounds":[],"tick":1514},{"sounds":[],"tick":1515},{"sounds":[],"tick":1516},{"sounds":[{"level":1547,"sound":81},{"level":-1,"sound":0}],"tick":1517},{"sounds":[],"tick":1518},{"sounds":[],"tick":1519},{"sounds":[],"tick":1520},{"sounds":[],"tick":1521},{"sounds":[],"tick":1522},{"sounds":[{"level":-1,"sound":0},{"level":1554,"sound":81}],"tick":1523},{"sounds":[],"tick":1524},{"sounds":[],"tick":1525},{"sounds":[],"tick":1526},{"sounds":[{"level":1559,"sound":81},{"level":-1,"sound":0}],"tick":1527},{"sounds":[],"tick":1528},{"sounds":[],"tick":1529},{"sounds":[{"level":-1,"sound":0}],"tick":1530},{"sounds":[],"tick":1531},{"sounds":[],"tick":1532},{"sounds":[{"level":-1,"sound":0}],"tick":1533},{"sounds":[],"tick":1534},{"sounds":[],"tick":1535},{"sounds":[],"tick":1536},{"sounds":[],"tick":1537},{"sounds":[{"level":-1,"sound":0},{"level":1550,"sound":81}],"tick":1538},{"sounds":[],"tick":1539},{"sounds":[{"level":-1,"sound":0}],"tick":1540},{"sounds":[],"tick":1541},{"sounds":[],"tick":1542},{"sounds":[],"tick":1543},{"sounds":[{"level":1549,"sound":81},{"level":-1,"sound":0}],"tick":1544},{"sounds":[],"tick":1545},{"sounds":[{"level":-1,"sound":0}],"tick":1546},{"sounds":[],"tick":1547},{"sounds":[{"level":-1,"sound":0}],"tick":1548},{"sounds":[],"tick":1549},{"sounds":[],"tick":1550},{"sounds":[],"tick":1551},{"sounds":[],"tick":1552},{"sounds":[{"level":-1,"sound":0},{"level":1557,"sound":81}],"tick":1553},{"sounds":[],"tick":1554},{"sounds":[],"tick":1555},{"sounds":[],"tick":1556},{"sounds":[{"level":-1,"sound":0}],"tick":1557},{"sounds":[],"tick":1558},{"sounds":[{"level":1549,"sound":81},{"level":-1,"sound":0}],"tick":1559},{"sounds":[],"tick":1560},{"sounds":[],"tick":1561},{"sounds":[{"level":-1,"sound":0}],"tick":1562},{"sounds":[],"tick":1563},{"sounds":[],"tick":1564},{"sounds":[],"tick":1565},{"sounds":[],"tick":1566},{"sounds":[{"level":-1,"sound":0}],"tick":1567},{"sounds":[],"tick":1568},{"sounds":[{"level":-1,"sound":0}],"tick":1569},{"sounds":[],"tick":1570},{"sounds":[{"level":-1,"sound":0}],"tick":1571},{"sounds":[],"tick":1572},{"sounds":[],"tick":1573},{"sounds":[],"tick":1574},{"sounds":[],"tick":1575},{"sounds":[{"level":1547,"sound":81},{"level":-1,"sound":0}],"tick":1576},{"sounds":[],"tick":1577},{"sounds":[{"level":-1,"sound":0}],"tick":1578},{"sounds":[],"tick":1579},{"sounds":[],"tick":1580},{"sounds":[{"level":-1,"sound":0}],"tick":1581},{"sounds":[],"tick":1582},{"sounds":[],"tick":1583},{"sounds":[],"tick":1584},{"sounds":[{"level":-1,"sound":0},{"level":1554,"sound":81}],"tick":1585},{"sounds":[],"tick":1586},{"sounds":[{"level":-1,"sound":0}],"tick":1587},{"sounds":[],"tick":1588},{"sounds":[],"tick":1589},{"sounds":[],"tick":1590},{"sounds":[],"tick":1591},{"sounds":[],"tick":1592},{"sounds":[],"tick":1593},{"sounds":[{"level":1559,"sound":81},{"level":-1,"sound":0}],"tick":1594},{"sounds":[],"tick":1595},{"sounds":[],"tick":1596},{"sounds":[],"tick":1597},{"sounds":[{"level":-1,"sound":0}],"tick":1598},{"sounds":[],"tick":1599},{"sounds":[{"level":-1,"sound":0},{"level":1550,"sound":81}],"tick":1600},{"sounds":[],"tick":1601},{"sounds":[],"tick":1602},{"sounds":[],"tick":1603},{"sounds":[{"level":-1,"sound":0}],"tick":1604},{"sounds":[],"tick":1605},{"sounds":[],"tick":1606},{"sounds":[],"tick":1607},{"sounds":[{"level":-1,"sound":0},{"level":1554,"sound":81}],"tick":1608},{"sounds":[],"tick":1609},{"sounds":[{"level":-1,"sound":0}],"tick":1610},{"sounds":[],"tick":1611},{"sounds":[],"tick":1612},{"sounds":[],"tick":1613},{"sounds":[{"level":-1,"sound":0}],"tick":1614},{"sounds":[],"tick":1615},{"sounds":[],"tick":1616},{"sounds":[],"tick":1617},{"sounds":[{"level":1559,"sound":81}],"tick":1618},{"sounds":[],"tick":1619},{"sounds":[],"tick":1620},{"sounds":[{"level":-1,"sound":0}],"tick":1621},{"sounds":[],"tick":1622},{"sounds":[],"tick":1623},{"sounds":[{"level":-1,"sound":0},{"level":1549,"sound":81}],"tick":1624},{"sounds":[],"tick":1625},{"sounds":[],"tick":1626},{"sounds":[],"tick":1627},{"sounds":[{"level":-1,"sound":0}],"tick":1628},{"sounds":[],"tick":1629},{"sounds":[{"level":-1,"sound":0}],"tick":1630},{"sounds":[],"tick":1631},{"sounds":[],"tick":1632},{"sounds":[{"level":-1,"sound":0},{"level":1559,"sound":81}],"tick":1633},{"sounds":[],"tick":1634},{"sounds":[],"tick":1635},{"sounds":[],"tick":1636},{"sounds":[],"tick":1637},{"sounds":[],"tick":1638},{"sounds":[],"tick":1639},{"sounds":[{"level":-1,"sound":0}],"tick":1640},{"sounds":[],"tick":1641},{"sounds":[{"level":-1,"sound":0},{"level":1547,"sound":81}],"tick":1642},{"sounds":[],"tick":1643},{"sounds":[{"level":-1,"sound":0}],"tick":1644},{"sounds":[],"tick":1645},{"sounds":[],"tick":1646},{"sounds":[],"tick":1647},{"sounds":[{"level":-1,"sound":0},{"level":1554,"sound":81}],"tick":1648},{"sounds":[],"tick":1649},{"sounds":[{"level":-1,"sound":0}],"tick":1650},{"sounds":[],"tick":1651},{"sounds":[],"tick":1652},{"sounds":[],"tick":1653},{"sounds":[{"level":-1,"sound":0}],"tick":1654},{"sounds":[],"tick":1655},{"sounds":[],"tick":1656},{"sounds":[],"tick":1657},{"sounds":[{"level":-1,"sound":0},{"level":1559,"sound":81}],"tick":1658},{"sounds":[],"tick":1659},{"sounds":[],"tick":1660},{"sounds":[],"tick":1661},{"sounds":[],"tick":1662},{"sounds":[{"level":-1,"sound":0}],"tick":1663},{"sounds":[],"tick":1664},{"sounds":[{"level":-1,"sound":0},{"level":1550,"sound":81}],"tick":1665},{"sounds":[],"tick":1666},{"sounds":[],"tick":1667},{"sounds":[{"level":-1,"sound":0}],"tick":1668},{"sounds":[],"tick":1669},{"sounds":[],"tick":1670},{"sounds":[],"tick":1671},{"sounds":[{"level":-1,"sound":0},{"level":1554,"sound":81}],"tick":1672},{"sounds":[],"tick":1673},{"sounds":[],"tick":1674},{"sounds":[],"tick":1675},{"sounds":[],"tick":1676},{"sounds":[{"level":-1,"sound":0}],"tick":1677},{"sounds":[],"tick":1678},{"sounds":[{"level":1559,"sound":81},{"level":-1,"sound":0}],"tick":1679},{"sounds":[],"tick":1680},{"sounds":[],"tick":1681},{"sounds":[],"tick":1682},{"sounds":[],"tick":1683},{"sounds":[{"level":-1,"sound":0}],"tick":1684},{"sounds":[],"tick":1685},{"sounds":[],"tick":1686},{"sounds":[],"tick":1687},{"sounds":[],"tick":1688},{"sounds":[],"tick":1689},{"sounds":[],"tick":1690},{"sounds":[],"tick":1691},{"sounds":[],"tick":1692},{"sounds":[],"tick":1693},{"sounds":[],"tick":1694},{"sounds":[],"tick":1695},{"sounds":[],"tick":1696},{"sounds":[],"tick":1697},{"sounds":[],"tick":1698},{"sounds":[{"level":1559,"sound":81},{"level":1549,"sound":81},{"level":-1,"sound":0}],"tick":1699},{"sounds":[],"tick":1700},{"sounds":[],"tick":1701},{"sounds":[{"level":-1,"sound":0}],"tick":1702},{"sounds":[],"tick":1703},{"sounds":[{"level":-1,"sound":0},{"level":1547,"sound":81}],"tick":1704},{"sounds":[],"tick":1705},{"sounds":[],"tick":1706},{"sounds":[{"level":-1,"sound":0}],"tick":1707},{"sounds":[],"tick":1708},{"sounds":[],"tick":1709},{"sounds":[],"tick":1710},{"sounds":[{"level":-1,"sound":0}],"tick":1711},{"sounds":[],"tick":1712},{"sounds":[{"level":1554,"sound":81}],"tick":1713},{"sounds":[],"tick":1714},{"sounds":[],"tick":1715},{"sounds":[],"tick":1716},{"sounds":[],"tick":1717},{"sounds":[],"tick":1718},{"sounds":[],"tick":1719},{"sounds":[],"tick":1720},{"sounds":[],"tick":1721},{"sounds":[],"tick":1722},{"sounds":[],"tick":1723},{"sounds":[],"tick":1724},{"sounds":[],"tick":1725},{"sounds":[{"level":-1,"sound":0},{"level":1559,"sound":81}],"tick":1726},{"sounds":[],"tick":1727},{"sounds":[],"tick":1728},{"sounds":[],"tick":1729},{"sounds":[{"level":-1,"sound":0},{"level":1550,"sound":81}],"tick":1730},{"sounds":[],"tick":1731},{"sounds":[{"level":-1,"sound":0}],"tick":1732},{"sounds":[],"tick":1733},{"sounds":[],"tick":1734},{"sounds":[],"tick":1735},{"sounds":[],"tick":1736},{"sounds":[{"level":-1,"sound":0},{"level":1554,"sound":81}],"tick":1737},{"sounds":[],"tick":1738},{"sounds":[],"tick":1739},{"sounds":[],"tick":1740},{"sounds":[],"tick":1741},{"sounds":[],"tick":1742},{"sounds":[],"tick":1743},{"sounds":[{"level":1559,"sound":81},{"level":-1,"sound":0}],"tick":1744},{"sounds":[],"tick":1745},{"sounds":[],"tick":1746},{"sounds":[],"tick":1747},{"sounds":[],"tick":1748},{"sounds":[{"level":-1,"sound":0}],"tick":1749},{"sounds":[],"tick":1750},{"sounds":[{"level":-1,"sound":0}],"tick":1751},{"sounds":[],"tick":1752},{"sounds":[],"tick":1753},{"sounds":[{"level":-1,"sound":0},{"level":1549,"sound":81}],"tick":1754},{"sounds":[],"tick":1755},{"sounds":[],"tick":1756},{"sounds":[],"tick":1757},{"sounds":[],"tick":1758},{"sounds":[],"tick":1759},{"sounds":[],"tick":1760},{"sounds":[],"tick":1761},{"sounds":[],"tick":1762},{"sounds":[],"tick":1763},{"sounds":[],"tick":1764},{"sounds":[],"tick":1765},{"sounds":[],"tick":1766},{"sounds":[{"level":1559,"sound":81},{"level":-1,"sound":0}],"tick":1767},{"sounds":[],"tick":1768},{"sounds":[],"tick":1769},{"sounds":[{"level":-1,"sound":0},{"level":1547,"sound":81}],"tick":1770},{"sounds":[],"tick":1771},{"sounds":[],"tick":1772},{"sounds":[],"tick":1773},{"sounds":[],"tick":1774},{"sounds":[],"tick":1775},{"sounds":[],"tick":1776},{"sounds":[],"tick":1777},{"sounds":[{"level":1554,"sound":81},{"level":-1,"sound":0}],"tick":1778},{"sounds":[],"tick":1779},{"sounds":[{"level":-1,"sound":0}],"tick":1780},{"sounds":[],"tick":1781},{"sounds":[],"tick":1782},{"sounds":[],"tick":1783},{"sounds":[],"tick":1784},{"sounds":[],"tick":1785},{"sounds":[],"tick":1786},{"sounds":[{"level":-1,"sound":0},{"level":1559,"sound":81}],"tick":1787},{"sounds":[],"tick":1788},{"sounds":[],"tick":1789},{"sounds":[{"level":-1,"sound":0}],"tick":1790},{"sounds":[],"tick":1791},{"sounds":[],"tick":1792},{"sounds":[{"level":-1,"sound":0},{"level":1550,"sound":81}],"tick":1793},{"sounds":[],"tick":1794},{"sounds":[],"tick":1795},{"sounds":[],"tick":1796},{"sounds":[],"tick":1797},{"sounds":[],"tick":1798},{"sounds":[{"level":-1,"sound":0}],"tick":1799},{"sounds":[],"tick":1800},{"sounds":[],"tick":1801},{"sounds":[{"level":-1,"sound":0},{"level":1554,"sound":81}],"tick":1802},{"sounds":[],"tick":1803},{"sounds":[],"tick":1804},{"sounds":[],"tick":1805},{"sounds":[],"tick":1806},{"sounds":[],"tick":1807},{"sounds":[{"level":-1,"sound":0}],"tick":1808},{"sounds":[],"tick":1809},{"sounds":[],"tick":1810},{"sounds":[],"tick":1811},{"sounds":[],"tick":1812},{"sounds":[{"level":1559,"sound":81}],"tick":1813},{"sounds":[{"level":-1,"sound":0}],"tick":1814},{"sounds":[],"tick":1815},{"sounds":[],"tick":1816},{"sounds":[],"tick":1817},{"sounds":[],"tick":1818},{"sounds":[],"tick":1819},{"sounds":[],"tick":1820},{"sounds":[],"tick":1821},{"sounds":[{"level":-1,"sound":0},{"level":1549,"sound":81}],"tick":1822},{"sounds":[],"tick":1823},{"sounds":[{"level":-1,"sound":0},{"level":1559,"sound":81}],"tick":1824},{"sounds":[],"tick":1825},{"sounds":[],"tick":1826},{"sounds":[],"tick":1827},{"sounds":[],"tick":1828},{"sounds":[],"tick":1829},{"sounds":[{"level":-1,"sound":0}],"tick":1830},{"sounds":[],"tick":1831},{"sounds":[],"tick":1832},{"sounds":[{"level":-1,"sound":0},{"level":1547,"sound":81}],"tick":1833},{"sounds":[],"tick":1834},{"sounds":[],"tick":1835},{"sounds":[],"tick":1836},{"sounds":[],"tick":1837},{"sounds":[{"level":-1,"sound":0}],"tick":1838},{"sounds":[],"tick":1839},{"sounds":[],"tick":1840},{"sounds":[],"tick":1841},{"sounds":[],"tick":1842},{"sounds":[{"level":-1,"sound":0},{"level":1554,"sound":81}],"tick":1843},{"sounds":[],"tick":1844},{"sounds":[],"tick":1845},{"sounds":[{"level":-1,"sound":0}],"tick":1846},{"sounds":[],"tick":1847},{"sounds":[],"tick":1848},{"sounds":[],"tick":1849},{"sounds":[],"tick":1850},{"sounds":[{"level":-1,"sound":0},{"level":1559,"sound":81}],"tick":1851},{"sounds":[],"tick":1852},{"sounds":[{"level":-1,"sound":0}],"tick":1853},{"sounds":[],"tick":1854},{"sounds":[],"tick":1855},{"sounds":[],"tick":1856},{"sounds":[],"tick":1857},{"sounds":[{"level":-1,"sound":0},{"level":1550,"sound":81}],"tick":1858},{"sounds":[],"tick":1859},{"sounds":[{"level":-1,"sound":0}],"tick":1860},{"sounds":[],"tick":1861},{"sounds":[],"tick":1862},{"sounds":[],"tick":1863},{"sounds":[],"tick":1864},{"sounds":[{"level":-1,"sound":0},{"level":1554,"sound":81}],"tick":1865},{"sounds":[],"tick":1866},{"sounds":[{"level":-1,"sound":0}],"tick":1867},{"sounds":[],"tick":1868},{"sounds":[],"tick":1869},{"sounds":[],"tick":1870},{"sounds":[],"tick":1871},{"sounds":[{"level":1559,"sound":81},{"level":-1,"sound":0}],"tick":1872},{"sounds":[],"tick":1873},{"sounds":[],"tick":1874},{"sounds":[{"level":-1,"sound":0}],"tick":1875},{"sounds":[],"tick":1876},{"sounds":[{"level":-1,"sound":0}],"tick":1877},{"sounds":[],"tick":1878},{"sounds":[],"tick":1879},{"sounds":[],"tick":1880},{"sounds":[],"tick":1881},{"sounds":[{"level":-1,"sound":0},{"level":1549,"sound":81}],"tick":1882},{"sounds":[],"tick":1883},{"sounds":[{"level":-1,"sound":0}],"tick":1884},{"sounds":[],"tick":1885},{"sounds":[],"tick":1886},{"sounds":[{"level":-1,"sound":0},{"level":1559,"sound":81}],"tick":1887},{"sounds":[],"tick":1888},{"sounds":[],"tick":1889},{"sounds":[],"tick":1890},{"sounds":[{"level":-1,"sound":0}],"tick":1891},{"sounds":[],"tick":1892},{"sounds":[{"level":-1,"sound":0}],"tick":1893},{"sounds":[],"tick":1894},{"sounds":[],"tick":1895},{"sounds":[],"tick":1896},{"sounds":[{"level":-1,"sound":0},{"level":1547,"sound":81}],"tick":1897},{"sounds":[],"tick":1898},{"sounds":[{"level":-1,"sound":0}],"tick":1899},{"sounds":[{"level":-1,"sound":0}],"tick":1900},{"sounds":[],"tick":1901},{"sounds":[{"level":-1,"sound":0}],"tick":1902},{"sounds":[],"tick":1903},{"sounds":[],"tick":1904},{"sounds":[],"tick":1905},{"sounds":[],"tick":1906},{"sounds":[{"level":1554,"sound":81},{"level":-1,"sound":0}],"tick":1907},{"sounds":[],"tick":1908},{"sounds":[{"level":-1,"sound":0}],"tick":1909},{"sounds":[],"tick":1910},{"sounds":[],"tick":1911},{"sounds":[],"tick":1912},{"sounds":[{"level":-1,"sound":0},{"level":1559,"sound":81}],"tick":1913},{"sounds":[],"tick":1914},{"sounds":[],"tick":1915},{"sounds":[],"tick":1916},{"sounds":[],"tick":1917},{"sounds":[],"tick":1918},{"sounds":[],"tick":1919},{"sounds":[{"level":1550,"sound":81},{"level":-1,"sound":0}],"tick":1920},{"sounds":[],"tick":1921},{"sounds":[{"level":-1,"sound":0}],"tick":1922},{"sounds":[],"tick":1923},{"sounds":[],"tick":1924},{"sounds":[],"tick":1925},{"sounds":[],"tick":1926},{"sounds":[{"level":1554,"sound":81},{"level":-1,"sound":0}],"tick":1927},{"sounds":[],"tick":1928},{"sounds":[{"level":-1,"sound":0}],"tick":1929},{"sounds":[],"tick":1930},{"sounds":[],"tick":1931},{"sounds":[],"tick":1932},{"sounds":[],"tick":1933},{"sounds":[{"level":-1,"sound":0}],"tick":1934},{"sounds":[],"tick":1935},{"sounds":[],"tick":1936},{"sounds":[],"tick":1937},{"sounds":[],"tick":1938},{"sounds":[],"tick":1939},{"sounds":[],"tick":1940},{"sounds":[{"level":-1,"sound":0},{"level":1559,"sound":81}],"tick":1941},{"sounds":[],"tick":1942},{"sounds":[{"level":1549,"sound":81},{"level":-1,"sound":0}],"tick":1943},{"sounds":[],"tick":1944},{"sounds":[],"tick":1945},{"sounds":[],"tick":1946},{"sounds":[{"level":-1,"sound":0}],"tick":1947},{"sounds":[],"tick":1948},{"sounds":[],"tick":1949},{"sounds":[],"tick":1950},{"sounds":[{"level":-1,"sound":0}],"tick":1951},{"sounds":[],"tick":1952},{"sounds":[{"level":-1,"sound":0},{"level":1559,"sound":81}],"tick":1953},{"sounds":[],"tick":1954},{"sounds":[],"tick":1955},{"sounds":[],"tick":1956},{"sounds":[],"tick":1957},{"sounds":[],"tick":1958},{"sounds":[{"level":-1,"sound":0}],"tick":1959},{"sounds":[],"tick":1960},{"sounds":[],"tick":1961},{"sounds":[{"level":-1,"sound":0},{"level":1547,"sound":81}],"tick":1962},{"sounds":[],"tick":1963},{"sounds":[],"tick":1964},{"sounds":[],"tick":1965},{"sounds":[],"tick":1966},{"sounds":[{"level":-1,"sound":0}],"tick":1967},{"sounds":[],"tick":1968},{"sounds":[{"level":-1,"sound":0},{"level":1554,"sound":81}],"tick":1969},{"sounds":[],"tick":1970},{"sounds":[],"tick":1971},{"sounds":[],"tick":1972},{"sounds":[],"tick":1973},{"sounds":[{"level":-1,"sound":0}],"tick":1974},{"sounds":[],"tick":1975},{"sounds":[{"level":1559,"sound":81}],"tick":1976},{"sounds":[],"tick":1977},{"sounds":[],"tick":1978},{"sounds":[],"tick":1979},{"sounds":[],"tick":1980},{"sounds":[{"level":-1,"sound":0}],"tick":1981},{"sounds":[],"tick":1982},{"sounds":[],"tick":1983},{"sounds":[{"level":-1,"sound":0},{"level":1550,"sound":81}],"tick":1984},{"sounds":[],"tick":1985},{"sounds":[{"level":-1,"sound":0}],"tick":1986},{"sounds":[],"tick":1987},{"sounds":[],"tick":1988},{"sounds":[],"tick":1989},{"sounds":[{"level":-1,"sound":0}],"tick":1990},{"sounds":[],"tick":1991},{"sounds":[{"level":-1,"sound":0},{"level":1554,"sound":81}],"tick":1992},{"sounds":[],"tick":1993},{"sounds":[],"tick":1994},{"sounds":[],"tick":1995},{"sounds":[],"tick":1996},{"sounds":[{"level":-1,"sound":0}],"tick":1997},{"sounds":[],"tick":1998},{"sounds":[],"tick":1999},{"sounds":[{"level":-1,"sound":0},{"level":1559,"sound":81}],"tick":2000},{"sounds":[],"tick":2001},{"sounds":[{"level":-1,"sound":0}],"tick":2002},{"sounds":[],"tick":2003},{"sounds":[],"tick":2004},{"sounds":[],"tick":2005},{"sounds":[{"level":-1,"sound":0}],"tick":2006},{"sounds":[],"tick":2007},{"sounds":[],"tick":2008},{"sounds":[],"tick":2009},{"sounds":[],"tick":2010},{"sounds":[{"level":-1,"sound":0},{"level":1549,"sound":81}],"tick":2011},{"sounds":[],"tick":2012},{"sounds":[],"tick":2013},{"sounds":[{"level":-1,"sound":0}],"tick":2014},{"sounds":[],"tick":2015},{"sounds":[],"tick":2016},{"sounds":[],"tick":2017},{"sounds":[{"level":1559,"sound":81}],"tick":2018},{"sounds":[],"tick":2019},{"sounds":[],"tick":2020},{"sounds":[{"level":-1,"sound":0}],"tick":2021},{"sounds":[],"tick":2022},{"sounds":[],"tick":2023},{"sounds":[],"tick":2024},{"sounds":[{"level":-1,"sound":0},{"level":1547,"sound":81}],"tick":2025},{"sounds":[],"tick":2026},{"sounds":[],"tick":2027},{"sounds":[],"tick":2028},{"sounds":[],"tick":2029},{"sounds":[],"tick":2030},{"sounds":[{"level":-1,"sound":0}],"tick":2031},{"sounds":[],"tick":2032},{"sounds":[],"tick":2033},{"sounds":[{"level":1554,"sound":81},{"level":-1,"sound":0}],"tick":2034},{"sounds":[],"tick":2035},{"sounds":[],"tick":2036},{"sounds":[],"tick":2037},{"sounds":[{"level":-1,"sound":0}],"tick":2038},{"sounds":[],"tick":2039},{"sounds":[],"tick":2040},{"sounds":[{"level":1559,"sound":81}],"tick":2041},{"sounds":[],"tick":2042},{"sounds":[{"level":-1,"sound":0}],"tick":2043},{"sounds":[],"tick":2044},{"sounds":[],"tick":2045},{"sounds":[],"tick":2046},{"sounds":[{"level":1550,"sound":81},{"level":-1,"sound":0}],"tick":2047},{"sounds":[],"tick":2048},{"sounds":[{"level":-1,"sound":0}],"tick":2049},{"sounds":[],"tick":2050},{"sounds":[],"tick":2051},{"sounds":[],"tick":2052},{"sounds":[{"level":-1,"sound":0}],"tick":2053},{"sounds":[],"tick":2054},{"sounds":[{"level":-1,"sound":0},{"level":1549,"sound":81}],"tick":2055},{"sounds":[],"tick":2056},{"sounds":[],"tick":2057},{"sounds":[],"tick":2058},{"sounds":[{"level":-1,"sound":0}],"tick":2059},{"sounds":[],"tick":2060},{"sounds":[],"tick":2061},{"sounds":[{"level":1557,"sound":81},{"level":-1,"sound":0}],"tick":2062},{"sounds":[],"tick":2063},{"sounds":[],"tick":2064},{"sounds":[],"tick":2065},{"sounds":[{"level":-1,"sound":0}],"tick":2066},{"sounds":[],"tick":2067},{"sounds":[],"tick":2068},{"sounds":[],"tick":2069},{"sounds":[],"tick":2070},{"sounds":[{"level":-1,"sound":0}],"tick":2071},{"sounds":[],"tick":2072},{"sounds":[{"level":-1,"sound":0},{"level":1549,"sound":81}],"tick":2073},{"sounds":[{"level":-1,"sound":0}],"tick":2074},{"sounds":[],"tick":2075},{"sounds":[{"level":-1,"sound":0}],"tick":2076},{"sounds":[],"tick":2077},{"sounds":[],"tick":2078},{"sounds":[],"tick":2079},{"sounds":[{"level":-1,"sound":0}],"tick":2080},{"sounds":[],"tick":2081},{"sounds":[{"level":-1,"sound":0}],"tick":2082},{"sounds":[{"level":-1,"sound":0}],"tick":2083},{"sounds":[{"level":-1,"sound":0}],"tick":2084},{"sounds":[],"tick":2085},{"sounds":[],"tick":2086},{"sounds":[],"tick":2087},{"sounds":[{"level":-1,"sound":0}],"tick":2088},{"sounds":[],"tick":2089},{"sounds":[],"tick":2090},{"sounds":[{"level":-1,"sound":0}],"tick":2091},{"sounds":[],"tick":2092},{"sounds":[{"level":-1,"sound":0}],"tick":2093},{"sounds":[],"tick":2094},{"sounds":[],"tick":2095},{"sounds":[],"tick":2096},{"sounds":[],"tick":2097},{"sounds":[],"tick":2098},{"sounds":[{"level":-1,"sound":0}],"tick":2099},{"sounds":[],"tick":2100},{"sounds":[],"tick":2101},{"sounds":[],"tick":2102},{"sounds":[{"level":-1,"sound":0}],"tick":2103},{"sounds":[],"tick":2104},{"sounds":[{"level":-1,"sound":0}],"tick":2105},{"sounds":[],"tick":2106},{"sounds":[],"tick":2107},{"sounds":[],"tick":2108},{"sounds":[{"level":-1,"sound":0}],"tick":2109},{"sounds":[],"tick":2110},{"sounds":[{"level":-1,"sound":0}],"tick":2111},{"sounds":[],"tick":2112},{"sounds":[],"tick":2113},{"sounds":[],"tick":2114},{"sounds":[{"level":-1,"sound":0}],"tick":2115},{"sounds":[],"tick":2116},{"sounds":[],"tick":2117},{"sounds":[],"tick":2118},{"sounds":[],"tick":2119},{"sounds":[{"level":-1,"sound":0}],"tick":2120},{"sounds":[],"tick":2121},{"sounds":[],"tick":2122},{"sounds":[],"tick":2123},{"sounds":[{"level":-1,"sound":0}],"tick":2124},{"sounds":[],"tick":2125},{"sounds":[{"level":-1,"sound":0}],"tick":2126},{"sounds":[],"tick":2127},{"sounds":[],"tick":2128},{"sounds":[],"tick":2129},{"sounds":[{"level":-1,"sound":0}],"tick":2130},{"sounds":[],"tick":2131},{"sounds":[],"tick":2132},{"sounds":[{"level":-1,"sound":0}],"tick":2133},{"sounds":[],"tick":2134},{"sounds":[{"level":-1,"sound":0}],"tick":2135},{"sounds":[],"tick":2136},{"sounds":[],"tick":2137},{"sounds":[],"tick":2138},{"sounds":[],"tick":2139},{"sounds":[],"tick":2140},{"sounds":[{"level":-1,"sound":0}],"tick":2141},{"sounds":[],"tick":2142},{"sounds":[{"level":-1,"sound":0}],"tick":2143},{"sounds":[],"tick":2144},{"sounds":[{"level":-1,"sound":0}],"tick":2145},{"sounds":[],"tick":2146},{"sounds":[],"tick":2147},{"sounds":[],"tick":2148},{"sounds":[{"level":-1,"sound":0}],"tick":2149},{"sounds":[],"tick":2150},{"sounds":[{"level":-1,"sound":0}],"tick":2151},{"sounds":[],"tick":2152},{"sounds":[{"level":-1,"sound":0}],"tick":2153},{"sounds":[],"tick":2154},{"sounds":[],"tick":2155},{"sounds":[],"tick":2156},{"sounds":[{"level":-1,"sound":0}],"tick":2157},{"sounds":[],"tick":2158},{"sounds":[],"tick":2159},{"sounds":[{"level":-1,"sound":0}],"tick":2160},{"sounds":[],"tick":2161},{"sounds":[{"level":-1,"sound":0}],"tick":2162},{"sounds":[],"tick":2163},{"sounds":[{"level":-1,"sound":0}],"tick":2164},{"sounds":[],"tick":2165},{"sounds":[],"tick":2166},{"sounds":[],"tick":2167},{"sounds":[],"tick":2168},{"sounds":[],"tick":2169},{"sounds":[{"level":-1,"sound":0}],"tick":2170},{"sounds":[],"tick":2171},{"sounds":[{"level":-1,"sound":0}],"tick":2172},{"sounds":[],"tick":2173},{"sounds":[{"level":-1,"sound":0}],"tick":2174},{"sounds":[],"tick":2175},{"sounds":[],"tick":2176},{"sounds":[],"tick":2177},{"sounds":[],"tick":2178},{"sounds":[{"level":-1,"sound":0}],"tick":2179},{"sounds":[],"tick":2180},{"sounds":[{"level":-1,"sound":0}],"tick":2181},{"sounds":[],"tick":2182},{"sounds":[{"level":-1,"sound":0}],"tick":2183},{"sounds":[],"tick":2184},{"sounds":[],"tick":2185},{"sounds":[],"tick":2186},{"sounds":[],"tick":2187},{"sounds":[{"level":-1,"sound":0}],"tick":2188},{"sounds":[],"tick":2189},{"sounds":[{"level":-1,"sound":0}],"tick":2190},{"sounds":[],"tick":2191},{"sounds":[],"tick":2192},{"sounds":[],"tick":2193},{"sounds":[{"level":-1,"sound":0}],"tick":2194},{"sounds":[],"tick":2195},{"sounds":[{"level":-1,"sound":0}],"tick":2196},{"sounds":[],"tick":2197},{"sounds":[],"tick":2198},{"sounds":[],"tick":2199},{"sounds":[],"tick":2200},{"sounds":[{"level":-1,"sound":0}],"tick":2201},{"sounds":[],"tick":2202},{"sounds":[{"level":-1,"sound":0}],"tick":2203},{"sounds":[],"tick":2204},{"sounds":[{"level":-1,"sound":0}],"tick":2205},{"sounds":[],"tick":2206},{"sounds":[],"tick":2207},{"sounds":[],"tick":2208},{"sounds":[{"level":-1,"sound":0}],"tick":2209},{"sounds":[],"tick":2210},{"sounds":[{"level":-1,"sound":0}],"tick":2211},{"sounds":[],"tick":2212},{"sounds":[],"tick":2213},{"sounds":[],"tick":2214},{"sounds":[],"tick":2215},{"sounds":[],"tick":2216},{"sounds":[],"tick":2217},{"sounds":[],"tick":2218},{"sounds":[],"tick":2219},{"sounds":[],"tick":2220},{"sounds":[{"level":-1,"sound":0}],"tick":2221},{"sounds":[],"tick":2222},{"sounds":[],"tick":2223},{"sounds":[],"tick":2224},{"sounds":[{"level":-1,"sound":0}],"tick":2225},{"sounds":[],"tick":2226},{"sounds":[],"tick":2227},{"sounds":[],"tick":2228},{"sounds":[],"tick":2229},{"sounds":[{"level":-1,"sound":0}],"tick":2230},{"sounds":[],"tick":2231},{"sounds":[{"level":-1,"sound":0}],"tick":2232},{"sounds":[],"tick":2233},{"sounds":[],"tick":2234},{"sounds":[],"tick":2235},{"sounds":[{"level":-1,"sound":0}],"tick":2236},{"sounds":[],"tick":2237},{"sounds":[],"tick":2238},{"sounds":[],"tick":2239},{"sounds":[{"level":-1,"sound":0}],"tick":2240},{"sounds":[],"tick":2241},{"sounds":[],"tick":2242},{"sounds":[],"tick":2243},{"sounds":[],"tick":2244},{"sounds":[],"tick":2245},{"sounds":[{"level":-1,"sound":0}],"tick":2246},{"sounds":[],"tick":2247},{"sounds":[{"level":-1,"sound":0}],"tick":2248},{"sounds":[],"tick":2249},{"sounds":[],"tick":2250},{"sounds":[],"tick":2251},{"sounds":[{"level":-1,"sound":0}],"tick":2252},{"sounds":[],"tick":2253},{"sounds":[],"tick":2254},{"sounds":[],"tick":2255},{"sounds":[{"level":-1,"sound":0}],"tick":2256},{"sounds":[],"tick":2257},{"sounds":[],"tick":2258}]