[{"sounds":[{"level":-1,"sound":0}],"tick":0},{"sounds":[{"level":-1,"sound":0}],"tick":1},{"sounds":[{"level":-1,"sound":0}],"tick":2},{"sounds":[{"level":-1,"sound":0}],"tick":3},{"sounds":[{"level":-1,"sound":0}],"tick":4},{"sounds":[{"level":-1,"sound":0}],"tick":5},{"sounds":[{"level":-1,"sound":0}],"tick":6},{"sounds":[],"tick":7},{"sounds":[{"level":-1,"sound":0}],"tick":8},{"sounds":[{"level":-1,"sound":0}],"tick":9},{"sounds":[{"level":-1,"sound":0}],"tick":10},{"sounds":[{"level":-1,"sound":0}],"tick":11},{"sounds":[{"level":-1,"sound":0}],"tick":12},{"sounds":[{"level":-1,"sound":0}],"tick":13},{"sounds":[],"tick":14},{"sounds":[{"level":-1,"sound":0}],"tick":15},{"sounds":[{"level":-1,"sound":0}],"tick":16},{"sounds":[{"level":19,"sound":81},{"level":-1,"sound":0}],"tick":17},{"sounds":[{"level":-1,"sound":0}],"tick":18},{"sounds":[{"level":-1,"sound":0}],"tick":19},{"sounds":[],"tick":20},{"sounds":[{"level":-1,"sound":0}],"tick":21},{"sounds":[{"level":22,"sound":81}],"tick":22},{"sounds":[{"level":-1,"sound":0}],"tick":23},{"sounds":[{"level":-1,"sound":0}],"tick":24},{"sounds":[],"tick":25},{"sounds":[{"level":-1,"sound":0}],"tick":26},{"sounds":[{"level":-1,"sound":0},{"level":24,"sound":81}],"tick":27},{"sounds":[{"level":-1,"sound":0}],"tick":28},{"sounds":[{"level":-1,"sound":0}],"tick":29},{"sounds":[{"level":-1,"sound":0}],"tick":30},{"sounds":[{"level":-1,"sound":0}],"tick":31},{"sounds":[{"level":-1,"sound":0}],"tick":32},{"sounds":[{"level":-1,"sound":0}],"tick":33},{"sounds":[{"level":-1,"sound":0}],"tick":34},{"sounds":[{"level":-1,"sound":0}],"tick":35},{"sounds":[{"level":-1,"sound":0},{"level":1032,"sound":81}],"tick":36},{"sounds":[{"level":-1,"sound":0}],"tick":37},{"sounds":[{"level":-1,"sound":0}],"tick":38},{"sounds":[{"level":-1,"sound":0}],"tick":39},{"sounds":[{"level":22,"sound":81},{"level":-1,"sound":0}],"tick":40},{"sounds":[],"tick":41},{"sounds":[{"level":-1,"sound":0}],"tick":42},{"sounds":[{"level":-1,"sound":0}],"tick":43},{"sounds":[],"tick":44},{"sounds":[{"level":24,"sound":81},{"level":-1,"sound":0}],"tick":45},{"sounds":[{"level":-1,"sound":0}],"tick":46},{"sounds":[],"tick":47},{"sounds":[{"level":-1,"sound":0}],"tick":48},{"sounds":[{"level":-1,"sound":0}],"tick":49},{"sounds":[{"level":-1,"sound":0}],"tick":50},{"sounds":[{"level":-1,"sound":0}],"tick":51},{"sounds":[],"tick":52},{"sounds":[{"level":-1,"sound":0}],"tick":53},{"sounds":[{"level":-1,"sound":0}],"tick":54},{"sounds":[{"level":-1,"sound":0},{"level":1027,"sound":81}],"tick":55},{"sounds":[],"tick":56},{"sounds":[{"level":-1,"sound":0}],"tick":57},{"sounds":[{"level":-1,"sound":0}],"tick":58},{"sounds":[{"level":22,"sound":81},{"level":-1,"sound":0}],"tick":59},{"sounds":[],"tick":60},{"sounds":[{"level":-1,"sound":0}],"tick":61},{"sounds":[{"level":-1,"sound":0}],"tick":62},{"sounds":[{"level":-1,"sound":0}],"tick":63},{"sounds":[{"level":24,"sound":81},{"level":-1,"sound":0}],"tick":64},{"sounds":[{"level":-1,"sound":0}],"tick":65},{"sounds":[{"level":-1,"sound":0}],"tick":66},{"sounds":[{"level":-1,"sound":0}],"tick":67},{"sounds":[{"level":-1,"sound":0}],"tick":68},{"sounds":[{"level":27,"sound":81},{"level":-1,"sound":0}],"tick":69},{"sounds":[],"tick":70},{"sounds":[{"level":-1,"sound":0}],"tick":71},{"sounds":[{"level":-1,"sound":0}],"tick":72},{"sounds":[{"level":-1,"sound":0}],"tick":73},{"sounds":[{"level":1029,"sound":81},{"level":22,"sound":81},{"level":-1,"sound":0}],"tick":74},{"sounds":[{"level":-1,"sound":0}],"tick":75},{"sounds":[{"level":-1,"sound":0}],"tick":76},{"sounds":[],"tick":77},{"sounds":[{"level":24,"sound":81},{"level":-1,"sound":0}],"tick":78},{"sounds":[{"level":-1,"sound":0}],"tick":79},{"sounds":[],"tick":80},{"sounds":[{"level":-1,"sound":0}],"tick":81},{"sounds":[],"tick":82},{"sounds":[{"level":19,"sound":81},{"level":-1,"sound":0}],"tick":83},{"sounds":[],"tick":84},{"sounds":[{"level":-1,"sound":0}],"tick":85},{"sounds":[],"tick":86},{"sounds":[{"level":-1,"sound":0}],"tick":87},{"sounds":[],"tick":88},{"sounds":[{"level":-1,"sound":0}],"tick":89},{"sounds":[{"level":-1,"sound":0}],"tick":90},{"sounds":[{"level":-1,"sound":0}],"tick":91},{"sounds":[{"level":-1,"sound":0}],"tick":92},{"sounds":[{"level":1034,"sound":81},{"level":19,"sound":81},{"level":-1,"sound":0}],"tick":93},{"sounds":[{"level":-1,"sound":0},{"level":7047,"sound":35}],"tick":94},{"sounds":[{"level":-1,"sound":0}],"tick":95},{"sounds":[{"level":-1,"sound":0}],"tick":96},{"sounds":[{"level":-1,"sound":0}],"tick":97},{"sounds":[{"level":-1,"sound":0},{"level":22,"sound":81}],"tick":98},{"sounds":[{"level":-1,"sound":0}],"tick":99},{"sounds":[],"tick":100},{"sounds":[{"level":-1,"sound":0}],"tick":101},{"sounds":[{"level":24,"sound":81},{"level":-1,"sound":0}],"tick":102},{"sounds":[{"level":-1,"sound":0}],"tick":103},{"sounds":[{"level":-1,"sound":0}],"tick":104},{"sounds":[{"level":-1,"sound":0}],"tick":105},{"sounds":[{"level":-1,"sound":0}],"tick":106},{"sounds":[{"level":-1,"sound":0},{"level":7291,"sound":35}],"tick":107},{"sounds":[],"tick":108},{"sounds":[{"level":-1,"sound":0}],"tick":109},{"sounds":[{"level":-1,"sound":0}],"tick":110},{"sounds":[],"tick":111},{"sounds":[{"level":-1,"sound":0},{"level":1036,"sound":81}],"tick":112},{"sounds":[{"level":-1,"sound":0}],"tick":113},{"sounds":[{"level":-1,"sound":0}],"tick":114},{"sounds":[{"level":-1,"sound":0}],"tick":115},{"sounds":[{"level":22,"sound":81},{"level":-1,"sound":0}],"tick":116},{"sounds":[],"tick":117},{"sounds":[{"level":-1,"sound":0}],"tick":118},{"sounds":[{"level":-1,"sound":0}],"tick":119},{"sounds":[],"tick":120},{"sounds":[{"level":24,"sound":81},{"level":-1,"sound":0}],"tick":121},{"sounds":[],"tick":122},{"sounds":[{"level":-1,"sound":0}],"tick":123},{"sounds":[{"level":-1,"sound":0}],"tick":124},{"sounds":[],"tick":125},{"sounds":[{"level":-1,"sound":0}],"tick":126},{"sounds":[{"level":-1,"sound":0}],"tick":127},{"sounds":[{"level":-1,"sound":0}],"tick":128},{"sounds":[],"tick":129},{"sounds":[{"level":1031,"sound":81},{"level":0,"sound":81},{"level":-1,"sound":0}],"tick":130},{"sounds":[{"level":-1,"sound":0}],"tick":131},{"sounds":[{"level":-1,"sound":0}],"tick":132},{"sounds":[{"level":-1,"sound":0}],"tick":133},{"sounds":[{"level":-1,"sound":0}],"tick":134},{"sounds":[{"level":22,"sound":81},{"level":-1,"sound":0}],"tick":135},{"sounds":[],"tick":136},{"sounds":[{"level":-1,"sound":0}],"tick":137},{"sounds":[],"tick":138},{"sounds":[],"tick":139},{"sounds":[{"level":24,"sound":81},{"level":-1,"sound":0}],"tick":140},{"sounds":[],"tick":141},{"sounds":[{"level":-1,"sound":0}],"tick":142},{"sounds":[{"level":-1,"sound":0}],"tick":143},{"sounds":[],"tick":144},{"sounds":[{"level":-1,"sound":0},{"level":31,"sound":81}],"tick":145},{"sounds":[],"tick":146},{"sounds":[{"level":-1,"sound":0}],"tick":147},{"sounds":[{"level":-1,"sound":0}],"tick":148},{"sounds":[{"level":1031,"sound":81},{"level":27,"sound":81},{"level":0,"sound":81},{"level":-1,"sound":0}],"tick":149},{"sounds":[{"level":-1,"sound":0}],"tick":150},{"sounds":[{"level":-1,"sound":0}],"tick":151},{"sounds":[{"level":-1,"sound":0}],"tick":152},{"sounds":[{"level":-1,"sound":0}],"tick":153},{"sounds":[{"level":29,"sound":81},{"level":-1,"sound":0}],"tick":154},{"sounds":[{"level":-1,"sound":0}],"tick":155},{"sounds":[{"level":-1,"sound":0}],"tick":156},{"sounds":[],"tick":157},{"sounds":[{"level":-1,"sound":0}],"tick":158},{"sounds":[{"level":-1,"sound":0},{"level":24,"sound":81}],"tick":159},{"sounds":[],"tick":160},{"sounds":[{"level":-1,"sound":0}],"tick":161},{"sounds":[{"level":-1,"sound":0}],"tick":162},{"sounds":[{"level":-1,"sound":0}],"tick":163},{"sounds":[{"level":-1,"sound":0}],"tick":164},{"sounds":[{"level":-1,"sound":0}],"tick":165},{"sounds":[{"level":-1,"sound":0}],"tick":166},{"sounds":[],"tick":167},{"sounds":[{"level":1031,"sound":81},{"level":19,"sound":81},{"level":0,"sound":81},{"level":-1,"sound":0}],"tick":168},{"sounds":[{"level":-1,"sound":0}],"tick":169},{"sounds":[{"level":-1,"sound":0}],"tick":170},{"sounds":[{"level":-1,"sound":0}],"tick":171},{"sounds":[{"level":-1,"sound":0}],"tick":172},{"sounds":[],"tick":173},{"sounds":[{"level":-1,"sound":0},{"level":22,"sound":81}],"tick":174},{"sounds":[{"level":-1,"sound":0}],"tick":175},{"sounds":[{"level":-1,"sound":0}],"tick":176},{"sounds":[],"tick":177},{"sounds":[{"level":24,"sound":81},{"level":-1,"sound":0}],"tick":178},{"sounds":[],"tick":179},{"sounds":[{"level":-1,"sound":0}],"tick":180},{"sounds":[{"level":-1,"sound":0}],"tick":181},{"sounds":[{"level":-1,"sound":0}],"tick":182},{"sounds":[{"level":-1,"sound":0}],"tick":183},{"sounds":[{"level":-1,"sound":0}],"tick":184},{"sounds":[],"tick":185},{"sounds":[],"tick":186},{"sounds":[{"level":1027,"sound":81},{"level":-1,"sound":0}],"tick":187},{"sounds":[{"level":-1,"sound":0}],"tick":188},{"sounds":[{"level":-1,"sound":0}],"tick":189},{"sounds":[{"level":-1,"sound":0}],"tick":190},{"sounds":[{"level":-1,"sound":0}],"tick":191},{"sounds":[{"level":22,"sound":81},{"level":-1,"sound":0}],"tick":192},{"sounds":[{"level":-1,"sound":0}],"tick":193},{"sounds":[],"tick":194},{"sounds":[{"level":-1,"sound":0}],"tick":195},{"sounds":[{"level":-1,"sound":0}],"tick":196},{"sounds":[{"level":24,"sound":81}],"tick":197},{"sounds":[{"level":-1,"sound":0}],"tick":198},{"sounds":[],"tick":199},{"sounds":[{"level":-1,"sound":0}],"tick":200},{"sounds":[{"level":-1,"sound":0}],"tick":201},{"sounds":[],"tick":202},{"sounds":[{"level":-1,"sound":0}],"tick":203},{"sounds":[{"level":-1,"sound":0}],"tick":204},{"sounds":[],"tick":205},{"sounds":[{"level":1027,"sound":81},{"level":-1,"sound":0}],"tick":206},{"sounds":[],"tick":207},{"sounds":[{"level":-1,"sound":0}],"tick":208},{"sounds":[{"level":-1,"sound":0}],"tick":209},{"sounds":[{"level":-1,"sound":0}],"tick":210},{"sounds":[{"level":22,"sound":81},{"level":-1,"sound":0}],"tick":211},{"sounds":[],"tick":212},{"sounds":[{"level":-1,"sound":0}],"tick":213},{"sounds":[{"level":-1,"sound":0}],"tick":214},{"sounds":[],"tick":215},{"sounds":[{"level":24,"sound":81},{"level":-1,"sound":0}],"tick":216},{"sounds":[{"level":-1,"sound":0}],"tick":217},{"sounds":[{"level":-1,"sound":0}],"tick":218},{"sounds":[{"level":-1,"sound":0}],"tick":219},{"sounds":[{"level":27,"sound":81}],"tick":220},{"sounds":[{"level":-1,"sound":0}],"tick":221},{"sounds":[{"level":-1,"sound":0}],"tick":222},{"sounds":[{"level":-1,"sound":0}],"tick":223},{"sounds":[{"level":-1,"sound":0}],"tick":224},{"sounds":[{"level":1029,"sound":81},{"level":22,"sound":81},{"level":-1,"sound":0}],"tick":225},{"sounds":[{"level":-1,"sound":0}],"tick":226},{"sounds":[{"level":-1,"sound":0}],"tick":227},{"sounds":[],"tick":228},{"sounds":[{"level":-1,"sound":0}],"tick":229},{"sounds":[{"level":24,"sound":81},{"level":-1,"sound":0}],"tick":230},{"sounds":[{"level":-1,"sound":0}],"tick":231},{"sounds":[],"tick":232},{"sounds":[{"level":-1,"sound":0}],"tick":233},{"sounds":[{"level":-1,"sound":0}],"tick":234},{"sounds":[{"level":19,"sound":81}],"tick":235},{"sounds":[{"level":-1,"sound":0}],"tick":236},{"sounds":[{"level":-1,"sound":0}],"tick":237},{"sounds":[{"level":-1,"sound":0}],"tick":238},{"sounds":[{"level":-1,"sound":0}],"tick":239},{"sounds":[{"level":22,"sound":81},{"level":-1,"sound":0}],"tick":240},{"sounds":[],"tick":241},{"sounds":[{"level":-1,"sound":0}],"tick":242},{"sounds":[{"level":-1,"sound":0}],"tick":243},{"sounds":[{"level":1029,"sound":81},{"level":15,"sound":81}],"tick":244},{"sounds":[{"level":-1,"sound":0}],"tick":245},{"sounds":[],"tick":246},{"sounds":[{"level":-1,"sound":0}],"tick":247},{"sounds":[{"level":-1,"sound":0}],"tick":248},{"sounds":[{"level":17,"sound":81},{"level":-1,"sound":0}],"tick":249},{"sounds":[{"level":-1,"sound":0}],"tick":250},{"sounds":[{"level":-1,"sound":0}],"tick":251},{"sounds":[],"tick":252},{"sounds":[{"level":-1,"sound":0}],"tick":253},{"sounds":[{"level":19,"sound":81},{"level":-1,"sound":0}],"tick":254},{"sounds":[{"level":-1,"sound":0}],"tick":255},{"sounds":[{"level":-1,"sound":0}],"tick":256},{"sounds":[],"tick":257},{"sounds":[{"level":-1,"sound":0}],"tick":258},{"sounds":[],"tick":259},{"sounds":[{"level":-1,"sound":0}],"tick":260},{"sounds":[{"level":-1,"sound":0}],"tick":261},{"sounds":[{"level":-1,"sound":0}],"tick":262},{"sounds":[{"level":-1,"sound":0}],"tick":263},{"sounds":[{"level":1031,"sound":81},{"level":-1,"sound":0},{"level":0,"sound":81},{"level":27,"sound":81}],"tick":264},{"sounds":[],"tick":265},{"sounds":[{"level":-1,"sound":0}],"tick":266},{"sounds":[],"tick":267},{"sounds":[{"level":-1,"sound":0}],"tick":268},{"sounds":[{"level":-1,"sound":0}],"tick":269},{"sounds":[],"tick":270},{"sounds":[{"level":-1,"sound":0}],"tick":271},{"sounds":[],"tick":272},{"sounds":[{"level":24,"sound":81},{"level":-1,"sound":0}],"tick":273},{"sounds":[],"tick":274},{"sounds":[{"level":-1,"sound":0}],"tick":275},{"sounds":[{"level":-1,"sound":0}],"tick":276},{"sounds":[{"level":-1,"sound":0}],"tick":277},{"sounds":[],"tick":278},{"sounds":[{"level":-1,"sound":0}],"tick":279},{"sounds":[{"level":-1,"sound":0}],"tick":280},{"sounds":[],"tick":281},{"sounds":[{"level":1031,"sound":81},{"level":31,"sound":81},{"level":0,"sound":81},{"level":-1,"sound":0}],"tick":282},{"sounds":[{"level":-1,"sound":0}],"tick":283},{"sounds":[{"level":-1,"sound":0}],"tick":284},{"sounds":[],"tick":285},{"sounds":[{"level":-1,"sound":0}],"tick":286},{"sounds":[{"level":-1,"sound":0}],"tick":287},{"sounds":[{"level":-1,"sound":0}],"tick":288},{"sounds":[{"level":-1,"sound":0}],"tick":289},{"sounds":[],"tick":290},{"sounds":[{"level":-1,"sound":0}],"tick":291},{"sounds":[{"level":29,"sound":81},{"level":-1,"sound":0}],"tick":292},{"sounds":[{"level":-1,"sound":0}],"tick":293},{"sounds":[{"level":-1,"sound":0}],"tick":294},{"sounds":[{"level":-1,"sound":0}],"tick":295},{"sounds":[{"level":-1,"sound":0}],"tick":296},{"sounds":[{"level":31,"sound":81},{"level":-1,"sound":0}],"tick":297},{"sounds":[],"tick":298},{"sounds":[{"level":29,"sound":81},{"level":-1,"sound":0}],"tick":299},{"sounds":[],"tick":300},{"sounds":[{"level":-1,"sound":0}],"tick":301},{"sounds":[{"level":1031,"sound":81},{"level":27,"sound":81},{"level":0,"sound":81},{"level":-1,"sound":0}],"tick":302},{"sounds":[],"tick":303},{"sounds":[{"level":-1,"sound":0}],"tick":304},{"sounds":[],"tick":305},{"sounds":[{"level":-1,"sound":0}],"tick":306},{"sounds":[{"level":29,"sound":81},{"level":-1,"sound":0}],"tick":307},{"sounds":[{"level":-1,"sound":0}],"tick":308},{"sounds":[{"level":-1,"sound":0}],"tick":309},{"sounds":[{"level":-1,"sound":0}],"tick":310},{"sounds":[{"level":24,"sound":81},{"level":-1,"sound":0}],"tick":311},{"sounds":[{"level":-1,"sound":0}],"tick":312},{"sounds":[],"tick":313},{"sounds":[{"level":-1,"sound":0}],"tick":314},{"sounds":[{"level":-1,"sound":0}],"tick":315},{"sounds":[{"level":-1,"sound":0}],"tick":316},{"sounds":[],"tick":317},{"sounds":[{"level":-1,"sound":0}],"tick":318},{"sounds":[{"level":-1,"sound":0}],"tick":319},{"sounds":[],"tick":320},{"sounds":[{"level":1036,"sound":81},{"level":-1,"sound":0}],"tick":321},{"sounds":[{"level":-1,"sound":0}],"tick":322},{"sounds":[],"tick":323},{"sounds":[{"level":-1,"sound":0}],"tick":324},{"sounds":[{"level":-1,"sound":0}],"tick":325},{"sounds":[{"level":-1,"sound":0}],"tick":326},{"sounds":[],"tick":327},{"sounds":[{"level":-1,"sound":0}],"tick":328},{"sounds":[{"level":-1,"sound":0}],"tick":329},{"sounds":[{"level":-1,"sound":0}],"tick":330},{"sounds":[{"level":24,"sound":81}],"tick":331},{"sounds":[{"level":-1,"sound":0}],"tick":332},{"sounds":[{"level":-1,"sound":0}],"tick":333},{"sounds":[{"level":-1,"sound":0}],"tick":334},{"sounds":[{"level":-1,"sound":0}],"tick":335},{"sounds":[{"level":-1,"sound":0}],"tick":336},{"sounds":[{"level":-1,"sound":0}],"tick":337},{"sounds":[{"level":-1,"sound":0}],"tick":338},{"sounds":[{"level":-1,"sound":0}],"tick":339},{"sounds":[{"level":24,"sound":81}],"tick":340},{"sounds":[{"level":-1,"sound":0}],"tick":341},{"sounds":[{"level":-1,"sound":0}],"tick":342},{"sounds":[{"level":-1,"sound":0}],"tick":343},{"sounds":[{"level":-1,"sound":0}],"tick":344},{"sounds":[],"tick":345},{"sounds":[{"level":-1,"sound":0}],"tick":346},{"sounds":[{"level":-1,"sound":0}],"tick":347},{"sounds":[{"level":-1,"sound":0}],"tick":348},{"sounds":[{"level":-1,"sound":0}],"tick":349},{"sounds":[{"level":24,"sound":81},{"level":-1,"sound":0}],"tick":350},{"sounds":[],"tick":351},{"sounds":[{"level":-1,"sound":0}],"tick":352},{"sounds":[{"level":-1,"sound":0}],"tick":353},{"sounds":[],"tick":354},{"sounds":[{"level":-1,"sound":0}],"tick":355},{"sounds":[{"level":-1,"sound":0}],"tick":356},{"sounds":[],"tick":357},{"sounds":[{"level":-1,"sound":0}],"tick":358},{"sounds":[{"level":-1,"sound":0},{"level":24,"sound":81}],"tick":359},{"sounds":[],"tick":360},{"sounds":[{"level":-1,"sound":0}],"tick":361},{"sounds":[{"level":-1,"sound":0},{"level":27,"sound":81}],"tick":362},{"sounds":[{"level":-1,"sound":0}],"tick":363},{"sounds":[{"level":29,"sound":81},{"level":-1,"sound":0}],"tick":364},{"sounds":[],"tick":365},{"sounds":[{"level":-1,"sound":0}],"tick":366},{"sounds":[{"level":-1,"sound":0},{"level":31,"sound":81}],"tick":367},{"sounds":[{"level":-1,"sound":0}],"tick":368},{"sounds":[{"level":-1,"sound":0},{"level":24,"sound":81}],"tick":369},{"sounds":[{"level":-1,"sound":0}],"tick":370},{"sounds":[{"level":-1,"sound":0}],"tick":371},{"sounds":[{"level":-1,"sound":0}],"tick":372},{"sounds":[{"level":-1,"sound":0}],"tick":373},{"sounds":[{"level":-1,"sound":0}],"tick":374},{"sounds":[{"level":-1,"sound":0}],"tick":375},{"sounds":[{"level":-1,"sound":0}],"tick":376},{"sounds":[{"level":-1,"sound":0}],"tick":377},{"sounds":[{"level":24,"sound":81},{"level":0,"sound":81},{"level":-1,"sound":0}],"tick":378},{"sounds":[{"level":-1,"sound":0}],"tick":379},{"sounds":[],"tick":380},{"sounds":[{"level":-1,"sound":0}],"tick":381},{"sounds":[{"level":-1,"sound":0}],"tick":382},{"sounds":[{"level":-1,"sound":0}],"tick":383},{"sounds":[{"level":-1,"sound":0}],"tick":384},{"sounds":[{"level":-1,"sound":0}],"tick":385},{"sounds":[{"level":-1,"sound":0}],"tick":386},{"sounds":[{"level":-1,"sound":0}],"tick":387},{"sounds":[{"level":24,"sound":81},{"level":-1,"sound":0}],"tick":388},{"sounds":[],"tick":389},{"sounds":[{"level":-1,"sound":0}],"tick":390},{"sounds":[],"tick":391},{"sounds":[{"level":-1,"sound":0}],"tick":392},{"sounds":[{"level":-1,"sound":0},{"level":22,"sound":81}],"tick":393},{"sounds":[],"tick":394},{"sounds":[],"tick":395},{"sounds":[{"level":-1,"sound":0}],"tick":396},{"sounds":[{"level":22,"sound":81},{"level":0,"sound":81},{"level":-1,"sound":0}],"tick":397},{"sounds":[],"tick":398},{"sounds":[{"level":-1,"sound":0}],"tick":399},{"sounds":[],"tick":400},{"sounds":[{"level":-1,"sound":0}],"tick":401},{"sounds":[{"level":24,"sound":81}],"tick":402},{"sounds":[{"level":-1,"sound":0}],"tick":403},{"sounds":[],"tick":404},{"sounds":[],"tick":405},{"sounds":[{"level":-1,"sound":0}],"tick":406},{"sounds":[{"level":24,"sound":81},{"level":-1,"sound":0}],"tick":407},{"sounds":[],"tick":408},{"sounds":[{"level":-1,"sound":0}],"tick":409},{"sounds":[{"level":-1,"sound":0}],"tick":410},{"sounds":[{"level":-1,"sound":0}],"tick":411},{"sounds":[{"level":-1,"sound":0}],"tick":412},{"sounds":[{"level":-1,"sound":0}],"tick":413},{"sounds":[{"level":-1,"sound":0}],"tick":414},{"sounds":[{"level":-1,"sound":0}],"tick":415},{"sounds":[{"level":24,"sound":81},{"level":-1,"sound":0}],"tick":416},{"sounds":[],"tick":417},{"sounds":[{"level":-1,"sound":0}],"tick":418},{"sounds":[{"level":-1,"sound":0}],"tick":419},{"sounds":[{"level":-1,"sound":0}],"tick":420},{"sounds":[],"tick":421},{"sounds":[{"level":-1,"sound":0}],"tick":422},{"sounds":[{"level":-1,"sound":0}],"tick":423},{"sounds":[],"tick":424},{"sounds":[{"level":-1,"sound":0}],"tick":425},{"sounds":[{"level":24,"sound":81},{"level":-1,"sound":0}],"tick":426},{"sounds":[],"tick":427},{"sounds":[{"level":-1,"sound":0}],"tick":428},{"sounds":[{"level":-1,"sound":0}],"tick":429},{"sounds":[],"tick":430},{"sounds":[{"level":-1,"sound":0}],"tick":431},{"sounds":[{"level":-1,"sound":0}],"tick":432},{"sounds":[{"level":-1,"sound":0}],"tick":433},{"sounds":[],"tick":434},{"sounds":[{"level":-1,"sound":0}],"tick":435},{"sounds":[{"level":24,"sound":81}],"tick":436},{"sounds":[{"level":-1,"sound":0}],"tick":437},{"sounds":[{"level":27,"sound":81},{"level":-1,"sound":0}],"tick":438},{"sounds":[{"level":-1,"sound":0}],"tick":439},{"sounds":[{"level":29,"sound":81}],"tick":440},{"sounds":[{"level":-1,"sound":0}],"tick":441},{"sounds":[{"level":-1,"sound":0}],"tick":442},{"sounds":[{"level":-1,"sound":0},{"level":31,"sound":81}],"tick":443},{"sounds":[{"level":-1,"sound":0}],"tick":444},{"sounds":[{"level":24,"sound":81},{"level":-1,"sound":0}],"tick":445},{"sounds":[{"level":-1,"sound":0}],"tick":446},{"sounds":[{"level":-1,"sound":0}],"tick":447},{"sounds":[{"level":-1,"sound":0}],"tick":448},{"sounds":[{"level":-1,"sound":0}],"tick":449},{"sounds":[{"level":-1,"sound":0}],"tick":450},{"sounds":[{"level":-1,"sound":0}],"tick":451},{"sounds":[{"level":-1,"sound":0}],"tick":452},{"sounds":[{"level":-1,"sound":0}],"tick":453},{"sounds":[{"level":24,"sound":81},{"level":0,"sound":81},{"level":-1,"sound":0}],"tick":454},{"sounds":[],"tick":455},{"sounds":[{"level":-1,"sound":0}],"tick":456},{"sounds":[],"tick":457},{"sounds":[{"level":-1,"sound":43}],"tick":458},{"sounds":[{"level":-1,"sound":0}],"tick":459},{"sounds":[],"tick":460},{"sounds":[{"level":-1,"sound":0}],"tick":461},{"sounds":[],"tick":462},{"sounds":[{"level":-1,"sound":0}],"tick":463},{"sounds":[{"level":24,"sound":81},{"level":-1,"sound":0}],"tick":464},{"sounds":[{"level":-1,"sound":0}],"tick":465},{"sounds":[{"level":-1,"sound":0}],"tick":466},{"sounds":[{"level":-1,"sound":0}],"tick":467},{"sounds":[{"level":-1,"sound":0}],"tick":468},{"sounds":[{"level":32,"sound":81},{"level":-1,"sound":0}],"tick":469},{"sounds":[{"level":-1,"sound":0}],"tick":470},{"sounds":[{"level":-1,"sound":0}],"tick":471},{"sounds":[{"level":-1,"sound":0}],"tick":472},{"sounds":[{"level":-1,"sound":0}],"tick":473},{"sounds":[{"level":-1,"sound":0},{"level":0,"sound":81}],"tick":474},{"sounds":[{"level":-1,"sound":0}],"tick":475},{"sounds":[{"level":-1,"sound":0}],"tick":476},{"sounds":[{"level":-1,"sound":0}],"tick":477},{"sounds":[{"level":31,"sound":81},{"level":-1,"sound":0}],"tick":478},{"sounds":[{"level":-1,"sound":0}],"tick":479},{"sounds":[{"level":-1,"sound":0},{"level":7232,"sound":35}],"tick":480},{"sounds":[],"tick":481},{"sounds":[{"level":-1,"sound":0}],"tick":482},{"sounds":[{"level":24,"sound":81}],"tick":483},{"sounds":[{"level":-1,"sound":0}],"tick":484},{"sounds":[],"tick":485},{"sounds":[{"level":-1,"sound":0}],"tick":486},{"sounds":[],"tick":487},{"sounds":[{"level":-1,"sound":0}],"tick":488},{"sounds":[{"level":-1,"sound":0}],"tick":489},{"sounds":[{"level":-1,"sound":0}],"tick":490},{"sounds":[{"level":-1,"sound":0}],"tick":491},{"sounds":[],"tick":492},{"sounds":[{"level":-1,"sound":0},{"level":7233,"sound":35},{"level":24,"sound":81}],"tick":493},{"sounds":[],"tick":494},{"sounds":[{"level":-1,"sound":0}],"tick":495},{"sounds":[],"tick":496},{"sounds":[{"level":-1,"sound":0}],"tick":497},{"sounds":[{"level":-1,"sound":0}],"tick":498},{"sounds":[{"level":-1,"sound":0}],"tick":499},{"sounds":[],"tick":500},{"sounds":[{"level":-1,"sound":0}],"tick":501},{"sounds":[{"level":24,"sound":81}],"tick":502},{"sounds":[{"level":-1,"sound":0}],"tick":503},{"sounds":[],"tick":504},{"sounds":[{"level":-1,"sound":0}],"tick":505},{"sounds":[],"tick":506},{"sounds":[{"level":-1,"sound":0}],"tick":507},{"sounds":[{"level":-1,"sound":0}],"tick":508},{"sounds":[{"level":-1,"sound":0}],"tick":509},{"sounds":[{"level":-1,"sound":0}],"tick":510},{"sounds":[{"level":24,"sound":81},{"level":-1,"sound":0}],"tick":511},{"sounds":[{"level":-1,"sound":0}],"tick":512},{"sounds":[{"level":-1,"sound":0}],"tick":513},{"sounds":[{"level":27,"sound":81},{"level":-1,"sound":0}],"tick":514},{"sounds":[{"level":-1,"sound":0}],"tick":515},{"sounds":[{"level":29,"sound":81},{"level":-1,"sound":0}],"tick":516},{"sounds":[{"level":-1,"sound":0}],"tick":517},{"sounds":[{"level":-1,"sound":0}],"tick":518},{"sounds":[{"level":-1,"sound":0},{"level":31,"sound":81}],"tick":519},{"sounds":[],"tick":520},{"sounds":[{"level":24,"sound":81},{"level":-1,"sound":0}],"tick":521},{"sounds":[],"tick":522},{"sounds":[{"level":-1,"sound":0}],"tick":523},{"sounds":[{"level":-1,"sound":0}],"tick":524},{"sounds":[],"tick":525},{"sounds":[{"level":-1,"sound":0}],"tick":526},{"sounds":[{"level":-1,"sound":0}],"tick":527},{"sounds":[],"tick":528},{"sounds":[{"level":-1,"sound":0}],"tick":529},{"sounds":[{"level":0,"sound":81},{"level":24,"sound":81}],"tick":530},{"sounds":[{"level":-1,"sound":0}],"tick":531},{"sounds":[],"tick":532},{"sounds":[{"level":-1,"sound":0}],"tick":533},{"sounds":[{"level":-1,"sound":0}],"tick":534},{"sounds":[],"tick":535},{"sounds":[{"level":-1,"sound":0}],"tick":536},{"sounds":[{"level":-1,"sound":0}],"tick":537},{"sounds":[{"level":-1,"sound":0}],"tick":538},{"sounds":[{"level":-1,"sound":0}],"tick":539},{"sounds":[{"level":24,"sound":81}],"tick":540},{"sounds":[{"level":-1,"sound":0}],"tick":541},{"sounds":[{"level":-1,"sound":0}],"tick":542},{"sounds":[{"level":-1,"sound":0}],"tick":543},{"sounds":[{"level":-1,"sound":0}],"tick":544},{"sounds":[{"level":-1,"sound":0},{"level":22,"sound":81}],"tick":545},{"sounds":[{"level":-1,"sound":0}],"tick":546},{"sounds":[{"level":-1,"sound":0}],"tick":547},{"sounds":[{"level":-1,"sound":0}],"tick":548},{"sounds":[{"level":22,"sound":81},{"level":0,"sound":81},{"level":-1,"sound":0}],"tick":549},{"sounds":[{"level":-1,"sound":0}],"tick":550},{"sounds":[{"level":-1,"sound":0}],"tick":551},{"sounds":[{"level":-1,"sound":0}],"tick":552},{"sounds":[{"level":-1,"sound":0}],"tick":553},{"sounds":[{"level":24,"sound":81}],"tick":554},{"sounds":[{"level":-1,"sound":0}],"tick":555},{"sounds":[{"level":-1,"sound":0}],"tick":556},{"sounds":[],"tick":557},{"sounds":[{"level":-1,"sound":0}],"tick":558},{"sounds":[{"level":-1,"sound":0},{"level":24,"sound":81}],"tick":559},{"sounds":[],"tick":560},{"sounds":[{"level":-1,"sound":0}],"tick":561},{"sounds":[],"tick":562},{"sounds":[{"level":-1,"sound":0}],"tick":563},{"sounds":[],"tick":564},{"sounds":[{"level":-1,"sound":0}],"tick":565},{"sounds":[{"level":-1,"sound":0}],"tick":566},{"sounds":[{"level":-1,"sound":0}],"tick":567},{"sounds":[{"level":24,"sound":81},{"level":-1,"sound":0}],"tick":568},{"sounds":[{"level":-1,"sound":0}],"tick":569},{"sounds":[{"level":-1,"sound":0}],"tick":570},{"sounds":[{"level":-1,"sound":0}],"tick":571},{"sounds":[{"level":-1,"sound":0}],"tick":572},{"sounds":[{"level":-1,"sound":0}],"tick":573},{"sounds":[{"level":-1,"sound":0}],"tick":574},{"sounds":[{"level":-1,"sound":0}],"tick":575},{"sounds":[{"level":-1,"sound":0}],"tick":576},{"sounds":[{"level":-1,"sound":0}],"tick":577},{"sounds":[{"level":24,"sound":81},{"level":-1,"sound":0}],"tick":578},{"sounds":[{"level":-1,"sound":0}],"tick":579},{"sounds":[{"level":-1,"sound":0}],"tick":580},{"sounds":[{"level":-1,"sound":0}],"tick":581},{"sounds":[],"tick":582},{"sounds":[{"level":-1,"sound":0}],"tick":583},{"sounds":[],"tick":584},{"sounds":[{"level":-1,"sound":0}],"tick":585},{"sounds":[{"level":-1,"sound":0}],"tick":586},{"sounds":[{"level":24,"sound":81},{"level":-1,"sound":0}],"tick":587},{"sounds":[{"level":-1,"sound":0}],"tick":588},{"sounds":[{"level":27,"sound":81},{"level":-1,"sound":0}],"tick":589},{"sounds":[{"level":-1,"sound":0}],"tick":590},{"sounds":[],"tick":591},{"sounds":[{"level":29,"sound":81},{"level":-1,"sound":0}],"tick":592},{"sounds":[],"tick":593},{"sounds":[{"level":31,"sound":81},{"level":-1,"sound":0}],"tick":594},{"sounds":[{"level":-1,"sound":0}],"tick":595},{"sounds":[{"level":-1,"sound":0}],"tick":596},{"sounds":[{"level":-1,"sound":0},{"level":36,"sound":81}],"tick":597},{"sounds":[{"level":-1,"sound":0}],"tick":598},{"sounds":[{"level":-1,"sound":0}],"tick":599},{"sounds":[],"tick":600},{"sounds":[{"level":-1,"sound":0}],"tick":601},{"sounds":[],"tick":602},{"sounds":[{"level":-1,"sound":0}],"tick":603},{"sounds":[{"level":-1,"sound":0}],"tick":604},{"sounds":[{"level":-1,"sound":0}],"tick":605},{"sounds":[{"level":24,"sound":81},{"level":0,"sound":81},{"level":-1,"sound":0}],"tick":606},{"sounds":[{"level":-1,"sound":0}],"tick":607},{"sounds":[{"level":-1,"sound":0}],"tick":608},{"sounds":[{"level":-1,"sound":0}],"tick":609},{"sounds":[{"level":-1,"sound":0}],"tick":610},{"sounds":[{"level":2,"sound":81},{"level":22,"sound":81},{"level":-1,"sound":0}],"tick":611},{"sounds":[{"level":-1,"sound":0}],"tick":612},{"sounds":[{"level":-1,"sound":0}],"tick":613},{"sounds":[{"level":-1,"sound":0}],"tick":614},{"sounds":[{"level":-1,"sound":0}],"tick":615},{"sounds":[{"level":3,"sound":81},{"level":22,"sound":81},{"level":-1,"sound":0}],"tick":616},{"sounds":[],"tick":617},{"sounds":[{"level":-1,"sound":0}],"tick":618},{"sounds":[{"level":-1,"sound":0}],"tick":619},{"sounds":[{"level":2,"sound":81},{"level":24,"sound":81}],"tick":620},{"sounds":[{"level":-1,"sound":0}],"tick":621},{"sounds":[{"level":-1,"sound":0}],"tick":622},{"sounds":[{"level":-1,"sound":0}],"tick":623},{"sounds":[],"tick":624},{"sounds":[{"level":24,"sound":81},{"level":0,"sound":81},{"level":-1,"sound":0}],"tick":625},{"sounds":[{"level":-1,"sound":0}],"tick":626},{"sounds":[{"level":-1,"sound":0}],"tick":627},{"sounds":[],"tick":628},{"sounds":[{"level":-1,"sound":0}],"tick":629},{"sounds":[],"tick":630},{"sounds":[{"level":-1,"sound":0}],"tick":631},{"sounds":[{"level":-1,"sound":0}],"tick":632},{"sounds":[],"tick":633},{"sounds":[{"level":-1,"sound":0}],"tick":634},{"sounds":[{"level":-1,"sound":0}],"tick":635},{"sounds":[{"level":-1,"sound":0}],"tick":636},{"sounds":[{"level":-1,"sound":0}],"tick":637},{"sounds":[{"level":-1,"sound":0}],"tick":638},{"sounds":[{"level":-1,"sound":0}],"tick":639},{"sounds":[],"tick":640},{"sounds":[{"level":-1,"sound":0}],"tick":641},{"sounds":[{"level":-1,"sound":0}],"tick":642},{"sounds":[{"level":-1,"sound":0}],"tick":643},{"sounds":[{"level":-1,"sound":0}],"tick":644},{"sounds":[{"level":-1,"sound":0}],"tick":645},{"sounds":[{"level":-1,"sound":0}],"tick":646},{"sounds":[{"level":-1,"sound":0}],"tick":647},{"sounds":[],"tick":648},{"sounds":[{"level":24,"sound":81},{"level":-1,"sound":0}],"tick":649},{"sounds":[],"tick":650},{"sounds":[{"level":-1,"sound":0}],"tick":651},{"sounds":[{"level":-1,"sound":0}],"tick":652},{"sounds":[],"tick":653},{"sounds":[{"level":24,"sound":81},{"level":-1,"sound":0}],"tick":654},{"sounds":[{"level":-1,"sound":0}],"tick":655},{"sounds":[{"level":-1,"sound":0}],"tick":656},{"sounds":[],"tick":657},{"sounds":[{"level":-1,"sound":0}],"tick":658},{"sounds":[{"level":-1,"sound":0},{"level":22,"sound":81}],"tick":659},{"sounds":[],"tick":660},{"sounds":[{"level":22,"sound":81},{"level":-1,"sound":0}],"tick":661},{"sounds":[{"level":-1,"sound":0}],"tick":662},{"sounds":[{"level":-1,"sound":0}],"tick":663},{"sounds":[{"level":-1,"sound":0}],"tick":664},{"sounds":[{"level":-1,"sound":0}],"tick":665},{"sounds":[{"level":-1,"sound":0}],"tick":666},{"sounds":[{"level":-1,"sound":0}],"tick":667},{"sounds":[{"level":24,"sound":81}],"tick":668},{"sounds":[{"level":-1,"sound":0}],"tick":669},{"sounds":[{"level":-1,"sound":0}],"tick":670},{"sounds":[{"level":-1,"sound":0}],"tick":671},{"sounds":[{"level":-1,"sound":0}],"tick":672},{"sounds":[{"level":22,"sound":81}],"tick":673},{"sounds":[{"level":-1,"sound":0}],"tick":674},{"sounds":[{"level":-1,"sound":0}],"tick":675},{"sounds":[{"level":-1,"sound":0}],"tick":676},{"sounds":[{"level":-1,"sound":0}],"tick":677},{"sounds":[{"level":19,"sound":81},{"level":-1,"sound":0}],"tick":678},{"sounds":[{"level":-1,"sound":0}],"tick":679},{"sounds":[],"tick":680},{"sounds":[{"level":-1,"sound":0}],"tick":681},{"sounds":[],"tick":682},{"sounds":[{"level":19,"sound":81},{"level":0,"sound":81},{"level":-1,"sound":0}],"tick":683},{"sounds":[{"level":-1,"sound":0}],"tick":684},{"sounds":[{"level":-1,"sound":0}],"tick":685},{"sounds":[],"tick":686},{"sounds":[{"level":2,"sound":81},{"level":22,"sound":81},{"level":-1,"sound":0}],"tick":687},{"sounds":[{"level":-1,"sound":0}],"tick":688},{"sounds":[{"level":-1,"sound":0}],"tick":689},{"sounds":[{"level":19,"sound":81},{"level":-1,"sound":0}],"tick":690},{"sounds":[{"level":-1,"sound":0},{"level":7914,"sound":35}],"tick":691},{"sounds":[{"level":3,"sound":81},{"level":-1,"sound":0}],"tick":692},{"sounds":[{"level":-1,"sound":0}],"tick":693},{"sounds":[{"level":-1,"sound":0}],"tick":694},{"sounds":[{"level":-1,"sound":0}],"tick":695},{"sounds":[{"level":-1,"sound":0}],"tick":696},{"sounds":[{"level":-1,"sound":0}],"tick":697},{"sounds":[{"level":-1,"sound":0}],"tick":698},{"sounds":[],"tick":699},{"sounds":[{"level":-1,"sound":0}],"tick":700},{"sounds":[{"level":-1,"sound":0}],"tick":701},{"sounds":[{"level":-1,"sound":0}],"tick":702},{"sounds":[{"level":-1,"sound":0}],"tick":703},{"sounds":[],"tick":704},{"sounds":[{"level":-1,"sound":0}],"tick":705},{"sounds":[],"tick":706},{"sounds":[{"level":-1,"sound":0}],"tick":707},{"sounds":[],"tick":708},{"sounds":[{"level":-1,"sound":0}],"tick":709},{"sounds":[{"level":-1,"sound":0}],"tick":710},{"sounds":[{"level":-1,"sound":0}],"tick":711},{"sounds":[],"tick":712},{"sounds":[{"level":-1,"sound":0}],"tick":713},{"sounds":[{"level":-1,"sound":0}],"tick":714},{"sounds":[],"tick":715},{"sounds":[{"level":-1,"sound":0}],"tick":716},{"sounds":[{"level":-1,"sound":0}],"tick":717},{"sounds":[{"level":-1,"sound":0}],"tick":718},{"sounds":[{"level":-1,"sound":0}],"tick":719},{"sounds":[{"level":-1,"sound":0},{"level":5718,"sound":35}],"tick":720},{"sounds":[],"tick":721},{"sounds":[{"level":-1,"sound":0}],"tick":722},{"sounds":[],"tick":723},{"sounds":[{"level":-1,"sound":0}],"tick":724},{"sounds":[{"level":24,"sound":81},{"level":-1,"sound":0}],"tick":725},{"sounds":[{"level":-1,"sound":0}],"tick":726},{"sounds":[],"tick":727},{"sounds":[{"level":-1,"sound":0}],"tick":728},{"sounds":[{"level":-1,"sound":0}],"tick":729},{"sounds":[{"level":24,"sound":81},{"level":-1,"sound":0}],"tick":730},{"sounds":[{"level":-1,"sound":0}],"tick":731},{"sounds":[{"level":-1,"sound":0}],"tick":732},{"sounds":[{"level":-1,"sound":0}],"tick":733},{"sounds":[],"tick":734},{"sounds":[{"level":22,"sound":81},{"level":-1,"sound":0}],"tick":735},{"sounds":[{"level":-1,"sound":0}],"tick":736},{"sounds":[{"level":-1,"sound":0}],"tick":737},{"sounds":[{"level":-1,"sound":0}],"tick":738},{"sounds":[{"level":-1,"sound":0}],"tick":739},{"sounds":[{"level":24,"sound":81}],"tick":740},{"sounds":[{"level":-1,"sound":0}],"tick":741},{"sounds":[{"level":-1,"sound":0}],"tick":742},{"sounds":[{"level":-1,"sound":0}],"tick":743},{"sounds":[{"level":-1,"sound":0}],"tick":744},{"sounds":[{"level":-1,"sound":0},{"level":26,"sound":81}],"tick":745},{"sounds":[{"level":-1,"sound":0}],"tick":746},{"sounds":[{"level":-1,"sound":0}],"tick":747},{"sounds":[{"level":-1,"sound":0}],"tick":748},{"sounds":[{"level":27,"sound":81}],"tick":749},{"sounds":[{"level":-1,"sound":0},{"level":5718,"sound":35}],"tick":750},{"sounds":[{"level":-1,"sound":0}],"tick":751},{"sounds":[{"level":-1,"sound":0}],"tick":752},{"sounds":[{"level":7225,"sound":35}],"tick":753},{"sounds":[{"level":-1,"sound":0}],"tick":754},{"sounds":[],"tick":755},{"sounds":[{"level":-1,"sound":0}],"tick":756},{"sounds":[{"level":-1,"sound":0},{"level":7225,"sound":35}],"tick":757},{"sounds":[{"level":-1,"sound":0}],"tick":758},{"sounds":[{"level":-1,"sound":0},{"level":0,"sound":81},{"level":26,"sound":81}],"tick":759},{"sounds":[],"tick":760},{"sounds":[{"level":-1,"sound":0}],"tick":761},{"sounds":[],"tick":762},{"sounds":[{"level":-1,"sound":0}],"tick":763},{"sounds":[{"level":2,"sound":81},{"level":-1,"sound":0}],"tick":764},{"sounds":[{"level":-1,"sound":0}],"tick":765},{"sounds":[{"level":-1,"sound":0}],"tick":766},{"sounds":[{"level":-1,"sound":0}],"tick":767},{"sounds":[{"level":-1,"sound":0}],"tick":768},{"sounds":[{"level":-1,"sound":0},{"level":3,"sound":81},{"level":24,"sound":81}],"tick":769},{"sounds":[{"level":-1,"sound":0}],"tick":770},{"sounds":[{"level":-1,"sound":0}],"tick":771},{"sounds":[{"level":-1,"sound":0},{"level":7914,"sound":35}],"tick":772},{"sounds":[{"level":26,"sound":81},{"level":-1,"sound":0}],"tick":773},{"sounds":[{"level":-1,"sound":0},{"level":7186,"sound":35}],"tick":774},{"sounds":[{"level":24,"sound":81},{"level":-1,"sound":0}],"tick":775},{"sounds":[{"level":-1,"sound":0}],"tick":776},{"sounds":[],"tick":777},{"sounds":[{"level":22,"sound":81},{"level":0,"sound":81},{"level":-1,"sound":0}],"tick":778},{"sounds":[{"level":-1,"sound":0}],"tick":779},{"sounds":[],"tick":780},{"sounds":[{"level":-1,"sound":0}],"tick":781},{"sounds":[{"level":-1,"sound":0}],"tick":782},{"sounds":[{"level":-1,"sound":0}],"tick":783},{"sounds":[],"tick":784},{"sounds":[],"tick":785},{"sounds":[{"level":-1,"sound":0}],"tick":786},{"sounds":[],"tick":787},{"sounds":[{"level":-1,"sound":0}],"tick":788},{"sounds":[{"level":-1,"sound":0}],"tick":789},{"sounds":[],"tick":790},{"sounds":[{"level":-1,"sound":0}],"tick":791},{"sounds":[],"tick":792},{"sounds":[],"tick":793},{"sounds":[{"level":-1,"sound":0}],"tick":794},{"sounds":[],"tick":795},{"sounds":[{"level":-1,"sound":0}],"tick":796},{"sounds":[{"level":-1,"sound":0}],"tick":797},{"sounds":[{"level":-1,"sound":0}],"tick":798},{"sounds":[{"level":-1,"sound":0}],"tick":799},{"sounds":[],"tick":800},{"sounds":[{"level":-1,"sound":0}],"tick":801},{"sounds":[{"level":24,"sound":81},{"level":-1,"sound":0}],"tick":802},{"sounds":[{"level":-1,"sound":0}],"tick":803},{"sounds":[{"level":-1,"sound":0}],"tick":804},{"sounds":[{"level":-1,"sound":0}],"tick":805},{"sounds":[],"tick":806},{"sounds":[{"level":-1,"sound":0},{"level":24,"sound":81}],"tick":807},{"sounds":[{"level":-1,"sound":0}],"tick":808},{"sounds":[],"tick":809},{"sounds":[{"level":-1,"sound":0}],"tick":810},{"sounds":[{"level":22,"sound":81},{"level":-1,"sound":0}],"tick":811},{"sounds":[{"level":-1,"sound":0}],"tick":812},{"sounds":[{"level":-1,"sound":0}],"tick":813},{"sounds":[{"level":22,"sound":81},{"level":-1,"sound":0}],"tick":814},{"sounds":[{"level":-1,"sound":0}],"tick":815},{"sounds":[{"level":-1,"sound":0}],"tick":816},{"sounds":[],"tick":817},{"sounds":[{"level":-1,"sound":0}],"tick":818},{"sounds":[{"level":-1,"sound":0}],"tick":819},{"sounds":[{"level":-1,"sound":0}],"tick":820},{"sounds":[{"level":24,"sound":81},{"level":-1,"sound":0}],"tick":821},{"sounds":[],"tick":822},{"sounds":[{"level":-1,"sound":0}],"tick":823},{"sounds":[{"level":-1,"sound":0}],"tick":824},{"sounds":[{"level":-1,"sound":0}],"tick":825},{"sounds":[{"level":22,"sound":81}],"tick":826},{"sounds":[{"level":-1,"sound":0}],"tick":827},{"sounds":[{"level":-1,"sound":0}],"tick":828},{"sounds":[{"level":-1,"sound":0}],"tick":829},{"sounds":[{"level":19,"sound":81},{"level":-1,"sound":0}],"tick":830},{"sounds":[],"tick":831},{"sounds":[{"level":-1,"sound":0}],"tick":832},{"sounds":[{"level":-1,"sound":0}],"tick":833},{"sounds":[{"level":-1,"sound":0}],"tick":834},{"sounds":[],"tick":835},{"sounds":[{"level":19,"sound":81},{"level":0,"sound":81},{"level":-1,"sound":0}],"tick":836},{"sounds":[{"level":-1,"sound":0}],"tick":837},{"sounds":[{"level":-1,"sound":0}],"tick":838},{"sounds":[{"level":-1,"sound":0}],"tick":839},{"sounds":[{"level":2,"sound":81},{"level":22,"sound":81}],"tick":840},{"sounds":[{"level":-1,"sound":0}],"tick":841},{"sounds":[{"level":19,"sound":81},{"level":-1,"sound":0}],"tick":842},{"sounds":[{"level":-1,"sound":0}],"tick":843},{"sounds":[{"level":3,"sound":81},{"level":-1,"sound":0}],"tick":844},{"sounds":[{"level":-1,"sound":0}],"tick":845},{"sounds":[{"level":-1,"sound":0}],"tick":846},{"sounds":[],"tick":847},{"sounds":[{"level":-1,"sound":0}],"tick":848},{"sounds":[],"tick":849},{"sounds":[{"level":-1,"sound":0}],"tick":850},{"sounds":[{"level":-1,"sound":0}],"tick":851},{"sounds":[],"tick":852},{"sounds":[{"level":-1,"sound":0}],"tick":853},{"sounds":[],"tick":854},{"sounds":[{"level":-1,"sound":0}],"tick":855},{"sounds":[],"tick":856},{"sounds":[{"level":-1,"sound":0}],"tick":857},{"sounds":[{"level":-1,"sound":0}],"tick":858},{"sounds":[{"level":-1,"sound":0},{"level":22,"sound":81}],"tick":859},{"sounds":[],"tick":860},{"sounds":[{"level":-1,"sound":0}],"tick":861},{"sounds":[{"level":-1,"sound":0}],"tick":862},{"sounds":[{"level":22,"sound":81},{"level":-1,"sound":0}],"tick":863},{"sounds":[{"level":-1,"sound":0}],"tick":864},{"sounds":[{"level":-1,"sound":0}],"tick":865},{"sounds":[{"level":-1,"sound":0}],"tick":866},{"sounds":[{"level":-1,"sound":0}],"tick":867},{"sounds":[{"level":24,"sound":81},{"level":-1,"sound":0}],"tick":868},{"sounds":[{"level":-1,"sound":0}],"tick":869},{"sounds":[{"level":-1,"sound":0}],"tick":870},{"sounds":[{"level":-1,"sound":0}],"tick":871},{"sounds":[{"level":-1,"sound":0}],"tick":872},{"sounds":[{"level":-1,"sound":0}],"tick":873},{"sounds":[{"level":-1,"sound":0}],"tick":874},{"sounds":[{"level":-1,"sound":0}],"tick":875},{"sounds":[{"level":-1,"sound":0}],"tick":876},{"sounds":[{"level":-1,"sound":0}],"tick":877},{"sounds":[{"level":-1,"sound":0},{"level":22,"sound":81}],"tick":878},{"sounds":[],"tick":879},{"sounds":[{"level":-1,"sound":0}],"tick":880},{"sounds":[],"tick":881},{"sounds":[{"level":-1,"sound":0}],"tick":882},{"sounds":[{"level":22,"sound":81}],"tick":883},{"sounds":[{"level":-1,"sound":0}],"tick":884},{"sounds":[{"level":-1,"sound":0}],"tick":885},{"sounds":[{"level":-1,"sound":0}],"tick":886},{"sounds":[{"level":24,"sound":81},{"level":-1,"sound":0}],"tick":887},{"sounds":[{"level":-1,"sound":0}],"tick":888},{"sounds":[{"level":-1,"sound":0}],"tick":889},{"sounds":[],"tick":890},{"sounds":[{"level":-1,"sound":0}],"tick":891},{"sounds":[{"level":-1,"sound":0}],"tick":892},{"sounds":[{"level":-1,"sound":0}],"tick":893},{"sounds":[],"tick":894},{"sounds":[{"level":-1,"sound":0}],"tick":895},{"sounds":[],"tick":896},{"sounds":[{"level":22,"sound":81},{"level":-1,"sound":0}],"tick":897},{"sounds":[{"level":-1,"sound":0}],"tick":898},{"sounds":[{"level":-1,"sound":0},{"level":24,"sound":81}],"tick":899},{"sounds":[],"tick":900},{"sounds":[{"level":27,"sound":81},{"level":-1,"sound":0}],"tick":901},{"sounds":[{"level":-1,"sound":0}],"tick":902},{"sounds":[{"level":-1,"sound":0}],"tick":903},{"sounds":[],"tick":904},{"sounds":[{"level":-1,"sound":0}],"tick":905},{"sounds":[{"level":-1,"sound":0}],"tick":906},{"sounds":[{"level":-1,"sound":0}],"tick":907},{"sounds":[{"level":-1,"sound":0}],"tick":908},{"sounds":[{"level":-1,"sound":0}],"tick":909},{"sounds":[{"level":-1,"sound":0}],"tick":910},{"sounds":[{"level":29,"sound":81},{"level":0,"sound":81},{"level":-1,"sound":0}],"tick":911},{"sounds":[{"level":-1,"sound":0}],"tick":912},{"sounds":[],"tick":913},{"sounds":[{"level":-1,"sound":0}],"tick":914},{"sounds":[{"level":-1,"sound":0}],"tick":915},{"sounds":[{"level":-1,"sound":0},{"level":2,"sound":81}],"tick":916},{"sounds":[{"level":-1,"sound":0}],"tick":917},{"sounds":[],"tick":918},{"sounds":[],"tick":919},{"sounds":[{"level":3,"sound":81},{"level":24,"sound":81},{"level":-1,"sound":0}],"tick":920},{"sounds":[{"level":-1,"sound":0}],"tick":921},{"sounds":[],"tick":922},{"sounds":[{"level":-1,"sound":0}],"tick":923},{"sounds":[{"level":-1,"sound":0}],"tick":924},{"sounds":[{"level":2,"sound":81},{"level":19,"sound":81},{"level":-1,"sound":0}],"tick":925},{"sounds":[],"tick":926},{"sounds":[{"level":-1,"sound":0}],"tick":927},{"sounds":[],"tick":928},{"sounds":[{"level":-1,"sound":0}],"tick":929},{"sounds":[{"level":19,"sound":81},{"level":0,"sound":81},{"level":-1,"sound":0}],"tick":930},{"sounds":[{"level":-1,"sound":0}],"tick":931},{"sounds":[{"level":-1,"sound":0}],"tick":932},{"sounds":[{"level":-1,"sound":0}],"tick":933},{"sounds":[{"level":-1,"sound":0}],"tick":934},{"sounds":[{"level":22,"sound":81},{"level":-1,"sound":0}],"tick":935},{"sounds":[{"level":-1,"sound":0}],"tick":936},{"sounds":[{"level":-1,"sound":0}],"tick":937},{"sounds":[{"level":-1,"sound":0}],"tick":938},{"sounds":[],"tick":939},{"sounds":[{"level":22,"sound":81},{"level":-1,"sound":0}],"tick":940},{"sounds":[{"level":-1,"sound":0}],"tick":941},{"sounds":[{"level":-1,"sound":0}],"tick":942},{"sounds":[{"level":-1,"sound":0}],"tick":943},{"sounds":[{"level":24,"sound":81},{"level":-1,"sound":0}],"tick":944},{"sounds":[{"level":-1,"sound":0}],"tick":945},{"sounds":[{"level":-1,"sound":0}],"tick":946},{"sounds":[{"level":-1,"sound":0}],"tick":947},{"sounds":[{"level":-1,"sound":0},{"level":7232,"sound":35}],"tick":948},{"sounds":[{"level":-1,"sound":0}],"tick":949},{"sounds":[],"tick":950},{"sounds":[{"level":-1,"sound":0}],"tick":951},{"sounds":[{"level":-1,"sound":0}],"tick":952},{"sounds":[{"level":-1,"sound":0}],"tick":953},{"sounds":[{"level":31,"sound":81}],"tick":954},{"sounds":[{"level":-1,"sound":0}],"tick":955},{"sounds":[{"level":-1,"sound":0}],"tick":956},{"sounds":[],"tick":957},{"sounds":[{"level":29,"sound":81},{"level":0,"sound":81},{"level":-1,"sound":0}],"tick":958},{"sounds":[],"tick":959},{"sounds":[{"level":-1,"sound":0},{"level":7131,"sound":35}],"tick":960},{"sounds":[{"level":-1,"sound":0}],"tick":961},{"sounds":[],"tick":962},{"sounds":[{"level":-1,"sound":0}],"tick":963},{"sounds":[{"level":-1,"sound":0}],"tick":964},{"sounds":[{"level":-1,"sound":0}],"tick":965},{"sounds":[],"tick":966},{"sounds":[{"level":-1,"sound":0}],"tick":967},{"sounds":[{"level":-1,"sound":0}],"tick":968},{"sounds":[{"level":-1,"sound":0}],"tick":969},{"sounds":[{"level":-1,"sound":0}],"tick":970},{"sounds":[],"tick":971},{"sounds":[{"level":-1,"sound":0}],"tick":972},{"sounds":[{"level":24,"sound":81},{"level":-1,"sound":0}],"tick":973},{"sounds":[{"level":-1,"sound":0}],"tick":974},{"sounds":[{"level":-1,"sound":0}],"tick":975},{"sounds":[],"tick":976},{"sounds":[{"level":-1,"sound":0},{"level":7233,"sound":35}],"tick":977},{"sounds":[{"level":-1,"sound":0}],"tick":978},{"sounds":[{"level":-1,"sound":0}],"tick":979},{"sounds":[],"tick":980},{"sounds":[{"level":-1,"sound":0}],"tick":981},{"sounds":[{"level":-1,"sound":0}],"tick":982},{"sounds":[{"level":24,"sound":81}],"tick":983},{"sounds":[{"level":-1,"sound":0}],"tick":984},{"sounds":[],"tick":985},{"sounds":[{"level":-1,"sound":0}],"tick":986},{"sounds":[],"tick":987},{"sounds":[{"level":-1,"sound":0}],"tick":988},{"sounds":[{"level":-1,"sound":0}],"tick":989},{"sounds":[{"level":-1,"sound":0}],"tick":990},{"sounds":[{"level":-1,"sound":0}],"tick":991},{"sounds":[{"level":31,"sound":81},{"level":0,"sound":81},{"level":-1,"sound":0}],"tick":992},{"sounds":[],"tick":993},{"sounds":[{"level":-1,"sound":0}],"tick":994},{"sounds":[{"level":-1,"sound":0}],"tick":995},{"sounds":[{"level":-1,"sound":0}],"tick":996},{"sounds":[{"level":2,"sound":81},{"level":29,"sound":81},{"level":-1,"sound":0}],"tick":997},{"sounds":[{"level":-1,"sound":0}],"tick":998},{"sounds":[],"tick":999},{"sounds":[{"level":-1,"sound":0}],"tick":1000},{"sounds":[{"level":-1,"sound":0}],"tick":1001},{"sounds":[{"level":0,"sound":81},{"level":-1,"sound":0}],"tick":1002},{"sounds":[{"level":-1,"sound":0}],"tick":1003},{"sounds":[{"level":-1,"sound":0}],"tick":1004},{"sounds":[{"level":-1,"sound":0}],"tick":1005},{"sounds":[{"level":-1,"sound":0}],"tick":1006},{"sounds":[],"tick":1007},{"sounds":[{"level":-1,"sound":0}],"tick":1008},{"sounds":[{"level":-1,"sound":0}],"tick":1009},{"sounds":[{"level":-1,"sound":0}],"tick":1010},{"sounds":[],"tick":1011},{"sounds":[{"level":-1,"sound":0}],"tick":1012},{"sounds":[{"level":-1,"sound":0}],"tick":1013},{"sounds":[],"tick":1014},{"sounds":[{"level":-1,"sound":0}],"tick":1015},{"sounds":[{"level":-1,"sound":0}],"tick":1016},{"sounds":[{"level":-1,"sound":0}],"tick":1017},{"sounds":[{"level":-1,"sound":0}],"tick":1018},{"sounds":[{"level":-1,"sound":0}],"tick":1019},{"sounds":[],"tick":1020},{"sounds":[{"level":29,"sound":81},{"level":-1,"sound":0}],"tick":1021},{"sounds":[{"level":-1,"sound":0}],"tick":1022},{"sounds":[],"tick":1023},{"sounds":[{"level":-1,"sound":0}],"tick":1024},{"sounds":[{"level":-1,"sound":0}],"tick":1025},{"sounds":[{"level":29,"sound":81},{"level":0,"sound":81},{"level":-1,"sound":0}],"tick":1026},{"sounds":[{"level":-1,"sound":0}],"tick":1027},{"sounds":[{"level":-1,"sound":0}],"tick":1028},{"sounds":[{"level":-1,"sound":0}],"tick":1029},{"sounds":[{"level":-1,"sound":0}],"tick":1030},{"sounds":[{"level":-1,"sound":0},{"level":2,"sound":81},{"level":28,"sound":81}],"tick":1031},{"sounds":[{"level":-1,"sound":0}],"tick":1032},{"sounds":[{"level":-1,"sound":0}],"tick":1033},{"sounds":[{"level":-1,"sound":0}],"tick":1034},{"sounds":[{"level":3,"sound":81},{"level":29,"sound":81},{"level":-1,"sound":0}],"tick":1035},{"sounds":[{"level":-1,"sound":0}],"tick":1036},{"sounds":[{"level":-1,"sound":0}],"tick":1037},{"sounds":[{"level":-1,"sound":0}],"tick":1038},{"sounds":[],"tick":1039},{"sounds":[{"level":2,"sound":81},{"level":28,"sound":81},{"level":-1,"sound":0}],"tick":1040},{"sounds":[{"level":-1,"sound":0}],"tick":1041},{"sounds":[{"level":24,"sound":81},{"level":-1,"sound":0}],"tick":1042},{"sounds":[{"level":-1,"sound":0}],"tick":1043},{"sounds":[],"tick":1044},{"sounds":[{"level":-1,"sound":0},{"level":0,"sound":81}],"tick":1045},{"sounds":[{"level":-1,"sound":0}],"tick":1046},{"sounds":[{"level":-1,"sound":0}],"tick":1047},{"sounds":[{"level":-1,"sound":0}],"tick":1048},{"sounds":[{"level":22,"sound":81}],"tick":1049},{"sounds":[{"level":-1,"sound":0}],"tick":1050},{"sounds":[{"level":-1,"sound":0}],"tick":1051},{"sounds":[{"level":-1,"sound":0}],"tick":1052},{"sounds":[{"level":-1,"sound":0}],"tick":1053},{"sounds":[{"level":0,"sound":81},{"level":-1,"sound":0}],"tick":1054},{"sounds":[{"level":-1,"sound":0}],"tick":1055},{"sounds":[{"level":-1,"sound":0}],"tick":1056},{"sounds":[{"level":-1,"sound":0}],"tick":1057},{"sounds":[],"tick":1058},{"sounds":[{"level":22,"sound":81},{"level":-1,"sound":0}],"tick":1059},{"sounds":[],"tick":1060},{"sounds":[{"level":-1,"sound":0}],"tick":1061},{"sounds":[{"level":-1,"sound":0}],"tick":1062},{"sounds":[],"tick":1063},{"sounds":[{"level":-1,"sound":0},{"level":22,"sound":81}],"tick":1064},{"sounds":[{"level":-1,"sound":0}],"tick":1065},{"sounds":[],"tick":1066},{"sounds":[{"level":-1,"sound":0}],"tick":1067},{"sounds":[{"level":24,"sound":81},{"level":-1,"sound":0}],"tick":1068},{"sounds":[],"tick":1069},{"sounds":[{"level":-1,"sound":0}],"tick":1070},{"sounds":[{"level":-1,"sound":0}],"tick":1071},{"sounds":[],"tick":1072},{"sounds":[{"level":24,"sound":81}],"tick":1073},{"sounds":[],"tick":1074},{"sounds":[{"level":-1,"sound":0}],"tick":1075},{"sounds":[{"level":-1,"sound":0}],"tick":1076},{"sounds":[],"tick":1077},{"sounds":[{"level":19,"sound":81},{"level":-1,"sound":0}],"tick":1078},{"sounds":[{"level":-1,"sound":0}],"tick":1079},{"sounds":[{"level":-1,"sound":0}],"tick":1080},{"sounds":[],"tick":1081},{"sounds":[],"tick":1082},{"sounds":[{"level":19,"sound":81},{"level":-1,"sound":0}],"tick":1083},{"sounds":[{"level":-1,"sound":0}],"tick":1084},{"sounds":[{"level":-1,"sound":0}],"tick":1085},{"sounds":[{"level":-1,"sound":0}],"tick":1086},{"sounds":[{"level":22,"sound":81},{"level":-1,"sound":0}],"tick":1087},{"sounds":[],"tick":1088},{"sounds":[{"level":-1,"sound":0}],"tick":1089},{"sounds":[{"level":-1,"sound":0}],"tick":1090},{"sounds":[{"level":-1,"sound":0}],"tick":1091},{"sounds":[{"level":22,"sound":81},{"level":-1,"sound":0}],"tick":1092},{"sounds":[{"level":-1,"sound":0}],"tick":1093},{"sounds":[{"level":-1,"sound":0}],"tick":1094},{"sounds":[{"level":-1,"sound":0}],"tick":1095},{"sounds":[{"level":-1,"sound":0}],"tick":1096},{"sounds":[{"level":-1,"sound":0},{"level":24,"sound":81}],"tick":1097},{"sounds":[],"tick":1098},{"sounds":[{"level":-1,"sound":0}],"tick":1099},{"sounds":[],"tick":1100},{"sounds":[{"level":-1,"sound":0}],"tick":1101},{"sounds":[],"tick":1102},{"sounds":[{"level":-1,"sound":0}],"tick":1103},{"sounds":[],"tick":1104},{"sounds":[{"level":-1,"sound":0}],"tick":1105},{"sounds":[{"level":-1,"sound":0}],"tick":1106},{"sounds":[{"level":31,"sound":81}],"tick":1107},{"sounds":[{"level":-1,"sound":0}],"tick":1108},{"sounds":[{"level":-1,"sound":0}],"tick":1109},{"sounds":[],"tick":1110},{"sounds":[{"level":-1,"sound":0}],"tick":1111},{"sounds":[{"level":-1,"sound":0},{"level":0,"sound":81},{"level":29,"sound":81}],"tick":1112},{"sounds":[{"level":-1,"sound":0}],"tick":1113},{"sounds":[{"level":-1,"sound":0}],"tick":1114},{"sounds":[{"level":-1,"sound":0}],"tick":1115},{"sounds":[{"level":-1,"sound":0}],"tick":1116},{"sounds":[{"level":-1,"sound":0}],"tick":1117},{"sounds":[{"level":-1,"sound":0}],"tick":1118},{"sounds":[{"level":-1,"sound":0}],"tick":1119},{"sounds":[],"tick":1120},{"sounds":[{"level":-1,"sound":0}],"tick":1121},{"sounds":[{"level":-1,"sound":0}],"tick":1122},{"sounds":[{"level":-1,"sound":0}],"tick":1123},{"sounds":[{"level":-1,"sound":0}],"tick":1124},{"sounds":[{"level":-1,"sound":0}],"tick":1125},{"sounds":[{"level":24,"sound":81},{"level":-1,"sound":0}],"tick":1126},{"sounds":[{"level":-1,"sound":0}],"tick":1127},{"sounds":[{"level":-1,"sound":0}],"tick":1128},{"sounds":[],"tick":1129},{"sounds":[{"level":-1,"sound":0}],"tick":1130},{"sounds":[],"tick":1131},{"sounds":[{"level":-1,"sound":0}],"tick":1132},{"sounds":[],"tick":1133},{"sounds":[{"level":-1,"sound":0}],"tick":1134},{"sounds":[{"level":-1,"sound":0}],"tick":1135},{"sounds":[{"level":-1,"sound":0},{"level":24,"sound":81}],"tick":1136},{"sounds":[],"tick":1137},{"sounds":[{"level":-1,"sound":0}],"tick":1138},{"sounds":[],"tick":1139},{"sounds":[{"level":-1,"sound":0}],"tick":1140},{"sounds":[],"tick":1141},{"sounds":[{"level":-1,"sound":0}],"tick":1142},{"sounds":[{"level":-1,"sound":0}],"tick":1143},{"sounds":[{"level":-1,"sound":0}],"tick":1144},{"sounds":[{"level":0,"sound":81},{"level":31,"sound":81}],"tick":1145},{"sounds":[{"level":-1,"sound":0}],"tick":1146},{"sounds":[{"level":-1,"sound":0}],"tick":1147},{"sounds":[],"tick":1148},{"sounds":[{"level":-1,"sound":0}],"tick":1149},{"sounds":[{"level":-1,"sound":0},{"level":2,"sound":81},{"level":29,"sound":81}],"tick":1150},{"sounds":[{"level":-1,"sound":0}],"tick":1151},{"sounds":[{"level":-1,"sound":0}],"tick":1152},{"sounds":[{"level":-1,"sound":0}],"tick":1153},{"sounds":[{"level":0,"sound":81},{"level":-1,"sound":0}],"tick":1154},{"sounds":[{"level":-1,"sound":0}],"tick":1155},{"sounds":[],"tick":1156},{"sounds":[{"level":-1,"sound":0}],"tick":1157},{"sounds":[{"level":-1,"sound":0}],"tick":1158},{"sounds":[{"level":-1,"sound":0}],"tick":1159},{"sounds":[{"level":-1,"sound":0}],"tick":1160},{"sounds":[],"tick":1161},{"sounds":[{"level":-1,"sound":0}],"tick":1162},{"sounds":[{"level":-1,"sound":0}],"tick":1163},{"sounds":[{"level":-1,"sound":0}],"tick":1164},{"sounds":[{"level":-1,"sound":0}],"tick":1165},{"sounds":[{"level":-1,"sound":0}],"tick":1166},{"sounds":[{"level":-1,"sound":0}],"tick":1167},{"sounds":[],"tick":1168},{"sounds":[{"level":-1,"sound":0}],"tick":1169},{"sounds":[],"tick":1170},{"sounds":[],"tick":1171},{"sounds":[{"level":-1,"sound":0}],"tick":1172},{"sounds":[{"level":29,"sound":81},{"level":-1,"sound":0}],"tick":1173},{"sounds":[{"level":-1,"sound":0}],"tick":1174},{"sounds":[],"tick":1175},{"sounds":[{"level":-1,"sound":0}],"tick":1176},{"sounds":[],"tick":1177},{"sounds":[{"level":29,"sound":81},{"level":0,"sound":81},{"level":-1,"sound":0}],"tick":1178},{"sounds":[],"tick":1179},{"sounds":[{"level":-1,"sound":0}],"tick":1180},{"sounds":[],"tick":1181},{"sounds":[{"level":-1,"sound":0}],"tick":1182},{"sounds":[{"level":2,"sound":81},{"level":28,"sound":81}],"tick":1183},{"sounds":[{"level":-1,"sound":0}],"tick":1184},{"sounds":[{"level":-1,"sound":0}],"tick":1185},{"sounds":[{"level":-1,"sound":0}],"tick":1186},{"sounds":[{"level":-1,"sound":0}],"tick":1187},{"sounds":[{"level":3,"sound":81},{"level":29,"sound":81},{"level":-1,"sound":0}],"tick":1188},{"sounds":[{"level":-1,"sound":0}],"tick":1189},{"sounds":[{"level":-1,"sound":0}],"tick":1190},{"sounds":[{"level":-1,"sound":0}],"tick":1191},{"sounds":[{"level":2,"sound":81},{"level":28,"sound":81},{"level":-1,"sound":0}],"tick":1192},{"sounds":[{"level":-1,"sound":0}],"tick":1193},{"sounds":[{"level":-1,"sound":0}],"tick":1194},{"sounds":[{"level":24,"sound":81},{"level":-1,"sound":0}],"tick":1195},{"sounds":[{"level":-1,"sound":0}],"tick":1196},{"sounds":[{"level":0,"sound":81},{"level":-1,"sound":0}],"tick":1197},{"sounds":[{"level":-1,"sound":0}],"tick":1198},{"sounds":[{"level":-1,"sound":0}],"tick":1199},{"sounds":[],"tick":1200},{"sounds":[{"level":-1,"sound":0}],"tick":1201},{"sounds":[{"level":-1,"sound":0},{"level":22,"sound":81}],"tick":1202},{"sounds":[{"level":-1,"sound":0}],"tick":1203},{"sounds":[{"level":-1,"sound":0}],"tick":1204},{"sounds":[{"level":-1,"sound":0}],"tick":1205},{"sounds":[{"level":-1,"sound":0}],"tick":1206},{"sounds":[],"tick":1207},{"sounds":[{"level":-1,"sound":0}],"tick":1208},{"sounds":[{"level":-1,"sound":0}],"tick":1209},{"sounds":[{"level":-1,"sound":0}],"tick":1210},{"sounds":[{"level":24,"sound":81},{"level":-1,"sound":0}],"tick":1211},{"sounds":[{"level":-1,"sound":0}],"tick":1212},{"sounds":[{"level":-1,"sound":0}],"tick":1213},{"sounds":[],"tick":1214},{"sounds":[{"level":-1,"sound":0}],"tick":1215},{"sounds":[{"level":24,"sound":81},{"level":-1,"sound":0}],"tick":1216},{"sounds":[],"tick":1217},{"sounds":[{"level":-1,"sound":0}],"tick":1218},{"sounds":[{"level":-1,"sound":0}],"tick":1219},{"sounds":[],"tick":1220},{"sounds":[{"level":-1,"sound":0},{"level":22,"sound":81}],"tick":1221},{"sounds":[{"level":-1,"sound":0}],"tick":1222},{"sounds":[{"level":-1,"sound":0}],"tick":1223},{"sounds":[],"tick":1224},{"sounds":[{"level":-1,"sound":0}],"tick":1225},{"sounds":[{"level":-1,"sound":0},{"level":24,"sound":81}],"tick":1226},{"sounds":[{"level":-1,"sound":0}],"tick":1227},{"sounds":[{"level":-1,"sound":0}],"tick":1228},{"sounds":[{"level":-1,"sound":0}],"tick":1229},{"sounds":[{"level":-1,"sound":0}],"tick":1230},{"sounds":[{"level":-1,"sound":0}],"tick":1231},{"sounds":[{"level":-1,"sound":0}],"tick":1232},{"sounds":[{"level":-1,"sound":0}],"tick":1233},{"sounds":[{"level":-1,"sound":0}],"tick":1234},{"sounds":[{"level":-1,"sound":0}],"tick":1235},{"sounds":[{"level":-1,"sound":0}],"tick":1236},{"sounds":[{"level":-1,"sound":0}],"tick":1237},{"sounds":[{"level":-1,"sound":0}],"tick":1238},{"sounds":[{"level":19,"sound":81},{"level":-1,"sound":0}],"tick":1239},{"sounds":[],"tick":1240},{"sounds":[{"level":-1,"sound":0}],"tick":1241},{"sounds":[{"level":22,"sound":81},{"level":-1,"sound":0}],"tick":1242},{"sounds":[],"tick":1243},{"sounds":[{"level":1027,"sound":81},{"level":24,"sound":81},{"level":-1,"sound":0}],"tick":1244},{"sounds":[{"level":-1,"sound":0}],"tick":1245},{"sounds":[],"tick":1246},{"sounds":[{"level":-1,"sound":0}],"tick":1247},{"sounds":[{"level":-1,"sound":0}],"tick":1248},{"sounds":[{"level":24,"sound":81},{"level":-1,"sound":0}],"tick":1249},{"sounds":[{"level":-1,"sound":0}],"tick":1250},{"sounds":[{"level":-1,"sound":0}],"tick":1251},{"sounds":[{"level":-1,"sound":0}],"tick":1252},{"sounds":[{"level":-1,"sound":0}],"tick":1253},{"sounds":[{"level":1027,"sound":81},{"level":24,"sound":81},{"level":-1,"sound":0}],"tick":1254},{"sounds":[{"level":-1,"sound":0}],"tick":1255},{"sounds":[{"level":-1,"sound":0}],"tick":1256},{"sounds":[{"level":-1,"sound":0}],"tick":1257},{"sounds":[{"level":-1,"sound":0}],"tick":1258},{"sounds":[{"level":-1,"sound":0},{"level":31,"sound":81}],"tick":1259},{"sounds":[{"level":-1,"sound":0}],"tick":1260},{"sounds":[{"level":-1,"sound":0}],"tick":1261},{"sounds":[{"level":-1,"sound":0}],"tick":1262},{"sounds":[{"level":-1,"sound":0}],"tick":1263},{"sounds":[],"tick":1264},{"sounds":[{"level":1029,"sound":81},{"level":31,"sound":81}],"tick":1265},{"sounds":[{"level":-1,"sound":0}],"tick":1266},{"sounds":[{"level":-1,"sound":0}],"tick":1267},{"sounds":[{"level":-1,"sound":0}],"tick":1268},{"sounds":[],"tick":1269},{"sounds":[{"level":-1,"sound":0}],"tick":1270},{"sounds":[],"tick":1271},{"sounds":[{"level":-1,"sound":0}],"tick":1272},{"sounds":[{"level":1029,"sound":81}],"tick":1273},{"sounds":[{"level":-1,"sound":0}],"tick":1274},{"sounds":[],"tick":1275},{"sounds":[{"level":-1,"sound":0}],"tick":1276},{"sounds":[{"level":-1,"sound":0}],"tick":1277},{"sounds":[{"level":27,"sound":81},{"level":-1,"sound":0}],"tick":1278},{"sounds":[{"level":-1,"sound":0}],"tick":1279},{"sounds":[{"level":27,"sound":81},{"level":-1,"sound":0}],"tick":1280},{"sounds":[],"tick":1281},{"sounds":[{"level":-1,"sound":0}],"tick":1282},{"sounds":[{"level":1031,"sound":81},{"level":-1,"sound":0},{"level":0,"sound":81},{"level":29,"sound":81}],"tick":1283},{"sounds":[{"level":-1,"sound":0}],"tick":1284},{"sounds":[{"level":-1,"sound":0}],"tick":1285},{"sounds":[{"level":-1,"sound":0}],"tick":1286},{"sounds":[{"level":27,"sound":81},{"level":-1,"sound":0}],"tick":1287},{"sounds":[{"level":-1,"sound":0}],"tick":1288},{"sounds":[{"level":-1,"sound":0}],"tick":1289},{"sounds":[{"level":29,"sound":81},{"level":-1,"sound":0}],"tick":1290},{"sounds":[],"tick":1291},{"sounds":[{"level":1031,"sound":81},{"level":0,"sound":81},{"level":-1,"sound":0}],"tick":1292},{"sounds":[{"level":-1,"sound":0}],"tick":1293},{"sounds":[],"tick":1294},{"sounds":[{"level":-1,"sound":0}],"tick":1295},{"sounds":[{"level":-1,"sound":0}],"tick":1296},{"sounds":[{"level":31,"sound":81},{"level":-1,"sound":0}],"tick":1297},{"sounds":[{"level":-1,"sound":0}],"tick":1298},{"sounds":[{"level":-1,"sound":0}],"tick":1299},{"sounds":[],"tick":1300},{"sounds":[{"level":-1,"sound":0}],"tick":1301},{"sounds":[{"level":1031,"sound":81},{"level":24,"sound":81},{"level":0,"sound":81},{"level":-1,"sound":0}],"tick":1302},{"sounds":[{"level":-1,"sound":0}],"tick":1303},{"sounds":[{"level":-1,"sound":0}],"tick":1304},{"sounds":[{"level":-1,"sound":0}],"tick":1305},{"sounds":[{"level":-1,"sound":0}],"tick":1306},{"sounds":[],"tick":1307},{"sounds":[{"level":-1,"sound":0}],"tick":1308},{"sounds":[{"level":-1,"sound":0}],"tick":1309},{"sounds":[{"level":-1,"sound":0}],"tick":1310},{"sounds":[{"level":1031,"sound":81},{"level":0,"sound":81},{"level":-1,"sound":0}],"tick":1311},{"sounds":[{"level":-1,"sound":0}],"tick":1312},{"sounds":[{"level":-1,"sound":0}],"tick":1313},{"sounds":[{"level":-1,"sound":0}],"tick":1314},{"sounds":[{"level":-1,"sound":0}],"tick":1315},{"sounds":[{"level":22,"sound":81},{"level":-1,"sound":0}],"tick":1316},{"sounds":[{"level":-1,"sound":0}],"tick":1317},{"sounds":[{"level":22,"sound":81},{"level":-1,"sound":0}],"tick":1318},{"sounds":[{"level":-1,"sound":0}],"tick":1319},{"sounds":[{"level":-1,"sound":0}],"tick":1320},{"sounds":[{"level":-1,"sound":0},{"level":1027,"sound":81},{"level":24,"sound":81}],"tick":1321},{"sounds":[],"tick":1322},{"sounds":[{"level":-1,"sound":0}],"tick":1323},{"sounds":[{"level":-1,"sound":0}],"tick":1324},{"sounds":[],"tick":1325},{"sounds":[{"level":-1,"sound":0}],"tick":1326},{"sounds":[{"level":-1,"sound":0}],"tick":1327},{"sounds":[{"level":-1,"sound":0}],"tick":1328},{"sounds":[{"level":-1,"sound":0}],"tick":1329},{"sounds":[{"level":1032,"sound":81},{"level":31,"sound":81},{"level":-1,"sound":0}],"tick":1330},{"sounds":[{"level":-1,"sound":0}],"tick":1331},{"sounds":[{"level":-1,"sound":0}],"tick":1332},{"sounds":[{"level":-1,"sound":0}],"tick":1333},{"sounds":[{"level":-1,"sound":0}],"tick":1334},{"sounds":[{"level":-1,"sound":0}],"tick":1335},{"sounds":[{"level":-1,"sound":0}],"tick":1336},{"sounds":[{"level":31,"sound":81},{"level":-1,"sound":0}],"tick":1337},{"sounds":[{"level":-1,"sound":0}],"tick":1338},{"sounds":[{"level":1034,"sound":81},{"level":29,"sound":81},{"level":-1,"sound":0}],"tick":1339},{"sounds":[],"tick":1340},{"sounds":[{"level":-1,"sound":0}],"tick":1341},{"sounds":[{"level":-1,"sound":0}],"tick":1342},{"sounds":[{"level":-1,"sound":0}],"tick":1343},{"sounds":[{"level":27,"sound":81},{"level":-1,"sound":0}],"tick":1344},{"sounds":[],"tick":1345},{"sounds":[{"level":-1,"sound":0}],"tick":1346},{"sounds":[],"tick":1347},{"sounds":[{"level":-1,"sound":0}],"tick":1348},{"sounds":[{"level":1034,"sound":81},{"level":24,"sound":81},{"level":-1,"sound":0}],"tick":1349},{"sounds":[],"tick":1350},{"sounds":[{"level":-1,"sound":0}],"tick":1351},{"sounds":[{"level":-1,"sound":0}],"tick":1352},{"sounds":[{"level":-1,"sound":0}],"tick":1353},{"sounds":[{"level":22,"sound":81}],"tick":1354},{"sounds":[{"level":-1,"sound":0}],"tick":1355},{"sounds":[{"level":-1,"sound":0}],"tick":1356},{"sounds":[],"tick":1357},{"sounds":[{"level":1031,"sound":81},{"level":24,"sound":81},{"level":0,"sound":81},{"level":-1,"sound":0}],"tick":1358},{"sounds":[{"level":-1,"sound":0}],"tick":1359},{"sounds":[],"tick":1360},{"sounds":[{"level":-1,"sound":0}],"tick":1361},{"sounds":[],"tick":1362},{"sounds":[{"level":-1,"sound":0}],"tick":1363},{"sounds":[{"level":-1,"sound":0}],"tick":1364},{"sounds":[{"level":-1,"sound":0}],"tick":1365},{"sounds":[{"level":24,"sound":81},{"level":-1,"sound":0}],"tick":1366},{"sounds":[{"level":-1,"sound":0}],"tick":1367},{"sounds":[{"level":1031,"sound":81},{"level":0,"sound":81},{"level":-1,"sound":0}],"tick":1368},{"sounds":[{"level":-1,"sound":0}],"tick":1369},{"sounds":[{"level":-1,"sound":0}],"tick":1370},{"sounds":[{"level":-1,"sound":0}],"tick":1371},{"sounds":[{"level":-1,"sound":0}],"tick":1372},{"sounds":[{"level":27,"sound":81}],"tick":1373},{"sounds":[{"level":-1,"sound":0}],"tick":1374},{"sounds":[{"level":-1,"sound":0}],"tick":1375},{"sounds":[{"level":-1,"sound":0}],"tick":1376},{"sounds":[{"level":-1,"sound":0}],"tick":1377},{"sounds":[{"level":1031,"sound":81},{"level":29,"sound":81},{"level":0,"sound":81},{"level":-1,"sound":0}],"tick":1378},{"sounds":[{"level":-1,"sound":0}],"tick":1379},{"sounds":[],"tick":1380},{"sounds":[{"level":-1,"sound":0}],"tick":1381},{"sounds":[{"level":-1,"sound":0}],"tick":1382},{"sounds":[{"level":-1,"sound":0}],"tick":1383},{"sounds":[{"level":-1,"sound":0}],"tick":1384},{"sounds":[{"level":-1,"sound":0}],"tick":1385},{"sounds":[{"level":-1,"sound":0}],"tick":1386},{"sounds":[{"level":1036,"sound":81},{"level":-1,"sound":0}],"tick":1387},{"sounds":[],"tick":1388},{"sounds":[{"level":-1,"sound":0}],"tick":1389},{"sounds":[],"tick":1390},{"sounds":[],"tick":1391},{"sounds":[{"level":-1,"sound":0}],"tick":1392},{"sounds":[],"tick":1393},{"sounds":[{"level":-1,"sound":0}],"tick":1394},{"sounds":[{"level":-1,"sound":0}],"tick":1395},{"sounds":[],"tick":1396},{"sounds":[{"level":1027,"sound":81},{"level":24,"sound":81},{"level":-1,"sound":0}],"tick":1397},{"sounds":[{"level":-1,"sound":0}],"tick":1398},{"sounds":[{"level":-1,"sound":0}],"tick":1399},{"sounds":[],"tick":1400},{"sounds":[{"level":-1,"sound":0}],"tick":1401},{"sounds":[{"level":-1,"sound":0},{"level":24,"sound":81}],"tick":1402},{"sounds":[{"level":-1,"sound":0}],"tick":1403},{"sounds":[{"level":-1,"sound":0},{"level":24,"sound":81}],"tick":1404},{"sounds":[],"tick":1405},{"sounds":[{"level":1027,"sound":81},{"level":-1,"sound":0}],"tick":1406},{"sounds":[{"level":-1,"sound":0}],"tick":1407},{"sounds":[{"level":-1,"sound":0}],"tick":1408},{"sounds":[{"level":-1,"sound":0}],"tick":1409},{"sounds":[{"level":-1,"sound":0}],"tick":1410},{"sounds":[{"level":22,"sound":81},{"level":-1,"sound":0}],"tick":1411},{"sounds":[{"level":-1,"sound":0}],"tick":1412},{"sounds":[{"level":-1,"sound":0}],"tick":1413},{"sounds":[{"level":-1,"sound":0}],"tick":1414},{"sounds":[{"level":1029,"sound":81},{"level":24,"sound":81},{"level":-1,"sound":0}],"tick":1415},{"sounds":[{"level":-1,"sound":0}],"tick":1416},{"sounds":[{"level":-1,"sound":0}],"tick":1417},{"sounds":[{"level":-1,"sound":0}],"tick":1418},{"sounds":[{"level":-1,"sound":0}],"tick":1419},{"sounds":[{"level":31,"sound":81},{"level":-1,"sound":0}],"tick":1420},{"sounds":[],"tick":1421},{"sounds":[{"level":-1,"sound":0}],"tick":1422},{"sounds":[],"tick":1423},{"sounds":[{"level":-1,"sound":0}],"tick":1424},{"sounds":[{"level":1029,"sound":81}],"tick":1425},{"sounds":[{"level":-1,"sound":0}],"tick":1426},{"sounds":[{"level":-1,"sound":0}],"tick":1427},{"sounds":[{"level":-1,"sound":0}],"tick":1428},{"sounds":[{"level":-1,"sound":0}],"tick":1429},{"sounds":[{"level":27,"sound":81}],"tick":1430},{"sounds":[{"level":-1,"sound":0}],"tick":1431},{"sounds":[{"level":27,"sound":81},{"level":-1,"sound":0}],"tick":1432},{"sounds":[{"level":-1,"sound":0}],"tick":1433},{"sounds":[{"level":-1,"sound":0}],"tick":1434},{"sounds":[{"level":1031,"sound":81},{"level":0,"sound":81},{"level":29,"sound":81}],"tick":1435},{"sounds":[{"level":-1,"sound":0}],"tick":1436},{"sounds":[{"level":-1,"sound":0}],"tick":1437},{"sounds":[{"level":-1,"sound":0}],"tick":1438},{"sounds":[{"level":27,"sound":81}],"tick":1439},{"sounds":[{"level":-1,"sound":0}],"tick":1440},{"sounds":[{"level":-1,"sound":0}],"tick":1441},{"sounds":[{"level":-1,"sound":0},{"level":29,"sound":81}],"tick":1442},{"sounds":[{"level":-1,"sound":0}],"tick":1443},{"sounds":[{"level":1031,"sound":81},{"level":0,"sound":81},{"level":-1,"sound":0}],"tick":1444},{"sounds":[{"level":-1,"sound":0}],"tick":1445},{"sounds":[{"level":-1,"sound":0}],"tick":1446},{"sounds":[{"level":-1,"sound":0}],"tick":1447},{"sounds":[{"level":-1,"sound":0}],"tick":1448},{"sounds":[{"level":31,"sound":81},{"level":-1,"sound":0}],"tick":1449},{"sounds":[{"level":-1,"sound":0}],"tick":1450},{"sounds":[{"level":-1,"sound":0}],"tick":1451},{"sounds":[{"level":-1,"sound":0}],"tick":1452},{"sounds":[{"level":-1,"sound":0}],"tick":1453},{"sounds":[{"level":0,"sound":81},{"level":1031,"sound":81},{"level":31,"sound":81}],"tick":1454},{"sounds":[{"level":-1,"sound":0}],"tick":1455},{"sounds":[{"level":-1,"sound":0}],"tick":1456},{"sounds":[],"tick":1457},{"sounds":[{"level":-1,"sound":0}],"tick":1458},{"sounds":[{"level":-1,"sound":0}],"tick":1459},{"sounds":[],"tick":1460},{"sounds":[{"level":-1,"sound":0}],"tick":1461},{"sounds":[{"level":-1,"sound":0}],"tick":1462},{"sounds":[{"level":1031,"sound":81},{"level":0,"sound":81},{"level":-1,"sound":0}],"tick":1463},{"sounds":[{"level":-1,"sound":0}],"tick":1464},{"sounds":[{"level":-1,"sound":0}],"tick":1465},{"sounds":[],"tick":1466},{"sounds":[{"level":-1,"sound":0}],"tick":1467},{"sounds":[{"level":22,"sound":81},{"level":-1,"sound":0}],"tick":1468},{"sounds":[],"tick":1469},{"sounds":[{"level":-1,"sound":0}],"tick":1470},{"sounds":[],"tick":1471},{"sounds":[{"level":-1,"sound":0}],"tick":1472},{"sounds":[{"level":1032,"sound":81},{"level":24,"sound":81},{"level":-1,"sound":0}],"tick":1473},{"sounds":[{"level":-1,"sound":0}],"tick":1474},{"sounds":[{"level":-1,"sound":0}],"tick":1475},{"sounds":[{"level":-1,"sound":0}],"tick":1476},{"sounds":[{"level":-1,"sound":0}],"tick":1477},{"sounds":[{"level":-1,"sound":0},{"level":27,"sound":81}],"tick":1478},{"sounds":[{"level":-1,"sound":0}],"tick":1479},{"sounds":[],"tick":1480},{"sounds":[{"level":-1,"sound":0}],"tick":1481},{"sounds":[{"level":1027,"sound":81},{"level":-1,"sound":0}],"tick":1482},{"sounds":[{"level":-1,"sound":0}],"tick":1483},{"sounds":[{"level":-1,"sound":0}],"tick":1484},{"sounds":[],"tick":1485},{"sounds":[{"level":-1,"sound":0}],"tick":1486},{"sounds":[{"level":22,"sound":81},{"level":-1,"sound":0}],"tick":1487},{"sounds":[],"tick":1488},{"sounds":[{"level":-1,"sound":0}],"tick":1489},{"sounds":[],"tick":1490},{"sounds":[{"level":-1,"sound":0}],"tick":1491},{"sounds":[{"level":1034,"sound":81},{"level":24,"sound":81},{"level":-1,"sound":0}],"tick":1492},{"sounds":[],"tick":1493},{"sounds":[{"level":-1,"sound":0}],"tick":1494},{"sounds":[{"level":-1,"sound":0}],"tick":1495},{"sounds":[],"tick":1496},{"sounds":[{"level":31,"sound":81},{"level":-1,"sound":0}],"tick":1497},{"sounds":[],"tick":1498},{"sounds":[{"level":-1,"sound":0}],"tick":1499},{"sounds":[],"tick":1500},{"sounds":[{"level":-1,"sound":0}],"tick":1501},{"sounds":[{"level":-1,"sound":0},{"level":1034,"sound":81}],"tick":1502},{"sounds":[{"level":-1,"sound":0}],"tick":1503},{"sounds":[{"level":-1,"sound":0}],"tick":1504},{"sounds":[{"level":-1,"sound":0}],"tick":1505},{"sounds":[{"level":29,"sound":81},{"level":-1,"sound":0}],"tick":1506},{"sounds":[{"level":-1,"sound":0}],"tick":1507},{"sounds":[{"level":-1,"sound":0}],"tick":1508},{"sounds":[{"level":-1,"sound":0}],"tick":1509},{"sounds":[{"level":-1,"sound":0}],"tick":1510},{"sounds":[{"level":1032,"sound":81},{"level":27,"sound":81},{"level":-1,"sound":0}],"tick":1511},{"sounds":[{"level":-1,"sound":0}],"tick":1512},{"sounds":[{"level":-1,"sound":0}],"tick":1513},{"sounds":[{"level":-1,"sound":0}],"tick":1514},{"sounds":[{"level":-1,"sound":0}],"tick":1515},{"sounds":[{"level":26,"sound":81},{"level":-1,"sound":0}],"tick":1516},{"sounds":[{"level":-1,"sound":0}],"tick":1517},{"sounds":[{"level":-1,"sound":0}],"tick":1518},{"sounds":[{"level":-1,"sound":0}],"tick":1519},{"sounds":[],"tick":1520},{"sounds":[{"level":1034,"sound":81},{"level":24,"sound":81},{"level":-1,"sound":0}],"tick":1521},{"sounds":[{"level":-1,"sound":0}],"tick":1522},{"sounds":[{"level":-1,"sound":0}],"tick":1523},{"sounds":[],"tick":1524},{"sounds":[{"level":22,"sound":81},{"level":-1,"sound":0}],"tick":1525},{"sounds":[{"level":-1,"sound":0}],"tick":1526},{"sounds":[{"level":-1,"sound":0}],"tick":1527},{"sounds":[{"level":-1,"sound":0}],"tick":1528},{"sounds":[{"level":-1,"sound":0}],"tick":1529},{"sounds":[{"level":1031,"sound":81},{"level":0,"sound":81},{"level":24,"sound":81}],"tick":1530},{"sounds":[{"level":-1,"sound":0}],"tick":1531},{"sounds":[{"level":-1,"sound":0}],"tick":1532},{"sounds":[{"level":-1,"sound":0}],"tick":1533},{"sounds":[{"level":-1,"sound":0}],"tick":1534},{"sounds":[{"level":-1,"sound":0}],"tick":1535},{"sounds":[],"tick":1536},{"sounds":[{"level":-1,"sound":0}],"tick":1537},{"sounds":[{"level":-1,"sound":0}],"tick":1538},{"sounds":[{"level":-1,"sound":0}],"tick":1539},{"sounds":[{"level":1031,"sound":81},{"level":0,"sound":81}],"tick":1540},{"sounds":[{"level":-1,"sound":0}],"tick":1541},{"sounds":[],"tick":1542},{"sounds":[{"level":-1,"sound":0}],"tick":1543},{"sounds":[],"tick":1544},{"sounds":[{"level":-1,"sound":0}],"tick":1545},{"sounds":[{"level":-1,"sound":0}],"tick":1546},{"sounds":[],"tick":1547},{"sounds":[],"tick":1548},{"sounds":[{"level":24,"sound":81},{"level":-1,"sound":0}],"tick":1549},{"sounds":[],"tick":1550},{"sounds":[{"level":-1,"sound":0}],"tick":1551},{"sounds":[{"level":-1,"sound":0}],"tick":1552},{"sounds":[],"tick":1553},{"sounds":[{"level":-1,"sound":0}],"tick":1554},{"sounds":[{"level":-1,"sound":0}],"tick":1555},{"sounds":[{"level":-1,"sound":0}],"tick":1556},{"sounds":[],"tick":1557},{"sounds":[{"level":-1,"sound":0}],"tick":1558},{"sounds":[{"level":-1,"sound":0},{"level":24,"sound":81}],"tick":1559},{"sounds":[],"tick":1560},{"sounds":[{"level":-1,"sound":0}],"tick":1561},{"sounds":[{"level":-1,"sound":0}],"tick":1562},{"sounds":[],"tick":1563},{"sounds":[{"level":-1,"sound":0}],"tick":1564},{"sounds":[{"level":-1,"sound":0}],"tick":1565},{"sounds":[],"tick":1566},{"sounds":[{"level":-1,"sound":0}],"tick":1567},{"sounds":[{"level":-1,"sound":0}],"tick":1568},{"sounds":[{"level":-1,"sound":0},{"level":24,"sound":81}],"tick":1569},{"sounds":[{"level":-1,"sound":0}],"tick":1570},{"sounds":[{"level":-1,"sound":0}],"tick":1571},{"sounds":[{"level":-1,"sound":0}],"tick":1572},{"sounds":[{"level":-1,"sound":0}],"tick":1573},{"sounds":[{"level":-1,"sound":0}],"tick":1574},{"sounds":[{"level":-1,"sound":0}],"tick":1575},{"sounds":[{"level":-1,"sound":0}],"tick":1576},{"sounds":[{"level":-1,"sound":0}],"tick":1577},{"sounds":[{"level":24,"sound":81},{"level":-1,"sound":0}],"tick":1578},{"sounds":[],"tick":1579},{"sounds":[{"level":-1,"sound":0}],"tick":1580},{"sounds":[{"level":-1,"sound":0},{"level":27,"sound":81}],"tick":1581},{"sounds":[{"level":-1,"sound":0}],"tick":1582},{"sounds":[{"level":29,"sound":81},{"level":-1,"sound":0}],"tick":1583},{"sounds":[{"level":-1,"sound":0}],"tick":1584},{"sounds":[{"level":31,"sound":81},{"level":-1,"sound":0}],"tick":1585},{"sounds":[{"level":-1,"sound":0}],"tick":1586},{"sounds":[{"level":-1,"sound":0}],"tick":1587},{"sounds":[{"level":-1,"sound":0},{"level":24,"sound":81}],"tick":1588},{"sounds":[{"level":-1,"sound":0}],"tick":1589},{"sounds":[],"tick":1590},{"sounds":[{"level":-1,"sound":0}],"tick":1591},{"sounds":[{"level":-1,"sound":0}],"tick":1592},{"sounds":[],"tick":1593},{"sounds":[{"level":-1,"sound":0}],"tick":1594},{"sounds":[],"tick":1595},{"sounds":[{"level":-1,"sound":0}],"tick":1596},{"sounds":[{"level":24,"sound":81},{"level":0,"sound":81},{"level":-1,"sound":0}],"tick":1597},{"sounds":[{"level":-1,"sound":0}],"tick":1598},{"sounds":[],"tick":1599},{"sounds":[{"level":-1,"sound":0}],"tick":1600},{"sounds":[{"level":-1,"sound":0}],"tick":1601},{"sounds":[{"level":-1,"sound":0}],"tick":1602},{"sounds":[{"level":-1,"sound":0}],"tick":1603},{"sounds":[],"tick":1604},{"sounds":[{"level":-1,"sound":0}],"tick":1605},{"sounds":[{"level":24,"sound":81},{"level":-1,"sound":0}],"tick":1606},{"sounds":[{"level":-1,"sound":0}],"tick":1607},{"sounds":[{"level":-1,"sound":0}],"tick":1608},{"sounds":[{"level":-1,"sound":0}],"tick":1609},{"sounds":[],"tick":1610},{"sounds":[{"level":22,"sound":81},{"level":-1,"sound":0}],"tick":1611},{"sounds":[{"level":-1,"sound":0}],"tick":1612},{"sounds":[{"level":-1,"sound":0}],"tick":1613},{"sounds":[{"level":-1,"sound":0}],"tick":1614},{"sounds":[{"level":-1,"sound":0}],"tick":1615},{"sounds":[{"level":22,"sound":81},{"level":0,"sound":81},{"level":-1,"sound":0}],"tick":1616},{"sounds":[{"level":-1,"sound":0}],"tick":1617},{"sounds":[{"level":-1,"sound":0}],"tick":1618},{"sounds":[{"level":-1,"sound":0}],"tick":1619},{"sounds":[],"tick":1620},{"sounds":[{"level":24,"sound":81}],"tick":1621},{"sounds":[{"level":-1,"sound":0}],"tick":1622},{"sounds":[{"level":-1,"sound":0}],"tick":1623},{"sounds":[{"level":-1,"sound":0}],"tick":1624},{"sounds":[{"level":24,"sound":81},{"level":-1,"sound":0}],"tick":1625},{"sounds":[{"level":-1,"sound":0}],"tick":1626},{"sounds":[],"tick":1627},{"sounds":[{"level":-1,"sound":0}],"tick":1628},{"sounds":[{"level":-1,"sound":0}],"tick":1629},{"sounds":[{"level":-1,"sound":0}],"tick":1630},{"sounds":[{"level":-1,"sound":0}],"tick":1631},{"sounds":[],"tick":1632},{"sounds":[{"level":-1,"sound":0}],"tick":1633},{"sounds":[{"level":-1,"sound":0}],"tick":1634},{"sounds":[{"level":24,"sound":81}],"tick":1635},{"sounds":[{"level":-1,"sound":0}],"tick":1636},{"sounds":[{"level":-1,"sound":0}],"tick":1637},{"sounds":[],"tick":1638},{"sounds":[],"tick":1639},{"sounds":[{"level":-1,"sound":0}],"tick":1640},{"sounds":[],"tick":1641},{"sounds":[{"level":-1,"sound":0}],"tick":1642},{"sounds":[],"tick":1643},{"sounds":[{"level":24,"sound":81},{"level":-1,"sound":0}],"tick":1644},{"sounds":[{"level":-1,"sound":0}],"tick":1645},{"sounds":[{"level":-1,"sound":0}],"tick":1646},{"sounds":[{"level":-1,"sound":0}],"tick":1647},{"sounds":[{"level":-1,"sound":0}],"tick":1648},{"sounds":[{"level":-1,"sound":0}],"tick":1649},{"sounds":[{"level":-1,"sound":0}],"tick":1650},{"sounds":[{"level":-1,"sound":0}],"tick":1651},{"sounds":[{"level":-1,"sound":0}],"tick":1652},{"sounds":[{"level":-1,"sound":0}],"tick":1653},{"sounds":[{"level":24,"sound":81},{"level":-1,"sound":0}],"tick":1654},{"sounds":[{"level":-1,"sound":0}],"tick":1655},{"sounds":[{"level":27,"sound":81},{"level":-1,"sound":0}],"tick":1656},{"sounds":[{"level":-1,"sound":0}],"tick":1657},{"sounds":[{"level":-1,"sound":0}],"tick":1658},{"sounds":[{"level":-1,"sound":0},{"level":29,"sound":81}],"tick":1659},{"sounds":[{"level":-1,"sound":0}],"tick":1660},{"sounds":[{"level":31,"sound":81},{"level":-1,"sound":0}],"tick":1661},{"sounds":[],"tick":1662},{"sounds":[{"level":-1,"sound":0}],"tick":1663},{"sounds":[{"level":-1,"sound":0},{"level":24,"sound":81}],"tick":1664},{"sounds":[{"level":-1,"sound":0}],"tick":1665},{"sounds":[{"level":-1,"sound":0}],"tick":1666},{"sounds":[{"level":-1,"sound":0}],"tick":1667},{"sounds":[],"tick":1668},{"sounds":[{"level":-1,"sound":0}],"tick":1669},{"sounds":[],"tick":1670},{"sounds":[{"level":-1,"sound":0}],"tick":1671},{"sounds":[],"tick":1672},{"sounds":[{"level":24,"sound":81},{"level":0,"sound":81},{"level":-1,"sound":0}],"tick":1673},{"sounds":[],"tick":1674},{"sounds":[{"level":-1,"sound":0}],"tick":1675},{"sounds":[{"level":-1,"sound":0}],"tick":1676},{"sounds":[{"level":-1,"sound":0}],"tick":1677},{"sounds":[{"level":-1,"sound":0}],"tick":1678},{"sounds":[{"level":-1,"sound":0}],"tick":1679},{"sounds":[],"tick":1680},{"sounds":[{"level":-1,"sound":0}],"tick":1681},{"sounds":[{"level":-1,"sound":0}],"tick":1682},{"sounds":[{"level":-1,"sound":0},{"level":24,"sound":81}],"tick":1683},{"sounds":[{"level":-1,"sound":0}],"tick":1684},{"sounds":[{"level":-1,"sound":0}],"tick":1685},{"sounds":[{"level":-1,"sound":0}],"tick":1686},{"sounds":[{"level":32,"sound":81}],"tick":1687},{"sounds":[{"level":-1,"sound":0}],"tick":1688},{"sounds":[{"level":-1,"sound":42}],"tick":1689},{"sounds":[{"level":-1,"sound":0}],"tick":1690},{"sounds":[],"tick":1691},{"sounds":[{"level":0,"sound":81},{"level":-1,"sound":0}],"tick":1692},{"sounds":[{"level":-1,"sound":0}],"tick":1693},{"sounds":[],"tick":1694},{"sounds":[{"level":-1,"sound":0}],"tick":1695},{"sounds":[{"level":-1,"sound":0}],"tick":1696},{"sounds":[{"level":31,"sound":81}],"tick":1697},{"sounds":[{"level":-1,"sound":0}],"tick":1698},{"sounds":[],"tick":1699},{"sounds":[{"level":-1,"sound":0}],"tick":1700},{"sounds":[],"tick":1701},{"sounds":[{"level":-1,"sound":0},{"level":24,"sound":81}],"tick":1702},{"sounds":[{"level":-1,"sound":0}],"tick":1703},{"sounds":[{"level":-1,"sound":0}],"tick":1704},{"sounds":[{"level":-1,"sound":0}],"tick":1705},{"sounds":[{"level":-1,"sound":0}],"tick":1706},{"sounds":[{"level":-1,"sound":0}],"tick":1707},{"sounds":[{"level":-1,"sound":0}],"tick":1708},{"sounds":[{"level":-1,"sound":0}],"tick":1709},{"sounds":[{"level":-1,"sound":0}],"tick":1710},{"sounds":[{"level":24,"sound":81},{"level":-1,"sound":0}],"tick":1711},{"sounds":[{"level":-1,"sound":0}],"tick":1712},{"sounds":[{"level":-1,"sound":0}],"tick":1713},{"sounds":[{"level":-1,"sound":0}],"tick":1714},{"sounds":[{"level":-1,"sound":0}],"tick":1715},{"sounds":[{"level":-1,"sound":0}],"tick":1716},{"sounds":[],"tick":1717},{"sounds":[{"level":-1,"sound":0}],"tick":1718},{"sounds":[{"level":-1,"sound":0}],"tick":1719},{"sounds":[],"tick":1720},{"sounds":[{"level":-1,"sound":0},{"level":24,"sound":81}],"tick":1721},{"sounds":[{"level":-1,"sound":0}],"tick":1722},{"sounds":[{"level":-1,"sound":0}],"tick":1723},{"sounds":[{"level":-1,"sound":0}],"tick":1724},{"sounds":[],"tick":1725},{"sounds":[],"tick":1726},{"sounds":[{"level":-1,"sound":0}],"tick":1727},{"sounds":[],"tick":1728},{"sounds":[],"tick":1729},{"sounds":[{"level":24,"sound":81},{"level":-1,"sound":0}],"tick":1730},{"sounds":[{"level":-1,"sound":0}],"tick":1731},{"sounds":[{"level":-1,"sound":0}],"tick":1732},{"sounds":[{"level":27,"sound":81}],"tick":1733},{"sounds":[{"level":-1,"sound":0}],"tick":1734},{"sounds":[{"level":29,"sound":81},{"level":-1,"sound":0}],"tick":1735},{"sounds":[],"tick":1736},{"sounds":[{"level":31,"sound":81},{"level":-1,"sound":0}],"tick":1737},{"sounds":[{"level":-1,"sound":0}],"tick":1738},{"sounds":[],"tick":1739},{"sounds":[{"level":24,"sound":81},{"level":-1,"sound":0}],"tick":1740},{"sounds":[{"level":-1,"sound":0}],"tick":1741},{"sounds":[{"level":-1,"sound":0}],"tick":1742},{"sounds":[],"tick":1743},{"sounds":[{"level":-1,"sound":0}],"tick":1744},{"sounds":[{"level":-1,"sound":0}],"tick":1745},{"sounds":[{"level":-1,"sound":0}],"tick":1746},{"sounds":[],"tick":1747},{"sounds":[{"level":-1,"sound":0}],"tick":1748},{"sounds":[{"level":0,"sound":81},{"level":24,"sound":81}],"tick":1749},{"sounds":[{"level":-1,"sound":0}],"tick":1750},{"sounds":[{"level":-1,"sound":0}],"tick":1751},{"sounds":[],"tick":1752},{"sounds":[],"tick":1753},{"sounds":[{"level":-1,"sound":0}],"tick":1754},{"sounds":[{"level":-1,"sound":0}],"tick":1755},{"sounds":[{"level":-1,"sound":0}],"tick":1756},{"sounds":[{"level":-1,"sound":0}],"tick":1757},{"sounds":[{"level":24,"sound":81}],"tick":1758},{"sounds":[{"level":-1,"sound":0}],"tick":1759},{"sounds":[{"level":-1,"sound":0}],"tick":1760},{"sounds":[],"tick":1761}]