[{"sounds":[],"tick":0},{"sounds":[],"tick":1},{"sounds":[],"tick":2},{"sounds":[{"level":-1,"sound":0}],"tick":3},{"sounds":[],"tick":4},{"sounds":[{"level":-1,"sound":0}],"tick":5},{"sounds":[{"level":-1,"sound":0}],"tick":6},{"sounds":[],"tick":7},{"sounds":[],"tick":8},{"sounds":[],"tick":9},{"sounds":[],"tick":10},{"sounds":[],"tick":11},{"sounds":[{"level":-1,"sound":0}],"tick":12},{"sounds":[{"level":-1,"sound":0}],"tick":13},{"sounds":[],"tick":14},{"sounds":[],"tick":15},{"sounds":[],"tick":16},{"sounds":[],"tick":17},{"sounds":[{"level":-1,"sound":0}],"tick":18},{"sounds":[{"level":-1,"sound":0}],"tick":19},{"sounds":[],"tick":20},{"sounds":[],"tick":21},{"sounds":[{"level":-1,"sound":0}],"tick":22},{"sounds":[],"tick":23},{"sounds":[],"tick":24},{"sounds":[],"tick":25},{"sounds":[],"tick":26},{"sounds":[],"tick":27},{"sounds":[],"tick":28},{"sounds":[{"level":-1,"sound":0}],"tick":29},{"sounds":[],"tick":30},{"sounds":[],"tick":31},{"sounds":[{"level":-1,"sound":0}],"tick":32},{"sounds":[],"tick":33},{"sounds":[{"level":-1,"sound":0}],"tick":34},{"sounds":[],"tick":35},{"sounds":[{"level":-1,"sound":0}],"tick":36},{"sounds":[],"tick":37},{"sounds":[{"level":-1,"sound":0}],"tick":38},{"sounds":[],"tick":39},{"sounds":[{"level":-1,"sound":0}],"tick":40},{"sounds":[],"tick":41},{"sounds":[{"level":-1,"sound":0}],"tick":42},{"sounds":[],"tick":43},{"sounds":[{"level":-1,"sound":0}],"tick":44},{"sounds":[],"tick":45},{"sounds":[],"tick":46},{"sounds":[],"tick":47},{"sounds":[],"tick":48},{"sounds":[{"level":-1,"sound":0}],"tick":49},{"sounds":[{"level":-1,"sound":0}],"tick":50},{"sounds":[],"tick":51},{"sounds":[],"tick":52},{"sounds":[],"tick":53},{"sounds":[{"level":-1,"sound":0}],"tick":54},{"sounds":[],"tick":55},{"sounds":[{"level":7206,"sound":73},{"level":-1,"sound":0}],"tick":56},{"sounds":[],"tick":57},{"sounds":[{"level":-1,"sound":0}],"tick":58},{"sounds":[],"tick":59},{"sounds":[],"tick":60},{"sounds":[{"level":-1,"sound":0}],"tick":61},{"sounds":[],"tick":62},{"sounds":[],"tick":63},{"sounds":[],"tick":64},{"sounds":[{"level":-1,"sound":0}],"tick":65},{"sounds":[],"tick":66},{"sounds":[{"level":-1,"sound":0}],"tick":67},{"sounds":[],"tick":68},{"sounds":[],"tick":69},{"sounds":[],"tick":70},{"sounds":[{"level":-1,"sound":0}],"tick":71},{"sounds":[],"tick":72},{"sounds":[],"tick":73},{"sounds":[],"tick":74},{"sounds":[],"tick":75},{"sounds":[{"level":7200,"sound":74},{"level":-1,"sound":0},{"level":1,"sound":81}],"tick":76},{"sounds":[{"level":-1,"sound":0}],"tick":77},{"sounds":[],"tick":78},{"sounds":[],"tick":79},{"sounds":[],"tick":80},{"sounds":[],"tick":81},{"sounds":[{"level":-1,"sound":0}],"tick":82},{"sounds":[],"tick":83},{"sounds":[],"tick":84},{"sounds":[],"tick":85},{"sounds":[],"tick":86},{"sounds":[],"tick":87},{"sounds":[],"tick":88},{"sounds":[],"tick":89},{"sounds":[],"tick":90},{"sounds":[{"level":-1,"sound":0}],"tick":91},{"sounds":[],"tick":92},{"sounds":[],"tick":93},{"sounds":[],"tick":94},{"sounds":[{"level":-1,"sound":0}],"tick":95},{"sounds":[{"level":1286,"sound":81},{"level":6,"sound":81},{"level":10,"sound":81},{"level":-1,"sound":0}],"tick":96},{"sounds":[],"tick":97},{"sounds":[{"level":-1,"sound":0}],"tick":98},{"sounds":[],"tick":99},{"sounds":[],"tick":100},{"sounds":[],"tick":101},{"sounds":[{"level":-1,"sound":0}],"tick":102},{"sounds":[],"tick":103},{"sounds":[],"tick":104},{"sounds":[],"tick":105},{"sounds":[],"tick":106},{"sounds":[],"tick":107},{"sounds":[],"tick":108},{"sounds":[{"level":-1,"sound":0}],"tick":109},{"sounds":[],"tick":110},{"sounds":[],"tick":111},{"sounds":[],"tick":112},{"sounds":[{"level":-1,"sound":0}],"tick":113},{"sounds":[],"tick":114},{"sounds":[{"level":-1,"sound":0}],"tick":115},{"sounds":[],"tick":116},{"sounds":[{"level":-1,"sound":0}],"tick":117},{"sounds":[],"tick":118},{"sounds":[{"level":-1,"sound":0}],"tick":119},{"sounds":[],"tick":120},{"sounds":[{"level":-1,"sound":0},{"level":10,"sound":81},{"level":1,"sound":81}],"tick":121},{"sounds":[],"tick":122},{"sounds":[],"tick":123},{"sounds":[],"tick":124},{"sounds":[{"level":-1,"sound":0}],"tick":125},{"sounds":[],"tick":126},{"sounds":[{"level":-1,"sound":0}],"tick":127},{"sounds":[],"tick":128},{"sounds":[{"level":-1,"sound":0}],"tick":129},{"sounds":[],"tick":130},{"sounds":[],"tick":131},{"sounds":[],"tick":132},{"sounds":[],"tick":133},{"sounds":[{"level":-1,"sound":0}],"tick":134},{"sounds":[],"tick":135},{"sounds":[{"level":-1,"sound":0}],"tick":136},{"sounds":[{"level":-1,"sound":0},{"level":3,"sound":81}],"tick":137},{"sounds":[],"tick":138},{"sounds":[{"level":-1,"sound":0}],"tick":139},{"sounds":[],"tick":140},{"sounds":[],"tick":141},{"sounds":[{"level":-1,"sound":0}],"tick":142},{"sounds":[],"tick":143},{"sounds":[],"tick":144},{"sounds":[{"level":-1,"sound":0}],"tick":145},{"sounds":[{"level":-1,"sound":0},{"level":10,"sound":81},{"level":5,"sound":81},{"level":1290,"sound":81}],"tick":146},{"sounds":[],"tick":147},{"sounds":[],"tick":148},{"sounds":[{"level":-1,"sound":0}],"tick":149},{"sounds":[],"tick":150},{"sounds":[{"level":-1,"sound":0}],"tick":151},{"sounds":[],"tick":152},{"sounds":[],"tick":153},{"sounds":[],"tick":154},{"sounds":[{"level":-1,"sound":0}],"tick":155},{"sounds":[],"tick":156},{"sounds":[{"level":-1,"sound":0}],"tick":157},{"sounds":[],"tick":158},{"sounds":[{"level":-1,"sound":0}],"tick":159},{"sounds":[],"tick":160},{"sounds":[{"level":-1,"sound":0}],"tick":161},{"sounds":[],"tick":162},{"sounds":[{"level":-1,"sound":0}],"tick":163},{"sounds":[],"tick":164},{"sounds":[],"tick":165},{"sounds":[],"tick":166},{"sounds":[],"tick":167},{"sounds":[],"tick":168},{"sounds":[],"tick":169},{"sounds":[{"level":-1,"sound":0}],"tick":170},{"sounds":[],"tick":171},{"sounds":[],"tick":172},{"sounds":[{"level":-1,"sound":0},{"level":22,"sound":81},{"level":6,"sound":81},{"level":1,"sound":81}],"tick":173},{"sounds":[],"tick":174},{"sounds":[],"tick":175},{"sounds":[],"tick":176},{"sounds":[{"level":-1,"sound":0}],"tick":177},{"sounds":[],"tick":178},{"sounds":[],"tick":179},{"sounds":[{"level":22,"sound":81},{"level":6,"sound":81},{"level":1,"sound":81},{"level":-1,"sound":0}],"tick":180},{"sounds":[],"tick":181},{"sounds":[],"tick":182},{"sounds":[],"tick":183},{"sounds":[],"tick":184},{"sounds":[],"tick":185},{"sounds":[],"tick":186},{"sounds":[],"tick":187},{"sounds":[],"tick":188},{"sounds":[{"level":-1,"sound":0}],"tick":189},{"sounds":[{"level":-1,"sound":0}],"tick":190},{"sounds":[],"tick":191},{"sounds":[],"tick":192},{"sounds":[],"tick":193},{"sounds":[],"tick":194},{"sounds":[],"tick":195},{"sounds":[],"tick":196},{"sounds":[{"level":1291,"sound":81},{"level":6,"sound":81},{"level":11,"sound":81},{"level":-1,"sound":0}],"tick":197},{"sounds":[],"tick":198},{"sounds":[{"level":-1,"sound":0}],"tick":199},{"sounds":[{"level":-1,"sound":0}],"tick":200},{"sounds":[],"tick":201},{"sounds":[],"tick":202},{"sounds":[],"tick":203},{"sounds":[{"level":-1,"sound":0}],"tick":204},{"sounds":[],"tick":205},{"sounds":[],"tick":206},{"sounds":[{"level":-1,"sound":0}],"tick":207},{"sounds":[],"tick":208},{"sounds":[],"tick":209},{"sounds":[],"tick":210},{"sounds":[{"level":-1,"sound":0}],"tick":211},{"sounds":[{"level":-1,"sound":0}],"tick":212},{"sounds":[],"tick":213},{"sounds":[],"tick":214},{"sounds":[{"level":-1,"sound":0}],"tick":215},{"sounds":[],"tick":216},{"sounds":[{"level":-1,"sound":0},{"level":1,"sound":81},{"level":6,"sound":81}],"tick":217},{"sounds":[],"tick":218},{"sounds":[],"tick":219},{"sounds":[{"level":-1,"sound":0}],"tick":220},{"sounds":[],"tick":221},{"sounds":[],"tick":222},{"sounds":[],"tick":223},{"sounds":[{"level":-1,"sound":0}],"tick":224},{"sounds":[],"tick":225},{"sounds":[],"tick":226},{"sounds":[],"tick":227},{"sounds":[{"level":-1,"sound":0}],"tick":228},{"sounds":[],"tick":229},{"sounds":[{"level":-1,"sound":0}],"tick":230},{"sounds":[],"tick":231},{"sounds":[],"tick":232},{"sounds":[{"level":23,"sound":81},{"level":-1,"sound":0}],"tick":233},{"sounds":[],"tick":234},{"sounds":[{"level":-1,"sound":0}],"tick":235},{"sounds":[],"tick":236},{"sounds":[],"tick":237},{"sounds":[],"tick":238},{"sounds":[],"tick":239},{"sounds":[{"level":-1,"sound":0}],"tick":240},{"sounds":[{"level":1,"sound":81},{"level":1290,"sound":81},{"level":10,"sound":81},{"level":-1,"sound":0}],"tick":241},{"sounds":[],"tick":242},{"sounds":[{"level":-1,"sound":0}],"tick":243},{"sounds":[],"tick":244},{"sounds":[],"tick":245},{"sounds":[],"tick":246},{"sounds":[],"tick":247},{"sounds":[],"tick":248},{"sounds":[{"level":-1,"sound":0}],"tick":249},{"sounds":[],"tick":250},{"sounds":[{"level":-1,"sound":0}],"tick":251},{"sounds":[],"tick":252},{"sounds":[{"level":-1,"sound":0}],"tick":253},{"sounds":[],"tick":254},{"sounds":[],"tick":255},{"sounds":[{"level":-1,"sound":0}],"tick":256},{"sounds":[],"tick":257},{"sounds":[],"tick":258},{"sounds":[{"level":-1,"sound":0}],"tick":259},{"sounds":[],"tick":260},{"sounds":[{"level":-1,"sound":0}],"tick":261},{"sounds":[],"tick":262},{"sounds":[],"tick":263},{"sounds":[],"tick":264},{"sounds":[],"tick":265},{"sounds":[{"level":18,"sound":81},{"level":1,"sound":81},{"level":-1,"sound":0}],"tick":266},{"sounds":[],"tick":267},{"sounds":[],"tick":268},{"sounds":[],"tick":269},{"sounds":[{"level":-1,"sound":0}],"tick":270},{"sounds":[],"tick":271},{"sounds":[{"level":-1,"sound":0}],"tick":272},{"sounds":[],"tick":273},{"sounds":[],"tick":274},{"sounds":[],"tick":275},{"sounds":[],"tick":276},{"sounds":[],"tick":277},{"sounds":[{"level":18,"sound":81},{"level":1,"sound":81},{"level":-1,"sound":0}],"tick":278},{"sounds":[],"tick":279},{"sounds":[],"tick":280},{"sounds":[],"tick":281},{"sounds":[],"tick":282},{"sounds":[{"level":-1,"sound":0}],"tick":283},{"sounds":[],"tick":284},{"sounds":[],"tick":285},{"sounds":[],"tick":286},{"sounds":[],"tick":287},{"sounds":[],"tick":288},{"sounds":[{"level":1288,"sound":81},{"level":20,"sound":81},{"level":-1,"sound":0}],"tick":289},{"sounds":[],"tick":290},{"sounds":[],"tick":291},{"sounds":[],"tick":292},{"sounds":[],"tick":293},{"sounds":[{"level":-1,"sound":0}],"tick":294},{"sounds":[],"tick":295},{"sounds":[],"tick":296},{"sounds":[],"tick":297},{"sounds":[{"level":-1,"sound":0}],"tick":298},{"sounds":[],"tick":299},{"sounds":[{"level":-1,"sound":0}],"tick":300},{"sounds":[],"tick":301},{"sounds":[],"tick":302},{"sounds":[{"level":-1,"sound":0}],"tick":303},{"sounds":[{"level":-1,"sound":0}],"tick":304},{"sounds":[],"tick":305},{"sounds":[],"tick":306},{"sounds":[],"tick":307},{"sounds":[],"tick":308},{"sounds":[{"level":-1,"sound":0}],"tick":309},{"sounds":[],"tick":310},{"sounds":[{"level":-1,"sound":0}],"tick":311},{"sounds":[],"tick":312},{"sounds":[{"level":20,"sound":81}],"tick":313},{"sounds":[],"tick":314},{"sounds":[],"tick":315},{"sounds":[{"level":-1,"sound":0}],"tick":316},{"sounds":[],"tick":317},{"sounds":[{"level":-1,"sound":0}],"tick":318},{"sounds":[],"tick":319},{"sounds":[{"level":-1,"sound":0}],"tick":320},{"sounds":[],"tick":321},{"sounds":[],"tick":322},{"sounds":[{"level":-1,"sound":0}],"tick":323},{"sounds":[],"tick":324},{"sounds":[{"level":-1,"sound":0},{"level":22,"sound":81}],"tick":325},{"sounds":[],"tick":326},{"sounds":[{"level":-1,"sound":0}],"tick":327},{"sounds":[],"tick":328},{"sounds":[],"tick":329},{"sounds":[],"tick":330},{"sounds":[],"tick":331},{"sounds":[{"level":-1,"sound":0}],"tick":332},{"sounds":[],"tick":333},{"sounds":[{"level":-1,"sound":0}],"tick":334},{"sounds":[],"tick":335},{"sounds":[{"level":-1,"sound":0}],"tick":336},{"sounds":[],"tick":337},{"sounds":[{"level":-1,"sound":0},{"level":6,"sound":81},{"level":3,"sound":81},{"level":23,"sound":81}],"tick":338},{"sounds":[],"tick":339},{"sounds":[{"level":-1,"sound":0}],"tick":340},{"sounds":[],"tick":341},{"sounds":[],"tick":342},{"sounds":[],"tick":343},{"sounds":[],"tick":344},{"sounds":[{"level":-1,"sound":0}],"tick":345},{"sounds":[],"tick":346},{"sounds":[],"tick":347},{"sounds":[{"level":-1,"sound":0}],"tick":348},{"sounds":[{"level":-1,"sound":0}],"tick":349},{"sounds":[],"tick":350},{"sounds":[],"tick":351},{"sounds":[{"level":-1,"sound":0}],"tick":352},{"sounds":[],"tick":353},{"sounds":[],"tick":354},{"sounds":[],"tick":355},{"sounds":[{"level":-1,"sound":0}],"tick":356},{"sounds":[],"tick":357},{"sounds":[{"level":-1,"sound":0}],"tick":358},{"sounds":[],"tick":359},{"sounds":[],"tick":360},{"sounds":[{"level":23,"sound":81},{"level":3,"sound":81},{"level":-1,"sound":0}],"tick":361},{"sounds":[],"tick":362},{"sounds":[{"level":-1,"sound":0}],"tick":363},{"sounds":[],"tick":364},{"sounds":[],"tick":365},{"sounds":[{"level":-1,"sound":0}],"tick":366},{"sounds":[],"tick":367},{"sounds":[],"tick":368},{"sounds":[],"tick":369},{"sounds":[],"tick":370},{"sounds":[{"level":-1,"sound":0}],"tick":371},{"sounds":[],"tick":372},{"sounds":[],"tick":373},{"sounds":[],"tick":374},{"sounds":[],"tick":375},{"sounds":[{"level":-1,"sound":0}],"tick":376},{"sounds":[{"level":1,"sound":81}],"tick":377},{"sounds":[],"tick":378},{"sounds":[],"tick":379},{"sounds":[],"tick":380},{"sounds":[],"tick":381},{"sounds":[],"tick":382},{"sounds":[],"tick":383},{"sounds":[],"tick":384},{"sounds":[],"tick":385},{"sounds":[],"tick":386},{"sounds":[],"tick":387},{"sounds":[],"tick":388},{"sounds":[],"tick":389},{"sounds":[],"tick":390},{"sounds":[],"tick":391},{"sounds":[{"level":3,"sound":81},{"level":8,"sound":81},{"level":6,"sound":81},{"level":-1,"sound":0}],"tick":392},{"sounds":[{"level":-1,"sound":0}],"tick":393},{"sounds":[],"tick":394},{"sounds":[{"level":-1,"sound":0}],"tick":395},{"sounds":[],"tick":396},{"sounds":[{"level":-1,"sound":0}],"tick":397},{"sounds":[],"tick":398},{"sounds":[],"tick":399},{"sounds":[{"level":-1,"sound":0}],"tick":400},{"sounds":[],"tick":401},{"sounds":[{"level":-1,"sound":0}],"tick":402},{"sounds":[{"level":-1,"sound":0}],"tick":403},{"sounds":[],"tick":404},{"sounds":[],"tick":405},{"sounds":[],"tick":406},{"sounds":[{"level":-1,"sound":0}],"tick":407},{"sounds":[{"level":8,"sound":81},{"level":5,"sound":81},{"level":-1,"sound":0}],"tick":408},{"sounds":[],"tick":409},{"sounds":[],"tick":410},{"sounds":[{"level":-1,"sound":0}],"tick":411},{"sounds":[],"tick":412},{"sounds":[{"level":-1,"sound":0}],"tick":413},{"sounds":[],"tick":414},{"sounds":[{"level":-1,"sound":0}],"tick":415},{"sounds":[],"tick":416},{"sounds":[{"level":-1,"sound":0}],"tick":417},{"sounds":[],"tick":418},{"sounds":[],"tick":419},{"sounds":[{"level":-1,"sound":0}],"tick":420},{"sounds":[],"tick":421},{"sounds":[{"level":-1,"sound":0},{"level":3,"sound":81},{"level":6,"sound":81}],"tick":422},{"sounds":[],"tick":423},{"sounds":[],"tick":424},{"sounds":[{"level":-1,"sound":0}],"tick":425},{"sounds":[],"tick":426},{"sounds":[{"level":-1,"sound":0}],"tick":427},{"sounds":[],"tick":428},{"sounds":[{"level":-1,"sound":0}],"tick":429},{"sounds":[],"tick":430},{"sounds":[],"tick":431},{"sounds":[{"level":-1,"sound":0}],"tick":432},{"sounds":[],"tick":433},{"sounds":[{"level":1,"sound":81},{"level":8,"sound":81}],"tick":434},{"sounds":[],"tick":435},{"sounds":[{"level":-1,"sound":0}],"tick":436},{"sounds":[],"tick":437},{"sounds":[],"tick":438},{"sounds":[],"tick":439},{"sounds":[{"level":-1,"sound":0}],"tick":440},{"sounds":[],"tick":441},{"sounds":[],"tick":442},{"sounds":[{"level":-1,"sound":0}],"tick":443},{"sounds":[{"level":11,"sound":81},{"level":-1,"sound":0}],"tick":444},{"sounds":[],"tick":445},{"sounds":[{"level":-1,"sound":0}],"tick":446},{"sounds":[],"tick":447},{"sounds":[{"level":-1,"sound":0}],"tick":448},{"sounds":[],"tick":449},{"sounds":[],"tick":450},{"sounds":[],"tick":451},{"sounds":[],"tick":452},{"sounds":[{"level":-1,"sound":0}],"tick":453},{"sounds":[],"tick":454},{"sounds":[],"tick":455},{"sounds":[],"tick":456},{"sounds":[{"level":-1,"sound":0}],"tick":457},{"sounds":[{"level":-1,"sound":0}],"tick":458},{"sounds":[],"tick":459},{"sounds":[],"tick":460},{"sounds":[{"level":-1,"sound":0}],"tick":461},{"sounds":[],"tick":462},{"sounds":[{"level":-1,"sound":0}],"tick":463},{"sounds":[],"tick":464},{"sounds":[{"level":-1,"sound":0}],"tick":465},{"sounds":[{"level":10,"sound":81},{"level":-1,"sound":0}],"tick":466},{"sounds":[{"level":-1,"sound":0}],"tick":467},{"sounds":[],"tick":468},{"sounds":[],"tick":469},{"sounds":[],"tick":470},{"sounds":[],"tick":471},{"sounds":[],"tick":472},{"sounds":[{"level":-1,"sound":0}],"tick":473},{"sounds":[],"tick":474},{"sounds":[{"level":-1,"sound":0}],"tick":475},{"sounds":[],"tick":476},{"sounds":[],"tick":477},{"sounds":[{"level":-1,"sound":0}],"tick":478},{"sounds":[],"tick":479},{"sounds":[],"tick":480},{"sounds":[{"level":-1,"sound":0},{"level":8,"sound":81},{"level":1,"sound":81}],"tick":481},{"sounds":[],"tick":482},{"sounds":[],"tick":483},{"sounds":[{"level":-1,"sound":0}],"tick":484},{"sounds":[],"tick":485},{"sounds":[{"level":-1,"sound":0}],"tick":486},{"sounds":[],"tick":487},{"sounds":[],"tick":488},{"sounds":[],"tick":489},{"sounds":[],"tick":490},{"sounds":[{"level":-1,"sound":0}],"tick":491},{"sounds":[],"tick":492},{"sounds":[],"tick":493},{"sounds":[],"tick":494},{"sounds":[{"level":-1,"sound":0}],"tick":495},{"sounds":[],"tick":496},{"sounds":[],"tick":497},{"sounds":[{"level":6,"sound":81},{"level":10,"sound":81},{"level":1290,"sound":81},{"level":13,"sound":81},{"level":2833,"sound":81}],"tick":498},{"sounds":[],"tick":499},{"sounds":[{"level":-1,"sound":0}],"tick":500},{"sounds":[],"tick":501},{"sounds":[],"tick":502},{"sounds":[],"tick":503},{"sounds":[{"level":-1,"sound":0}],"tick":504},{"sounds":[{"level":-1,"sound":0}],"tick":505},{"sounds":[],"tick":506},{"sounds":[{"level":-1,"sound":0}],"tick":507},{"sounds":[],"tick":508},{"sounds":[],"tick":509},{"sounds":[{"level":-1,"sound":0}],"tick":510},{"sounds":[{"level":-1,"sound":0}],"tick":511},{"sounds":[],"tick":512},{"sounds":[{"level":-1,"sound":0}],"tick":513},{"sounds":[],"tick":514},{"sounds":[],"tick":515},{"sounds":[],"tick":516},{"sounds":[{"level":-1,"sound":0}],"tick":517},{"sounds":[],"tick":518},{"sounds":[{"level":-1,"sound":0}],"tick":519},{"sounds":[],"tick":520},{"sounds":[{"level":13,"sound":81},{"level":8,"sound":81}],"tick":521},{"sounds":[],"tick":522},{"sounds":[{"level":-1,"sound":0}],"tick":523},{"sounds":[],"tick":524},{"sounds":[],"tick":525},{"sounds":[],"tick":526},{"sounds":[{"level":-1,"sound":0}],"tick":527},{"sounds":[],"tick":528},{"sounds":[],"tick":529},{"sounds":[],"tick":530},{"sounds":[],"tick":531},{"sounds":[{"level":-1,"sound":0}],"tick":532},{"sounds":[{"level":-1,"sound":0}],"tick":533},{"sounds":[],"tick":534},{"sounds":[{"level":-1,"sound":0}],"tick":535},{"sounds":[],"tick":536},{"sounds":[{"level":-1,"sound":0},{"level":6,"sound":81}],"tick":537},{"sounds":[],"tick":538},{"sounds":[],"tick":539},{"sounds":[{"level":-1,"sound":0}],"tick":540},{"sounds":[],"tick":541},{"sounds":[{"level":-1,"sound":0}],"tick":542},{"sounds":[],"tick":543},{"sounds":[],"tick":544},{"sounds":[{"level":1,"sound":81},{"level":8,"sound":81},{"level":1288,"sound":81},{"level":-1,"sound":0}],"tick":545},{"sounds":[],"tick":546},{"sounds":[],"tick":547},{"sounds":[{"level":-1,"sound":0}],"tick":548},{"sounds":[],"tick":549},{"sounds":[{"level":-1,"sound":0}],"tick":550},{"sounds":[],"tick":551},{"sounds":[{"level":-1,"sound":0}],"tick":552},{"sounds":[],"tick":553},{"sounds":[],"tick":554},{"sounds":[],"tick":555},{"sounds":[{"level":-1,"sound":0}],"tick":556},{"sounds":[{"level":-1,"sound":0}],"tick":557},{"sounds":[],"tick":558},{"sounds":[],"tick":559},{"sounds":[{"level":-1,"sound":0}],"tick":560},{"sounds":[],"tick":561},{"sounds":[{"level":-1,"sound":0}],"tick":562},{"sounds":[],"tick":563},{"sounds":[{"level":-1,"sound":0}],"tick":564},{"sounds":[],"tick":565},{"sounds":[],"tick":566},{"sounds":[{"level":-1,"sound":0}],"tick":567},{"sounds":[],"tick":568},{"sounds":[],"tick":569},{"sounds":[],"tick":570},{"sounds":[],"tick":571},{"sounds":[],"tick":572},{"sounds":[{"level":-1,"sound":0},{"level":5,"sound":81},{"level":8,"sound":81}],"tick":573},{"sounds":[],"tick":574},{"sounds":[],"tick":575},{"sounds":[{"level":-1,"sound":0}],"tick":576},{"sounds":[],"tick":577},{"sounds":[],"tick":578},{"sounds":[],"tick":579},{"sounds":[],"tick":580},{"sounds":[{"level":-1,"sound":0}],"tick":581},{"sounds":[],"tick":582},{"sounds":[],"tick":583},{"sounds":[{"level":-1,"sound":0},{"level":1,"sound":81},{"level":8,"sound":81}],"tick":584},{"sounds":[],"tick":585},{"sounds":[],"tick":586},{"sounds":[],"tick":587},{"sounds":[],"tick":588},{"sounds":[],"tick":589},{"sounds":[],"tick":590},{"sounds":[],"tick":591},{"sounds":[{"level":-1,"sound":0}],"tick":592},{"sounds":[],"tick":593},{"sounds":[],"tick":594},{"sounds":[{"level":-1,"sound":0},{"level":10,"sound":81},{"level":6,"sound":81},{"level":1286,"sound":81},{"level":3,"sound":81}],"tick":595},{"sounds":[],"tick":596},{"sounds":[{"level":-1,"sound":0}],"tick":597},{"sounds":[],"tick":598},{"sounds":[],"tick":599},{"sounds":[{"level":-1,"sound":0}],"tick":600},{"sounds":[{"level":-1,"sound":0}],"tick":601},{"sounds":[],"tick":602},{"sounds":[{"level":-1,"sound":0}],"tick":603},{"sounds":[],"tick":604},{"sounds":[],"tick":605},{"sounds":[],"tick":606},{"sounds":[{"level":-1,"sound":0}],"tick":607},{"sounds":[],"tick":608},{"sounds":[{"level":-1,"sound":0}],"tick":609},{"sounds":[],"tick":610},{"sounds":[{"level":-1,"sound":0}],"tick":611},{"sounds":[],"tick":612},{"sounds":[{"level":-1,"sound":0}],"tick":613},{"sounds":[],"tick":614},{"sounds":[],"tick":615},{"sounds":[],"tick":616},{"sounds":[],"tick":617},{"sounds":[],"tick":618},{"sounds":[{"level":8,"sound":81},{"level":10,"sound":81},{"level":5,"sound":81},{"level":-1,"sound":0}],"tick":619},{"sounds":[],"tick":620},{"sounds":[{"level":-1,"sound":0}],"tick":621},{"sounds":[],"tick":622},{"sounds":[{"level":-1,"sound":0}],"tick":623},{"sounds":[],"tick":624},{"sounds":[],"tick":625},{"sounds":[],"tick":626},{"sounds":[],"tick":627},{"sounds":[],"tick":628},{"sounds":[{"level":-1,"sound":0}],"tick":629},{"sounds":[{"level":-1,"sound":0}],"tick":630},{"sounds":[],"tick":631},{"sounds":[{"level":3,"sound":81},{"level":-1,"sound":0}],"tick":632},{"sounds":[],"tick":633},{"sounds":[],"tick":634},{"sounds":[],"tick":635},{"sounds":[],"tick":636},{"sounds":[{"level":-1,"sound":0}],"tick":637},{"sounds":[],"tick":638},{"sounds":[],"tick":639},{"sounds":[{"level":-1,"sound":0}],"tick":640},{"sounds":[],"tick":641},{"sounds":[{"level":10,"sound":81},{"level":5,"sound":81},{"level":1285,"sound":81}],"tick":642},{"sounds":[],"tick":643},{"sounds":[],"tick":644},{"sounds":[{"level":-1,"sound":0}],"tick":645},{"sounds":[{"level":-1,"sound":0}],"tick":646},{"sounds":[],"tick":647},{"sounds":[],"tick":648},{"sounds":[{"level":-1,"sound":0}],"tick":649},{"sounds":[],"tick":650},{"sounds":[],"tick":651},{"sounds":[{"level":-1,"sound":0}],"tick":652},{"sounds":[],"tick":653},{"sounds":[],"tick":654},{"sounds":[],"tick":655},{"sounds":[{"level":-1,"sound":0}],"tick":656},{"sounds":[],"tick":657},{"sounds":[{"level":-1,"sound":0}],"tick":658},{"sounds":[],"tick":659},{"sounds":[{"level":-1,"sound":0}],"tick":660},{"sounds":[],"tick":661},{"sounds":[{"level":-1,"sound":0}],"tick":662},{"sounds":[],"tick":663},{"sounds":[{"level":-1,"sound":0},{"level":22,"sound":81},{"level":1,"sound":81}],"tick":664},{"sounds":[],"tick":665},{"sounds":[],"tick":666},{"sounds":[],"tick":667},{"sounds":[],"tick":668},{"sounds":[],"tick":669},{"sounds":[{"level":-1,"sound":0}],"tick":670},{"sounds":[],"tick":671},{"sounds":[],"tick":672},{"sounds":[],"tick":673},{"sounds":[],"tick":674},{"sounds":[],"tick":675},{"sounds":[{"level":-1,"sound":0}],"tick":676},{"sounds":[],"tick":677},{"sounds":[],"tick":678},{"sounds":[],"tick":679},{"sounds":[],"tick":680},{"sounds":[],"tick":681},{"sounds":[{"level":-1,"sound":0},{"level":22,"sound":81},{"level":1,"sound":81}],"tick":682},{"sounds":[],"tick":683},{"sounds":[],"tick":684},{"sounds":[],"tick":685},{"sounds":[{"level":-1,"sound":0}],"tick":686},{"sounds":[],"tick":687},{"sounds":[],"tick":688},{"sounds":[{"level":-1,"sound":0}],"tick":689},{"sounds":[],"tick":690},{"sounds":[{"level":-1,"sound":0},{"level":11,"sound":81},{"level":8,"sound":81},{"level":3,"sound":81}],"tick":691},{"sounds":[],"tick":692},{"sounds":[{"level":-1,"sound":0}],"tick":693},{"sounds":[],"tick":694},{"sounds":[{"level":-1,"sound":0}],"tick":695},{"sounds":[],"tick":696},{"sounds":[],"tick":697},{"sounds":[],"tick":698},{"sounds":[],"tick":699},{"sounds":[{"level":-1,"sound":0}],"tick":700},{"sounds":[],"tick":701},{"sounds":[{"level":-1,"sound":0}],"tick":702},{"sounds":[],"tick":703},{"sounds":[{"level":-1,"sound":0}],"tick":704},{"sounds":[],"tick":705},{"sounds":[{"level":-1,"sound":0}],"tick":706},{"sounds":[],"tick":707},{"sounds":[{"level":-1,"sound":0}],"tick":708},{"sounds":[],"tick":709},{"sounds":[{"level":-1,"sound":0}],"tick":710},{"sounds":[],"tick":711},{"sounds":[{"level":8,"sound":81},{"level":1,"sound":81},{"level":-1,"sound":0}],"tick":712},{"sounds":[],"tick":713},{"sounds":[],"tick":714},{"sounds":[{"level":-1,"sound":0}],"tick":715},{"sounds":[],"tick":716},{"sounds":[{"level":-1,"sound":0}],"tick":717},{"sounds":[],"tick":718},{"sounds":[{"level":-1,"sound":0}],"tick":719},{"sounds":[],"tick":720},{"sounds":[{"level":-1,"sound":0}],"tick":721},{"sounds":[],"tick":722},{"sounds":[],"tick":723},{"sounds":[],"tick":724},{"sounds":[],"tick":725},{"sounds":[],"tick":726},{"sounds":[{"level":23,"sound":81},{"level":-1,"sound":0}],"tick":727},{"sounds":[],"tick":728},{"sounds":[],"tick":729},{"sounds":[],"tick":730},{"sounds":[{"level":-1,"sound":0}],"tick":731},{"sounds":[],"tick":732},{"sounds":[{"level":-1,"sound":0}],"tick":733},{"sounds":[],"tick":734},{"sounds":[{"level":-1,"sound":0}],"tick":735},{"sounds":[],"tick":736},{"sounds":[{"level":-1,"sound":0}],"tick":737},{"sounds":[],"tick":738},{"sounds":[{"level":1,"sound":81},{"level":-1,"sound":0},{"level":10,"sound":81},{"level":8,"sound":81}],"tick":739},{"sounds":[],"tick":740},{"sounds":[{"level":-1,"sound":0}],"tick":741},{"sounds":[],"tick":742},{"sounds":[],"tick":743},{"sounds":[{"level":-1,"sound":0}],"tick":744},{"sounds":[{"level":-1,"sound":0}],"tick":745},{"sounds":[],"tick":746},{"sounds":[{"level":-1,"sound":0}],"tick":747},{"sounds":[],"tick":748},{"sounds":[],"tick":749},{"sounds":[],"tick":750},{"sounds":[{"level":-1,"sound":0}],"tick":751},{"sounds":[],"tick":752},{"sounds":[{"level":-1,"sound":0}],"tick":753},{"sounds":[],"tick":754},{"sounds":[],"tick":755},{"sounds":[],"tick":756},{"sounds":[{"level":-1,"sound":0}],"tick":757},{"sounds":[{"level":-1,"sound":0}],"tick":758},{"sounds":[],"tick":759},{"sounds":[],"tick":760},{"sounds":[{"level":18,"sound":81},{"level":1,"sound":81}],"tick":761},{"sounds":[],"tick":762},{"sounds":[],"tick":763},{"sounds":[],"tick":764},{"sounds":[{"level":-1,"sound":0}],"tick":765},{"sounds":[{"level":-1,"sound":0}],"tick":766},{"sounds":[{"level":-1,"sound":0}],"tick":767},{"sounds":[],"tick":768},{"sounds":[],"tick":769},{"sounds":[{"level":-1,"sound":0}],"tick":770},{"sounds":[],"tick":771},{"sounds":[],"tick":772},{"sounds":[],"tick":773},{"sounds":[{"level":18,"sound":81},{"level":1,"sound":81},{"level":-1,"sound":0}],"tick":774},{"sounds":[],"tick":775},{"sounds":[],"tick":776},{"sounds":[],"tick":777},{"sounds":[],"tick":778},{"sounds":[{"level":-1,"sound":0}],"tick":779},{"sounds":[{"level":-1,"sound":0}],"tick":780},{"sounds":[],"tick":781},{"sounds":[],"tick":782},{"sounds":[{"level":-1,"sound":0}],"tick":783},{"sounds":[],"tick":784},{"sounds":[{"level":12,"sound":81},{"level":6,"sound":81},{"level":1286,"sound":81}],"tick":785},{"sounds":[],"tick":786},{"sounds":[],"tick":787},{"sounds":[{"level":-1,"sound":0}],"tick":788},{"sounds":[{"level":-1,"sound":0}],"tick":789},{"sounds":[],"tick":790},{"sounds":[],"tick":791},{"sounds":[{"level":-1,"sound":0}],"tick":792},{"sounds":[],"tick":793},{"sounds":[{"level":-1,"sound":0}],"tick":794},{"sounds":[],"tick":795},{"sounds":[{"level":-1,"sound":0}],"tick":796},{"sounds":[],"tick":797},{"sounds":[{"level":-1,"sound":0}],"tick":798},{"sounds":[],"tick":799},{"sounds":[{"level":-1,"sound":0}],"tick":800},{"sounds":[],"tick":801},{"sounds":[],"tick":802},{"sounds":[],"tick":803},{"sounds":[{"level":-1,"sound":0}],"tick":804},{"sounds":[],"tick":805},{"sounds":[],"tick":806},{"sounds":[],"tick":807},{"sounds":[{"level":-1,"sound":0}],"tick":808},{"sounds":[],"tick":809},{"sounds":[],"tick":810},{"sounds":[{"level":-1,"sound":0},{"level":10,"sound":81},{"level":5,"sound":81},{"level":1285,"sound":81}],"tick":811},{"sounds":[],"tick":812},{"sounds":[{"level":-1,"sound":0}],"tick":813},{"sounds":[],"tick":814},{"sounds":[{"level":-1,"sound":0}],"tick":815},{"sounds":[],"tick":816},{"sounds":[{"level":-1,"sound":0}],"tick":817},{"sounds":[],"tick":818},{"sounds":[],"tick":819},{"sounds":[{"level":-1,"sound":0}],"tick":820},{"sounds":[],"tick":821},{"sounds":[],"tick":822},{"sounds":[{"level":-1,"sound":0}],"tick":823},{"sounds":[],"tick":824},{"sounds":[{"level":-1,"sound":0},{"level":1283,"sound":81},{"level":3,"sound":81}],"tick":825},{"sounds":[],"tick":826},{"sounds":[],"tick":827},{"sounds":[{"level":-1,"sound":0}],"tick":828},{"sounds":[],"tick":829},{"sounds":[{"level":-1,"sound":0}],"tick":830},{"sounds":[],"tick":831},{"sounds":[],"tick":832},{"sounds":[{"level":-1,"sound":0}],"tick":833},{"sounds":[],"tick":834},{"sounds":[{"level":-1,"sound":0},{"level":5,"sound":81},{"level":1,"sound":81},{"level":1281,"sound":81}],"tick":835},{"sounds":[],"tick":836},{"sounds":[{"level":-1,"sound":0}],"tick":837},{"sounds":[],"tick":838},{"sounds":[],"tick":839},{"sounds":[],"tick":840},{"sounds":[{"level":-1,"sound":0}],"tick":841},{"sounds":[],"tick":842},{"sounds":[],"tick":843},{"sounds":[{"level":-1,"sound":0}],"tick":844},{"sounds":[],"tick":845},{"sounds":[{"level":-1,"sound":0},{"level":11,"sound":81},{"level":17,"sound":81}],"tick":846},{"sounds":[],"tick":847},{"sounds":[{"level":-1,"sound":0}],"tick":848},{"sounds":[],"tick":849},{"sounds":[],"tick":850},{"sounds":[{"level":-1,"sound":0}],"tick":851},{"sounds":[],"tick":852},{"sounds":[{"level":-1,"sound":0}],"tick":853},{"sounds":[],"tick":854},{"sounds":[],"tick":855},{"sounds":[{"level":-1,"sound":0}],"tick":856},{"sounds":[],"tick":857},{"sounds":[],"tick":858},{"sounds":[{"level":-1,"sound":0},{"level":10,"sound":81},{"level":18,"sound":81}],"tick":859},{"sounds":[],"tick":860},{"sounds":[],"tick":861},{"sounds":[{"level":-1,"sound":0}],"tick":862},{"sounds":[],"tick":863},{"sounds":[{"level":-1,"sound":0}],"tick":864},{"sounds":[],"tick":865},{"sounds":[],"tick":866},{"sounds":[{"level":-1,"sound":0}],"tick":867},{"sounds":[],"tick":868},{"sounds":[{"level":8,"sound":81},{"level":-1,"sound":0},{"level":20,"sound":81}],"tick":869},{"sounds":[],"tick":870},{"sounds":[],"tick":871},{"sounds":[],"tick":872},{"sounds":[],"tick":873},{"sounds":[{"level":-1,"sound":0}],"tick":874},{"sounds":[],"tick":875},{"sounds":[],"tick":876},{"sounds":[],"tick":877},{"sounds":[],"tick":878},{"sounds":[{"level":-1,"sound":0}],"tick":879},{"sounds":[],"tick":880},{"sounds":[],"tick":881},{"sounds":[],"tick":882},{"sounds":[],"tick":883},{"sounds":[{"level":-1,"sound":0}],"tick":884},{"sounds":[{"level":-1,"sound":0}],"tick":885},{"sounds":[],"tick":886},{"sounds":[],"tick":887},{"sounds":[{"level":-1,"sound":0}],"tick":888},{"sounds":[],"tick":889},{"sounds":[{"level":10,"sound":81},{"level":2833,"sound":81},{"level":6,"sound":81}],"tick":890},{"sounds":[],"tick":891},{"sounds":[],"tick":892},{"sounds":[],"tick":893},{"sounds":[],"tick":894},{"sounds":[],"tick":895},{"sounds":[],"tick":896},{"sounds":[{"level":-1,"sound":0}],"tick":897},{"sounds":[],"tick":898},{"sounds":[],"tick":899},{"sounds":[{"level":-1,"sound":0}],"tick":900},{"sounds":[],"tick":901},{"sounds":[{"level":-1,"sound":0}],"tick":902},{"sounds":[],"tick":903},{"sounds":[],"tick":904},{"sounds":[{"level":-1,"sound":0}],"tick":905},{"sounds":[],"tick":906},{"sounds":[{"level":-1,"sound":0}],"tick":907},{"sounds":[],"tick":908},{"sounds":[],"tick":909},{"sounds":[],"tick":910},{"sounds":[{"level":-1,"sound":0}],"tick":911},{"sounds":[],"tick":912},{"sounds":[{"level":-1,"sound":0}],"tick":913},{"sounds":[],"tick":914},{"sounds":[],"tick":915},{"sounds":[],"tick":916},{"sounds":[],"tick":917},{"sounds":[{"level":-1,"sound":0}],"tick":918},{"sounds":[],"tick":919},{"sounds":[],"tick":920},{"sounds":[{"level":-1,"sound":0}],"tick":921},{"sounds":[],"tick":922},{"sounds":[],"tick":923},{"sounds":[],"tick":924},{"sounds":[{"level":-1,"sound":0}],"tick":925},{"sounds":[],"tick":926},{"sounds":[{"level":-1,"sound":0}],"tick":927},{"sounds":[],"tick":928},{"sounds":[],"tick":929},{"sounds":[],"tick":930},{"sounds":[{"level":-1,"sound":0}],"tick":931},{"sounds":[],"tick":932},{"sounds":[],"tick":933},{"sounds":[],"tick":934},{"sounds":[],"tick":935},{"sounds":[],"tick":936},{"sounds":[{"level":10,"sound":81},{"level":8,"sound":81},{"level":17,"sound":81}],"tick":937},{"sounds":[],"tick":938},{"sounds":[{"level":-1,"sound":0}],"tick":939},{"sounds":[],"tick":940},{"sounds":[{"level":-1,"sound":0}],"tick":941},{"sounds":[],"tick":942},{"sounds":[{"level":-1,"sound":0}],"tick":943},{"sounds":[],"tick":944},{"sounds":[],"tick":945},{"sounds":[{"level":-1,"sound":0}],"tick":946},{"sounds":[],"tick":947},{"sounds":[],"tick":948},{"sounds":[{"level":6,"sound":81},{"level":15,"sound":81},{"level":-1,"sound":0}],"tick":949},{"sounds":[],"tick":950},{"sounds":[],"tick":951},{"sounds":[{"level":-1,"sound":0}],"tick":952},{"sounds":[],"tick":953},{"sounds":[],"tick":954},{"sounds":[],"tick":955},{"sounds":[],"tick":956},{"sounds":[],"tick":957},{"sounds":[{"level":-1,"sound":0}],"tick":958},{"sounds":[],"tick":959},{"sounds":[{"level":-1,"sound":0}],"tick":960},{"sounds":[],"tick":961},{"sounds":[{"level":22,"sound":81},{"level":-1,"sound":0},{"level":5,"sound":81},{"level":13,"sound":81}],"tick":962},{"sounds":[],"tick":963},{"sounds":[],"tick":964},{"sounds":[{"level":-1,"sound":0}],"tick":965},{"sounds":[],"tick":966},{"sounds":[{"level":-1,"sound":0}],"tick":967},{"sounds":[],"tick":968},{"sounds":[],"tick":969},{"sounds":[],"tick":970},{"sounds":[],"tick":971},{"sounds":[{"level":-1,"sound":0}],"tick":972},{"sounds":[{"level":6,"sound":81},{"level":15,"sound":81},{"level":-1,"sound":0}],"tick":973},{"sounds":[],"tick":974},{"sounds":[],"tick":975},{"sounds":[],"tick":976},{"sounds":[],"tick":977},{"sounds":[],"tick":978},{"sounds":[{"level":-1,"sound":0}],"tick":979},{"sounds":[],"tick":980},{"sounds":[{"level":-1,"sound":0}],"tick":981},{"sounds":[],"tick":982},{"sounds":[{"level":-1,"sound":0}],"tick":983},{"sounds":[],"tick":984},{"sounds":[{"level":13,"sound":81},{"level":8,"sound":81},{"level":17,"sound":81},{"level":1,"sound":81}],"tick":985},{"sounds":[],"tick":986},{"sounds":[],"tick":987},{"sounds":[{"level":-1,"sound":0}],"tick":988},{"sounds":[],"tick":989},{"sounds":[],"tick":990},{"sounds":[],"tick":991},{"sounds":[],"tick":992},{"sounds":[{"level":-1,"sound":0}],"tick":993},{"sounds":[],"tick":994},{"sounds":[{"level":-1,"sound":0}],"tick":995},{"sounds":[{"level":-1,"sound":0}],"tick":996},{"sounds":[],"tick":997},{"sounds":[],"tick":998},{"sounds":[{"level":-1,"sound":0}],"tick":999},{"sounds":[],"tick":1000},{"sounds":[{"level":-1,"sound":0}],"tick":1001},{"sounds":[{"level":-1,"sound":0}],"tick":1002},{"sounds":[],"tick":1003},{"sounds":[{"level":-1,"sound":0}],"tick":1004},{"sounds":[],"tick":1005},{"sounds":[{"level":-1,"sound":0}],"tick":1006},{"sounds":[],"tick":1007},{"sounds":[{"level":-1,"sound":0}],"tick":1008},{"sounds":[],"tick":1009},{"sounds":[{"level":-1,"sound":0}],"tick":1010},{"sounds":[],"tick":1011},{"sounds":[],"tick":1012},{"sounds":[],"tick":1013},{"sounds":[],"tick":1014},{"sounds":[{"level":-1,"sound":0}],"tick":1015},{"sounds":[],"tick":1016},{"sounds":[{"level":-1,"sound":0}],"tick":1017},{"sounds":[{"level":-1,"sound":0}],"tick":1018},{"sounds":[],"tick":1019},{"sounds":[{"level":1,"sound":81},{"level":8,"sound":81}],"tick":1020},{"sounds":[],"tick":1021},{"sounds":[],"tick":1022},{"sounds":[{"level":-1,"sound":0}],"tick":1023},{"sounds":[],"tick":1024},{"sounds":[{"level":-1,"sound":0}],"tick":1025},{"sounds":[{"level":-1,"sound":0}],"tick":1026},{"sounds":[{"level":-1,"sound":0}],"tick":1027},{"sounds":[],"tick":1028},{"sounds":[],"tick":1029},{"sounds":[],"tick":1030},{"sounds":[{"level":-1,"sound":0}],"tick":1031},{"sounds":[],"tick":1032},{"sounds":[{"level":1,"sound":81},{"level":8,"sound":81}],"tick":1033},{"sounds":[],"tick":1034},{"sounds":[],"tick":1035},{"sounds":[{"level":-1,"sound":0}],"tick":1036},{"sounds":[{"level":-1,"sound":0}],"tick":1037},{"sounds":[],"tick":1038},{"sounds":[{"level":-1,"sound":0}],"tick":1039},{"sounds":[{"level":-1,"sound":0}],"tick":1040},{"sounds":[],"tick":1041},{"sounds":[{"level":-1,"sound":0}],"tick":1042},{"sounds":[],"tick":1043},{"sounds":[{"level":13,"sound":81},{"level":1,"sound":81},{"level":-1,"sound":0}],"tick":1044},{"sounds":[],"tick":1045},{"sounds":[],"tick":1046},{"sounds":[],"tick":1047},{"sounds":[{"level":-1,"sound":0}],"tick":1048},{"sounds":[{"level":-1,"sound":0}],"tick":1049},{"sounds":[],"tick":1050},{"sounds":[],"tick":1051},{"sounds":[{"level":-1,"sound":0}],"tick":1052},{"sounds":[{"level":-1,"sound":0}],"tick":1053},{"sounds":[],"tick":1054},{"sounds":[{"level":-1,"sound":0}],"tick":1055},{"sounds":[],"tick":1056},{"sounds":[],"tick":1057},{"sounds":[{"level":-1,"sound":0},{"level":11,"sound":81}],"tick":1058},{"sounds":[],"tick":1059},{"sounds":[],"tick":1060},{"sounds":[{"level":-1,"sound":0}],"tick":1061},{"sounds":[],"tick":1062},{"sounds":[{"level":-1,"sound":0}],"tick":1063},{"sounds":[],"tick":1064},{"sounds":[],"tick":1065},{"sounds":[],"tick":1066},{"sounds":[{"level":-1,"sound":0}],"tick":1067},{"sounds":[],"tick":1068},{"sounds":[],"tick":1069},{"sounds":[{"level":-1,"sound":0},{"level":10,"sound":81}],"tick":1070},{"sounds":[],"tick":1071},{"sounds":[],"tick":1072},{"sounds":[],"tick":1073},{"sounds":[],"tick":1074},{"sounds":[{"level":-1,"sound":0}],"tick":1075},{"sounds":[],"tick":1076},{"sounds":[],"tick":1077},{"sounds":[],"tick":1078},{"sounds":[{"level":-1,"sound":0}],"tick":1079},{"sounds":[],"tick":1080},{"sounds":[{"level":10,"sound":81},{"level":2833,"sound":81},{"level":3,"sound":81},{"level":6,"sound":81}],"tick":1081},{"sounds":[],"tick":1082},{"sounds":[],"tick":1083},{"sounds":[{"level":-1,"sound":0}],"tick":1084},{"sounds":[],"tick":1085},{"sounds":[],"tick":1086},{"sounds":[{"level":-1,"sound":0}],"tick":1087},{"sounds":[],"tick":1088},{"sounds":[],"tick":1089},{"sounds":[{"level":-1,"sound":0}],"tick":1090},{"sounds":[],"tick":1091},{"sounds":[],"tick":1092},{"sounds":[],"tick":1093},{"sounds":[],"tick":1094},{"sounds":[],"tick":1095},{"sounds":[],"tick":1096},{"sounds":[],"tick":1097},{"sounds":[],"tick":1098},{"sounds":[{"level":-1,"sound":0}],"tick":1099},{"sounds":[],"tick":1100},{"sounds":[],"tick":1101},{"sounds":[],"tick":1102},{"sounds":[{"level":-1,"sound":0}],"tick":1103},{"sounds":[],"tick":1104},{"sounds":[{"level":-1,"sound":0}],"tick":1105},{"sounds":[],"tick":1106},{"sounds":[],"tick":1107},{"sounds":[],"tick":1108},{"sounds":[{"level":-1,"sound":0}],"tick":1109},{"sounds":[],"tick":1110},{"sounds":[],"tick":1111},{"sounds":[{"level":-1,"sound":0}],"tick":1112},{"sounds":[],"tick":1113},{"sounds":[],"tick":1114},{"sounds":[{"level":-1,"sound":0}],"tick":1115},{"sounds":[],"tick":1116},{"sounds":[{"level":-1,"sound":0}],"tick":1117},{"sounds":[],"tick":1118},{"sounds":[{"level":-1,"sound":0}],"tick":1119},{"sounds":[],"tick":1120},{"sounds":[],"tick":1121},{"sounds":[{"level":-1,"sound":0}],"tick":1122},{"sounds":[{"level":-1,"sound":0}],"tick":1123},{"sounds":[],"tick":1124},{"sounds":[{"level":-1,"sound":0}],"tick":1125},{"sounds":[],"tick":1126},{"sounds":[],"tick":1127},{"sounds":[],"tick":1128},{"sounds":[],"tick":1129},{"sounds":[{"level":13,"sound":81},{"level":22,"sound":81},{"level":6,"sound":81},{"level":5,"sound":81},{"level":-1,"sound":0}],"tick":1130},{"sounds":[],"tick":1131},{"sounds":[],"tick":1132},{"sounds":[],"tick":1133},{"sounds":[{"level":-1,"sound":0}],"tick":1134},{"sounds":[],"tick":1135},{"sounds":[{"level":-1,"sound":0}],"tick":1136},{"sounds":[{"level":-1,"sound":0}],"tick":1137},{"sounds":[],"tick":1138},{"sounds":[],"tick":1139},{"sounds":[{"level":-1,"sound":0}],"tick":1140},{"sounds":[],"tick":1141},{"sounds":[{"level":3,"sound":81},{"level":12,"sound":81}],"tick":1142},{"sounds":[],"tick":1143},{"sounds":[{"level":-1,"sound":0}],"tick":1144},{"sounds":[],"tick":1145},{"sounds":[],"tick":1146},{"sounds":[],"tick":1147},{"sounds":[],"tick":1148},{"sounds":[],"tick":1149},{"sounds":[],"tick":1150},{"sounds":[],"tick":1151},{"sounds":[{"level":1,"sound":81},{"level":10,"sound":81},{"level":-1,"sound":0}],"tick":1152},{"sounds":[],"tick":1153},{"sounds":[{"level":-1,"sound":0}],"tick":1154},{"sounds":[],"tick":1155},{"sounds":[{"level":-1,"sound":0}],"tick":1156},{"sounds":[],"tick":1157},{"sounds":[],"tick":1158},{"sounds":[{"level":-1,"sound":0}],"tick":1159},{"sounds":[],"tick":1160},{"sounds":[],"tick":1161},{"sounds":[],"tick":1162},{"sounds":[{"level":-1,"sound":0}],"tick":1163},{"sounds":[{"level":3,"sound":81},{"level":12,"sound":81}],"tick":1164},{"sounds":[],"tick":1165},{"sounds":[{"level":-1,"sound":0}],"tick":1166},{"sounds":[],"tick":1167},{"sounds":[],"tick":1168},{"sounds":[{"level":-1,"sound":0}],"tick":1169},{"sounds":[],"tick":1170},{"sounds":[],"tick":1171},{"sounds":[{"level":-1,"sound":0}],"tick":1172},{"sounds":[],"tick":1173},{"sounds":[],"tick":1174},{"sounds":[{"level":-1,"sound":0}],"tick":1175},{"sounds":[],"tick":1176},{"sounds":[],"tick":1177},{"sounds":[{"level":-1,"sound":0}],"tick":1178},{"sounds":[],"tick":1179},{"sounds":[],"tick":1180},{"sounds":[],"tick":1181},{"sounds":[{"level":13,"sound":81},{"level":-1,"sound":0},{"level":5,"sound":81},{"level":10,"sound":81}],"tick":1182},{"sounds":[{"level":-1,"sound":0}],"tick":1183},{"sounds":[],"tick":1184},{"sounds":[{"level":-1,"sound":0}],"tick":1185},{"sounds":[],"tick":1186},{"sounds":[],"tick":1187},{"sounds":[{"level":-1,"sound":0}],"tick":1188},{"sounds":[],"tick":1189},{"sounds":[{"level":22,"sound":81}],"tick":1190},{"sounds":[],"tick":1191},{"sounds":[],"tick":1192},{"sounds":[],"tick":1193},{"sounds":[],"tick":1194},{"sounds":[],"tick":1195},{"sounds":[],"tick":1196},{"sounds":[{"level":22,"sound":81}],"tick":1197},{"sounds":[],"tick":1198},{"sounds":[{"level":-1,"sound":0}],"tick":1199},{"sounds":[],"tick":1200},{"sounds":[],"tick":1201},{"sounds":[],"tick":1202},{"sounds":[],"tick":1203},{"sounds":[],"tick":1204},{"sounds":[],"tick":1205},{"sounds":[{"level":-1,"sound":0},{"level":22,"sound":81}],"tick":1206},{"sounds":[],"tick":1207},{"sounds":[],"tick":1208},{"sounds":[{"level":-1,"sound":0}],"tick":1209},{"sounds":[],"tick":1210},{"sounds":[],"tick":1211},{"sounds":[{"level":22,"sound":81},{"level":5,"sound":81},{"level":-1,"sound":0}],"tick":1212},{"sounds":[],"tick":1213},{"sounds":[],"tick":1214},{"sounds":[],"tick":1215},{"sounds":[],"tick":1216},{"sounds":[{"level":-1,"sound":0}],"tick":1217},{"sounds":[{"level":-1,"sound":0}],"tick":1218},{"sounds":[],"tick":1219},{"sounds":[{"level":-1,"sound":0}],"tick":1220},{"sounds":[],"tick":1221},{"sounds":[{"level":-1,"sound":0}],"tick":1222},{"sounds":[],"tick":1223},{"sounds":[],"tick":1224},{"sounds":[{"level":22,"sound":81},{"level":5,"sound":81},{"level":-1,"sound":0}],"tick":1225},{"sounds":[],"tick":1226},{"sounds":[{"level":-1,"sound":0}],"tick":1227},{"sounds":[],"tick":1228},{"sounds":[],"tick":1229},{"sounds":[{"level":-1,"sound":0}],"tick":1230},{"sounds":[],"tick":1231},{"sounds":[{"level":-1,"sound":0}],"tick":1232},{"sounds":[],"tick":1233},{"sounds":[],"tick":1234},{"sounds":[{"level":-1,"sound":0}],"tick":1235},{"sounds":[],"tick":1236},{"sounds":[{"level":-1,"sound":0},{"level":10,"sound":81}],"tick":1237},{"sounds":[],"tick":1238},{"sounds":[],"tick":1239},{"sounds":[],"tick":1240},{"sounds":[{"level":-1,"sound":0}],"tick":1241},{"sounds":[],"tick":1242},{"sounds":[{"level":-1,"sound":0}],"tick":1243},{"sounds":[],"tick":1244},{"sounds":[],"tick":1245},{"sounds":[{"level":-1,"sound":0}],"tick":1246},{"sounds":[{"level":-1,"sound":0}],"tick":1247},{"sounds":[],"tick":1248},{"sounds":[],"tick":1249},{"sounds":[{"level":-1,"sound":0},{"level":8,"sound":81}],"tick":1250},{"sounds":[],"tick":1251},{"sounds":[{"level":-1,"sound":0}],"tick":1252},{"sounds":[],"tick":1253},{"sounds":[],"tick":1254},{"sounds":[{"level":-1,"sound":0}],"tick":1255},{"sounds":[],"tick":1256},{"sounds":[{"level":-1,"sound":0}],"tick":1257},{"sounds":[{"level":-1,"sound":0}],"tick":1258},{"sounds":[],"tick":1259},{"sounds":[],"tick":1260},{"sounds":[{"level":1,"sound":81}],"tick":1261},{"sounds":[],"tick":1262},{"sounds":[{"level":-1,"sound":0}],"tick":1263},{"sounds":[],"tick":1264},{"sounds":[{"level":-1,"sound":0}],"tick":1265},{"sounds":[],"tick":1266},{"sounds":[],"tick":1267},{"sounds":[{"level":-1,"sound":0}],"tick":1268},{"sounds":[],"tick":1269},{"sounds":[],"tick":1270},{"sounds":[{"level":-1,"sound":0}],"tick":1271},{"sounds":[],"tick":1272},{"sounds":[{"level":6,"sound":81}],"tick":1273},{"sounds":[],"tick":1274},{"sounds":[],"tick":1275},{"sounds":[],"tick":1276},{"sounds":[{"level":-1,"sound":0}],"tick":1277},{"sounds":[],"tick":1278},{"sounds":[{"level":-1,"sound":0}],"tick":1279},{"sounds":[],"tick":1280},{"sounds":[],"tick":1281},{"sounds":[],"tick":1282},{"sounds":[{"level":-1,"sound":0}],"tick":1283},{"sounds":[],"tick":1284},{"sounds":[],"tick":1285},{"sounds":[],"tick":1286},{"sounds":[{"level":-1,"sound":0}],"tick":1287},{"sounds":[],"tick":1288},{"sounds":[],"tick":1289},{"sounds":[],"tick":1290},{"sounds":[],"tick":1291},{"sounds":[],"tick":1292},{"sounds":[],"tick":1293},{"sounds":[],"tick":1294},{"sounds":[],"tick":1295},{"sounds":[{"level":3,"sound":81},{"level":11,"sound":81},{"level":-1,"sound":0}],"tick":1296},{"sounds":[],"tick":1297},{"sounds":[],"tick":1298},{"sounds":[],"tick":1299},{"sounds":[],"tick":1300},{"sounds":[{"level":-1,"sound":0}],"tick":1301},{"sounds":[],"tick":1302},{"sounds":[],"tick":1303},{"sounds":[],"tick":1304},{"sounds":[],"tick":1305},{"sounds":[{"level":-1,"sound":0}],"tick":1306},{"sounds":[{"level":-1,"sound":0}],"tick":1307},{"sounds":[],"tick":1308},{"sounds":[],"tick":1309},{"sounds":[{"level":-1,"sound":0},{"level":5,"sound":81}],"tick":1310},{"sounds":[],"tick":1311},{"sounds":[],"tick":1312},{"sounds":[{"level":13,"sound":81},{"level":5,"sound":81},{"level":-1,"sound":0}],"tick":1313},{"sounds":[{"level":-1,"sound":0}],"tick":1314},{"sounds":[],"tick":1315},{"sounds":[],"tick":1316},{"sounds":[{"level":-1,"sound":0}],"tick":1317},{"sounds":[],"tick":1318},{"sounds":[{"level":-1,"sound":0}],"tick":1319},{"sounds":[],"tick":1320},{"sounds":[],"tick":1321},{"sounds":[{"level":-1,"sound":0},{"level":6,"sound":81},{"level":3,"sound":81}],"tick":1322},{"sounds":[{"level":-1,"sound":0}],"tick":1323},{"sounds":[],"tick":1324},{"sounds":[{"level":-1,"sound":0}],"tick":1325},{"sounds":[],"tick":1326},{"sounds":[{"level":-1,"sound":0}],"tick":1327},{"sounds":[],"tick":1328},{"sounds":[],"tick":1329},{"sounds":[],"tick":1330},{"sounds":[{"level":-1,"sound":0}],"tick":1331},{"sounds":[],"tick":1332},{"sounds":[{"level":-1,"sound":0}],"tick":1333},{"sounds":[],"tick":1334},{"sounds":[{"level":-1,"sound":0}],"tick":1335},{"sounds":[],"tick":1336},{"sounds":[],"tick":1337},{"sounds":[{"level":-1,"sound":0}],"tick":1338},{"sounds":[],"tick":1339},{"sounds":[{"level":-1,"sound":0}],"tick":1340},{"sounds":[],"tick":1341},{"sounds":[{"level":-1,"sound":0}],"tick":1342},{"sounds":[],"tick":1343},{"sounds":[{"level":-1,"sound":0},{"level":3,"sound":81},{"level":11,"sound":81}],"tick":1344},{"sounds":[],"tick":1345},{"sounds":[],"tick":1346},{"sounds":[{"level":-1,"sound":0}],"tick":1347},{"sounds":[],"tick":1348},{"sounds":[{"level":-1,"sound":0}],"tick":1349},{"sounds":[],"tick":1350},{"sounds":[],"tick":1351},{"sounds":[{"level":-1,"sound":0}],"tick":1352},{"sounds":[],"tick":1353},{"sounds":[],"tick":1354},{"sounds":[{"level":-1,"sound":0}],"tick":1355},{"sounds":[],"tick":1356},{"sounds":[{"level":-1,"sound":0},{"level":1,"sound":81}],"tick":1357},{"sounds":[],"tick":1358},{"sounds":[{"level":-1,"sound":0}],"tick":1359},{"sounds":[],"tick":1360},{"sounds":[{"level":-1,"sound":0},{"level":5,"sound":81},{"level":13,"sound":81}],"tick":1361},{"sounds":[],"tick":1362},{"sounds":[{"level":-1,"sound":0}],"tick":1363},{"sounds":[],"tick":1364},{"sounds":[],"tick":1365},{"sounds":[],"tick":1366},{"sounds":[{"level":-1,"sound":0}],"tick":1367},{"sounds":[],"tick":1368},{"sounds":[{"level":6,"sound":81},{"level":-1,"sound":0},{"level":15,"sound":81}],"tick":1369},{"sounds":[],"tick":1370},{"sounds":[{"level":-1,"sound":0}],"tick":1371},{"sounds":[],"tick":1372},{"sounds":[],"tick":1373},{"sounds":[],"tick":1374},{"sounds":[],"tick":1375},{"sounds":[],"tick":1376},{"sounds":[{"level":-1,"sound":0}],"tick":1377},{"sounds":[],"tick":1378},{"sounds":[],"tick":1379},{"sounds":[],"tick":1380},{"sounds":[{"level":-1,"sound":0}],"tick":1381},{"sounds":[],"tick":1382},{"sounds":[],"tick":1383},{"sounds":[],"tick":1384},{"sounds":[],"tick":1385},{"sounds":[{"level":-1,"sound":0}],"tick":1386},{"sounds":[],"tick":1387},{"sounds":[],"tick":1388},{"sounds":[],"tick":1389},{"sounds":[{"level":-1,"sound":0}],"tick":1390},{"sounds":[{"level":-1,"sound":0}],"tick":1391},{"sounds":[],"tick":1392},{"sounds":[],"tick":1393},{"sounds":[{"level":3,"sound":81},{"level":11,"sound":81}],"tick":1394},{"sounds":[],"tick":1395},{"sounds":[],"tick":1396},{"sounds":[{"level":-1,"sound":0}],"tick":1397},{"sounds":[],"tick":1398},{"sounds":[],"tick":1399},{"sounds":[],"tick":1400},{"sounds":[{"level":-1,"sound":0}],"tick":1401},{"sounds":[],"tick":1402},{"sounds":[{"level":-1,"sound":0}],"tick":1403},{"sounds":[],"tick":1404},{"sounds":[],"tick":1405},{"sounds":[],"tick":1406},{"sounds":[{"level":6,"sound":81},{"level":-1,"sound":0},{"level":15,"sound":81}],"tick":1407},{"sounds":[],"tick":1408},{"sounds":[{"level":-1,"sound":0}],"tick":1409},{"sounds":[],"tick":1410},{"sounds":[],"tick":1411},{"sounds":[{"level":-1,"sound":0}],"tick":1412},{"sounds":[],"tick":1413},{"sounds":[{"level":-1,"sound":0}],"tick":1414},{"sounds":[],"tick":1415},{"sounds":[],"tick":1416},{"sounds":[],"tick":1417},{"sounds":[],"tick":1418},{"sounds":[{"level":18,"sound":81},{"level":3,"sound":81},{"level":-1,"sound":0},{"level":15,"sound":81},{"level":11,"sound":81}],"tick":1419},{"sounds":[{"level":-1,"sound":0}],"tick":1420},{"sounds":[],"tick":1421},{"sounds":[{"level":-1,"sound":0}],"tick":1422},{"sounds":[],"tick":1423},{"sounds":[],"tick":1424},{"sounds":[{"level":-1,"sound":0}],"tick":1425},{"sounds":[],"tick":1426},{"sounds":[],"tick":1427},{"sounds":[{"level":-1,"sound":0}],"tick":1428},{"sounds":[{"level":1,"sound":81},{"level":23,"sound":81},{"level":13,"sound":81},{"level":-1,"sound":0}],"tick":1429},{"sounds":[],"tick":1430},{"sounds":[{"level":-1,"sound":0}],"tick":1431},{"sounds":[],"tick":1432},{"sounds":[{"level":23,"sound":81},{"level":-1,"sound":0}],"tick":1433},{"sounds":[],"tick":1434},{"sounds":[{"level":-1,"sound":0}],"tick":1435},{"sounds":[{"level":23,"sound":81}],"tick":1436},{"sounds":[],"tick":1437},{"sounds":[],"tick":1438},{"sounds":[],"tick":1439},{"sounds":[{"level":-1,"sound":0}],"tick":1440},{"sounds":[{"level":11,"sound":81},{"level":-1,"sound":0}],"tick":1441},{"sounds":[],"tick":1442},{"sounds":[{"level":-1,"sound":0}],"tick":1443},{"sounds":[],"tick":1444},{"sounds":[{"level":-1,"sound":0}],"tick":1445},{"sounds":[],"tick":1446},{"sounds":[{"level":-1,"sound":0}],"tick":1447},{"sounds":[],"tick":1448},{"sounds":[{"level":-1,"sound":0}],"tick":1449},{"sounds":[],"tick":1450},{"sounds":[],"tick":1451},{"sounds":[],"tick":1452},{"sounds":[{"level":10,"sound":81},{"level":-1,"sound":0}],"tick":1453},{"sounds":[],"tick":1454},{"sounds":[{"level":-1,"sound":0}],"tick":1455},{"sounds":[],"tick":1456},{"sounds":[{"level":-1,"sound":0}],"tick":1457},{"sounds":[],"tick":1458},{"sounds":[{"level":-1,"sound":0}],"tick":1459},{"sounds":[],"tick":1460},{"sounds":[],"tick":1461},{"sounds":[],"tick":1462},{"sounds":[{"level":-1,"sound":0}],"tick":1463},{"sounds":[],"tick":1464},{"sounds":[{"level":11,"sound":81},{"level":2833,"sound":81},{"level":8,"sound":81},{"level":15,"sound":81},{"level":-1,"sound":0}],"tick":1465},{"sounds":[],"tick":1466},{"sounds":[],"tick":1467},{"sounds":[],"tick":1468},{"sounds":[{"level":-1,"sound":0}],"tick":1469},{"sounds":[],"tick":1470},{"sounds":[{"level":-1,"sound":0}],"tick":1471},{"sounds":[],"tick":1472},{"sounds":[],"tick":1473},{"sounds":[],"tick":1474},{"sounds":[{"level":-1,"sound":0}],"tick":1475},{"sounds":[],"tick":1476},{"sounds":[],"tick":1477},{"sounds":[],"tick":1478},{"sounds":[{"level":-1,"sound":0}],"tick":1479},{"sounds":[],"tick":1480},{"sounds":[],"tick":1481},{"sounds":[{"level":-1,"sound":0}],"tick":1482},{"sounds":[],"tick":1483},{"sounds":[],"tick":1484},{"sounds":[{"level":-1,"sound":0}],"tick":1485},{"sounds":[],"tick":1486},{"sounds":[{"level":-1,"sound":0}],"tick":1487},{"sounds":[],"tick":1488},{"sounds":[],"tick":1489},{"sounds":[{"level":-1,"sound":0}],"tick":1490},{"sounds":[],"tick":1491},{"sounds":[],"tick":1492},{"sounds":[{"level":-1,"sound":0}],"tick":1493},{"sounds":[],"tick":1494},{"sounds":[],"tick":1495},{"sounds":[],"tick":1496},{"sounds":[],"tick":1497},{"sounds":[{"level":-1,"sound":0}],"tick":1498},{"sounds":[{"level":-1,"sound":0}],"tick":1499},{"sounds":[],"tick":1500},{"sounds":[{"level":-1,"sound":0}],"tick":1501},{"sounds":[],"tick":1502},{"sounds":[{"level":-1,"sound":0}],"tick":1503},{"sounds":[],"tick":1504},{"sounds":[],"tick":1505},{"sounds":[],"tick":1506},{"sounds":[],"tick":1507},{"sounds":[{"level":-1,"sound":0}],"tick":1508},{"sounds":[],"tick":1509},{"sounds":[],"tick":1510},{"sounds":[{"level":-1,"sound":0}],"tick":1511},{"sounds":[{"level":-1,"sound":0},{"level":5,"sound":81},{"level":10,"sound":81},{"level":13,"sound":81}],"tick":1512},{"sounds":[],"tick":1513},{"sounds":[],"tick":1514},{"sounds":[],"tick":1515},{"sounds":[{"level":-1,"sound":0}],"tick":1516},{"sounds":[],"tick":1517},{"sounds":[{"level":-1,"sound":0}],"tick":1518},{"sounds":[],"tick":1519},{"sounds":[{"level":-1,"sound":0}],"tick":1520},{"sounds":[],"tick":1521},{"sounds":[{"level":-1,"sound":0}],"tick":1522},{"sounds":[],"tick":1523},{"sounds":[{"level":-1,"sound":0},{"level":8,"sound":81},{"level":13,"sound":81}],"tick":1524},{"sounds":[],"tick":1525},{"sounds":[{"level":-1,"sound":0}],"tick":1526},{"sounds":[],"tick":1527},{"sounds":[],"tick":1528},{"sounds":[],"tick":1529},{"sounds":[{"level":-1,"sound":0}],"tick":1530},{"sounds":[],"tick":1531},{"sounds":[],"tick":1532},{"sounds":[],"tick":1533},{"sounds":[],"tick":1534},{"sounds":[{"level":-1,"sound":0}],"tick":1535},{"sounds":[],"tick":1536},{"sounds":[{"level":6,"sound":81},{"level":11,"sound":81},{"level":1,"sound":81},{"level":-1,"sound":0}],"tick":1537},{"sounds":[],"tick":1538},{"sounds":[],"tick":1539},{"sounds":[{"level":-1,"sound":0}],"tick":1540},{"sounds":[],"tick":1541},{"sounds":[{"level":-1,"sound":0}],"tick":1542},{"sounds":[],"tick":1543},{"sounds":[],"tick":1544},{"sounds":[],"tick":1545},{"sounds":[{"level":-1,"sound":0}],"tick":1546},{"sounds":[{"level":-1,"sound":0}],"tick":1547},{"sounds":[],"tick":1548},{"sounds":[],"tick":1549},{"sounds":[{"level":-1,"sound":0},{"level":8,"sound":81},{"level":13,"sound":81}],"tick":1550},{"sounds":[],"tick":1551},{"sounds":[],"tick":1552},{"sounds":[],"tick":1553},{"sounds":[],"tick":1554},{"sounds":[{"level":-1,"sound":0}],"tick":1555},{"sounds":[],"tick":1556},{"sounds":[],"tick":1557},{"sounds":[],"tick":1558},{"sounds":[{"level":-1,"sound":0}],"tick":1559},{"sounds":[{"level":10,"sound":81},{"level":13,"sound":81},{"level":6,"sound":81}],"tick":1560},{"sounds":[],"tick":1561},{"sounds":[{"level":-1,"sound":0}],"tick":1562},{"sounds":[],"tick":1563},{"sounds":[{"level":-1,"sound":0}],"tick":1564},{"sounds":[],"tick":1565},{"sounds":[{"level":-1,"sound":0}],"tick":1566},{"sounds":[],"tick":1567},{"sounds":[],"tick":1568},{"sounds":[{"level":22,"sound":81},{"level":-1,"sound":0}],"tick":1569},{"sounds":[],"tick":1570},{"sounds":[{"level":-1,"sound":0}],"tick":1571},{"sounds":[],"tick":1572},{"sounds":[],"tick":1573},{"sounds":[{"level":-1,"sound":0},{"level":22,"sound":81}],"tick":1574},{"sounds":[],"tick":1575},{"sounds":[],"tick":1576},{"sounds":[],"tick":1577},{"sounds":[],"tick":1578},{"sounds":[],"tick":1579},{"sounds":[{"level":-1,"sound":0},{"level":22,"sound":81}],"tick":1580},{"sounds":[],"tick":1581},{"sounds":[],"tick":1582},{"sounds":[],"tick":1583},{"sounds":[{"level":-1,"sound":0},{"level":22,"sound":81}],"tick":1584},{"sounds":[],"tick":1585},{"sounds":[],"tick":1586},{"sounds":[{"level":-1,"sound":0}],"tick":1587},{"sounds":[],"tick":1588},{"sounds":[{"level":-1,"sound":0}],"tick":1589},{"sounds":[],"tick":1590},{"sounds":[],"tick":1591},{"sounds":[{"level":-1,"sound":0}],"tick":1592},{"sounds":[],"tick":1593},{"sounds":[],"tick":1594},{"sounds":[{"level":-1,"sound":0}],"tick":1595},{"sounds":[],"tick":1596},{"sounds":[],"tick":1597},{"sounds":[],"tick":1598},{"sounds":[{"level":13,"sound":81},{"level":6,"sound":81},{"level":-1,"sound":0},{"level":10,"sound":81}],"tick":1599},{"sounds":[],"tick":1600},{"sounds":[{"level":-1,"sound":0}],"tick":1601},{"sounds":[{"level":-1,"sound":0}],"tick":1602},{"sounds":[],"tick":1603},{"sounds":[{"level":-1,"sound":0}],"tick":1604},{"sounds":[],"tick":1605},{"sounds":[],"tick":1606},{"sounds":[{"level":-1,"sound":0}],"tick":1607},{"sounds":[],"tick":1608},{"sounds":[{"level":-1,"sound":0},{"level":6,"sound":81},{"level":13,"sound":81},{"level":8,"sound":81},{"level":1293,"sound":81}],"tick":1609},{"sounds":[],"tick":1610},{"sounds":[],"tick":1611},{"sounds":[],"tick":1612},{"sounds":[],"tick":1613},{"sounds":[{"level":-1,"sound":0}],"tick":1614},{"sounds":[{"level":-1,"sound":0}],"tick":1615},{"sounds":[],"tick":1616},{"sounds":[],"tick":1617},{"sounds":[],"tick":1618},{"sounds":[{"level":-1,"sound":0}],"tick":1619},{"sounds":[],"tick":1620},{"sounds":[{"level":-1,"sound":0},{"level":6,"sound":81}],"tick":1621},{"sounds":[],"tick":1622},{"sounds":[{"level":-1,"sound":0}],"tick":1623},{"sounds":[],"tick":1624},{"sounds":[{"level":-1,"sound":0},{"level":18,"sound":81}],"tick":1625},{"sounds":[],"tick":1626},{"sounds":[],"tick":1627},{"sounds":[],"tick":1628},{"sounds":[],"tick":1629},{"sounds":[{"level":-1,"sound":0}],"tick":1630},{"sounds":[],"tick":1631},{"sounds":[],"tick":1632},{"sounds":[{"level":18,"sound":81},{"level":5,"sound":81}],"tick":1633},{"sounds":[{"level":-1,"sound":0}],"tick":1634},{"sounds":[],"tick":1635},{"sounds":[{"level":-1,"sound":0}],"tick":1636},{"sounds":[],"tick":1637},{"sounds":[{"level":-1,"sound":0}],"tick":1638},{"sounds":[],"tick":1639},{"sounds":[],"tick":1640},{"sounds":[{"level":-1,"sound":0}],"tick":1641},{"sounds":[],"tick":1642},{"sounds":[{"level":-1,"sound":0}],"tick":1643},{"sounds":[],"tick":1644},{"sounds":[],"tick":1645},{"sounds":[{"level":-1,"sound":0},{"level":3,"sound":81},{"level":18,"sound":81}],"tick":1646},{"sounds":[],"tick":1647},{"sounds":[],"tick":1648},{"sounds":[{"level":-1,"sound":0}],"tick":1649},{"sounds":[],"tick":1650},{"sounds":[],"tick":1651},{"sounds":[{"level":-1,"sound":0}],"tick":1652},{"sounds":[],"tick":1653},{"sounds":[],"tick":1654},{"sounds":[{"level":-1,"sound":0}],"tick":1655},{"sounds":[],"tick":1656},{"sounds":[],"tick":1657},{"sounds":[{"level":12,"sound":81},{"level":2833,"sound":81},{"level":8,"sound":81},{"level":5,"sound":81},{"level":-1,"sound":0}],"tick":1658},{"sounds":[],"tick":1659},{"sounds":[],"tick":1660},{"sounds":[{"level":-1,"sound":0}],"tick":1661},{"sounds":[],"tick":1662},{"sounds":[{"level":-1,"sound":0}],"tick":1663},{"sounds":[],"tick":1664},{"sounds":[],"tick":1665},{"sounds":[],"tick":1666},{"sounds":[{"level":-1,"sound":0}],"tick":1667},{"sounds":[],"tick":1668},{"sounds":[],"tick":1669},{"sounds":[{"level":-1,"sound":0}],"tick":1670},{"sounds":[],"tick":1671},{"sounds":[],"tick":1672},{"sounds":[{"level":-1,"sound":0}],"tick":1673},{"sounds":[],"tick":1674},{"sounds":[],"tick":1675},{"sounds":[],"tick":1676},{"sounds":[],"tick":1677},{"sounds":[],"tick":1678},{"sounds":[],"tick":1679},{"sounds":[],"tick":1680},{"sounds":[],"tick":1681},{"sounds":[],"tick":1682},{"sounds":[],"tick":1683},{"sounds":[{"level":-1,"sound":0}],"tick":1684},{"sounds":[{"level":-1,"sound":0}],"tick":1685},{"sounds":[],"tick":1686},{"sounds":[],"tick":1687},{"sounds":[],"tick":1688},{"sounds":[],"tick":1689},{"sounds":[],"tick":1690},{"sounds":[],"tick":1691},{"sounds":[],"tick":1692},{"sounds":[],"tick":1693},{"sounds":[],"tick":1694},{"sounds":[],"tick":1695},{"sounds":[],"tick":1696},{"sounds":[],"tick":1697},{"sounds":[{"level":-1,"sound":0}],"tick":1698},{"sounds":[],"tick":1699},{"sounds":[],"tick":1700},{"sounds":[{"level":-1,"sound":0}],"tick":1701},{"sounds":[],"tick":1702},{"sounds":[],"tick":1703},{"sounds":[{"level":6,"sound":81},{"level":1286,"sound":81},{"level":14,"sound":81},{"level":10,"sound":81},{"level":-1,"sound":0}],"tick":1704},{"sounds":[],"tick":1705},{"sounds":[],"tick":1706},{"sounds":[],"tick":1707},{"sounds":[{"level":-1,"sound":0}],"tick":1708},{"sounds":[{"level":-1,"sound":0}],"tick":1709},{"sounds":[],"tick":1710},{"sounds":[{"level":-1,"sound":0}],"tick":1711},{"sounds":[{"level":-1,"sound":0}],"tick":1712},{"sounds":[],"tick":1713},{"sounds":[],"tick":1714},{"sounds":[],"tick":1715},{"sounds":[{"level":-1,"sound":0}],"tick":1716},{"sounds":[],"tick":1717},{"sounds":[{"level":-1,"sound":0},{"level":5,"sound":81},{"level":14,"sound":81}],"tick":1718},{"sounds":[],"tick":1719},{"sounds":[],"tick":1720},{"sounds":[{"level":-1,"sound":0}],"tick":1721},{"sounds":[],"tick":1722},{"sounds":[],"tick":1723},{"sounds":[{"level":-1,"sound":0}],"tick":1724},{"sounds":[],"tick":1725},{"sounds":[],"tick":1726},{"sounds":[],"tick":1727},{"sounds":[{"level":-1,"sound":0}],"tick":1728},{"sounds":[],"tick":1729},{"sounds":[],"tick":1730},{"sounds":[],"tick":1731},{"sounds":[],"tick":1732},{"sounds":[{"level":-1,"sound":0},{"level":10,"sound":81},{"level":1283,"sound":81},{"level":3,"sound":81},{"level":12,"sound":81}],"tick":1733},{"sounds":[],"tick":1734},{"sounds":[],"tick":1735},{"sounds":[],"tick":1736},{"sounds":[],"tick":1737},{"sounds":[],"tick":1738},{"sounds":[],"tick":1739},{"sounds":[{"level":-1,"sound":0}],"tick":1740},{"sounds":[],"tick":1741},{"sounds":[],"tick":1742},{"sounds":[{"level":-1,"sound":0},{"level":5,"sound":81},{"level":14,"sound":81}],"tick":1743},{"sounds":[],"tick":1744},{"sounds":[],"tick":1745},{"sounds":[],"tick":1746},{"sounds":[],"tick":1747},{"sounds":[],"tick":1748},{"sounds":[],"tick":1749},{"sounds":[{"level":-1,"sound":0}],"tick":1750},{"sounds":[],"tick":1751},{"sounds":[],"tick":1752},{"sounds":[],"tick":1753},{"sounds":[{"level":3,"sound":81},{"level":6,"sound":81},{"level":1286,"sound":81},{"level":10,"sound":81},{"level":-1,"sound":0}],"tick":1754},{"sounds":[],"tick":1755},{"sounds":[],"tick":1756},{"sounds":[],"tick":1757},{"sounds":[],"tick":1758},{"sounds":[],"tick":1759},{"sounds":[{"level":-1,"sound":0}],"tick":1760},{"sounds":[],"tick":1761},{"sounds":[{"level":-1,"sound":0}],"tick":1762},{"sounds":[],"tick":1763},{"sounds":[{"level":18,"sound":81},{"level":5,"sound":81},{"level":-1,"sound":0}],"tick":1764},{"sounds":[],"tick":1765},{"sounds":[],"tick":1766},{"sounds":[{"level":-1,"sound":0}],"tick":1767},{"sounds":[],"tick":1768},{"sounds":[{"level":-1,"sound":0},{"level":18,"sound":81}],"tick":1769},{"sounds":[],"tick":1770},{"sounds":[{"level":-1,"sound":0}],"tick":1771},{"sounds":[],"tick":1772},{"sounds":[],"tick":1773},{"sounds":[{"level":-1,"sound":0},{"level":18,"sound":81}],"tick":1774},{"sounds":[],"tick":1775},{"sounds":[],"tick":1776},{"sounds":[],"tick":1777},{"sounds":[],"tick":1778},{"sounds":[],"tick":1779},{"sounds":[],"tick":1780},{"sounds":[{"level":6,"sound":81}],"tick":1781},{"sounds":[],"tick":1782},{"sounds":[],"tick":1783},{"sounds":[],"tick":1784},{"sounds":[],"tick":1785},{"sounds":[{"level":-1,"sound":0}],"tick":1786},{"sounds":[],"tick":1787},{"sounds":[],"tick":1788},{"sounds":[{"level":-1,"sound":0}],"tick":1789},{"sounds":[],"tick":1790},{"sounds":[],"tick":1791},{"sounds":[{"level":-1,"sound":0},{"level":10,"sound":81},{"level":3,"sound":81},{"level":8,"sound":81},{"level":1283,"sound":81}],"tick":1792},{"sounds":[],"tick":1793},{"sounds":[],"tick":1794},{"sounds":[],"tick":1795},{"sounds":[{"level":-1,"sound":0}],"tick":1796},{"sounds":[],"tick":1797},{"sounds":[],"tick":1798},{"sounds":[],"tick":1799},{"sounds":[],"tick":1800},{"sounds":[{"level":3,"sound":81},{"level":10,"sound":81},{"level":-1,"sound":0}],"tick":1801},{"sounds":[],"tick":1802},{"sounds":[],"tick":1803},{"sounds":[{"level":-1,"sound":0}],"tick":1804},{"sounds":[],"tick":1805},{"sounds":[],"tick":1806},{"sounds":[{"level":-1,"sound":0}],"tick":1807},{"sounds":[],"tick":1808},{"sounds":[],"tick":1809},{"sounds":[{"level":-1,"sound":0}],"tick":1810},{"sounds":[],"tick":1811},{"sounds":[],"tick":1812},{"sounds":[],"tick":1813},{"sounds":[{"level":-1,"sound":0}],"tick":1814},{"sounds":[],"tick":1815},{"sounds":[{"level":-1,"sound":0}],"tick":1816},{"sounds":[],"tick":1817},{"sounds":[{"level":-1,"sound":0}],"tick":1818},{"sounds":[],"tick":1819},{"sounds":[{"level":-1,"sound":0}],"tick":1820},{"sounds":[],"tick":1821},{"sounds":[],"tick":1822},{"sounds":[{"level":-1,"sound":0}],"tick":1823},{"sounds":[],"tick":1824},{"sounds":[{"level":-1,"sound":0},{"level":1,"sound":81}],"tick":1825},{"sounds":[],"tick":1826},{"sounds":[{"level":-1,"sound":0}],"tick":1827},{"sounds":[{"level":-1,"sound":0}],"tick":1828},{"sounds":[],"tick":1829},{"sounds":[],"tick":1830},{"sounds":[],"tick":1831},{"sounds":[],"tick":1832},{"sounds":[{"level":-1,"sound":0}],"tick":1833},{"sounds":[],"tick":1834},{"sounds":[],"tick":1835},{"sounds":[{"level":-1,"sound":0}],"tick":1836},{"sounds":[],"tick":1837},{"sounds":[],"tick":1838},{"sounds":[{"level":-1,"sound":0}],"tick":1839},{"sounds":[],"tick":1840},{"sounds":[{"level":-1,"sound":0}],"tick":1841},{"sounds":[],"tick":1842},{"sounds":[],"tick":1843},{"sounds":[],"tick":1844},{"sounds":[{"level":-1,"sound":0}],"tick":1845},{"sounds":[],"tick":1846},{"sounds":[],"tick":1847},{"sounds":[],"tick":1848},{"sounds":[{"level":2833,"sound":81},{"level":6,"sound":81},{"level":1286,"sound":81},{"level":15,"sound":81},{"level":-1,"sound":0}],"tick":1849},{"sounds":[],"tick":1850},{"sounds":[],"tick":1851},{"sounds":[{"level":-1,"sound":0}],"tick":1852},{"sounds":[{"level":-1,"sound":0}],"tick":1853},{"sounds":[],"tick":1854},{"sounds":[{"level":-1,"sound":0}],"tick":1855},{"sounds":[],"tick":1856},{"sounds":[],"tick":1857},{"sounds":[],"tick":1858},{"sounds":[{"level":-1,"sound":0}],"tick":1859},{"sounds":[],"tick":1860},{"sounds":[{"level":-1,"sound":0}],"tick":1861},{"sounds":[],"tick":1862},{"sounds":[{"level":-1,"sound":0}],"tick":1863},{"sounds":[{"level":-1,"sound":0}],"tick":1864},{"sounds":[],"tick":1865},{"sounds":[{"level":-1,"sound":0}],"tick":1866},{"sounds":[],"tick":1867},{"sounds":[],"tick":1868},{"sounds":[{"level":-1,"sound":0}],"tick":1869},{"sounds":[],"tick":1870},{"sounds":[],"tick":1871},{"sounds":[{"level":13,"sound":81},{"level":5,"sound":81},{"level":-1,"sound":0}],"tick":1872},{"sounds":[],"tick":1873},{"sounds":[{"level":-1,"sound":0}],"tick":1874},{"sounds":[],"tick":1875},{"sounds":[],"tick":1876},{"sounds":[],"tick":1877},{"sounds":[{"level":-1,"sound":0}],"tick":1878},{"sounds":[],"tick":1879},{"sounds":[{"level":-1,"sound":0}],"tick":1880},{"sounds":[],"tick":1881},{"sounds":[],"tick":1882},{"sounds":[],"tick":1883},{"sounds":[],"tick":1884},{"sounds":[],"tick":1885},{"sounds":[],"tick":1886},{"sounds":[],"tick":1887},{"sounds":[],"tick":1888},{"sounds":[{"level":-1,"sound":0}],"tick":1889},{"sounds":[],"tick":1890},{"sounds":[{"level":-1,"sound":0}],"tick":1891},{"sounds":[],"tick":1892},{"sounds":[{"level":3,"sound":81},{"level":11,"sound":81}],"tick":1893},{"sounds":[],"tick":1894},{"sounds":[{"level":-1,"sound":0}],"tick":1895},{"sounds":[{"level":-1,"sound":0}],"tick":1896},{"sounds":[],"tick":1897},{"sounds":[],"tick":1898},{"sounds":[],"tick":1899},{"sounds":[],"tick":1900},{"sounds":[{"level":1,"sound":81},{"level":6,"sound":81},{"level":-1,"sound":0}],"tick":1901},{"sounds":[{"level":-1,"sound":0}],"tick":1902},{"sounds":[],"tick":1903},{"sounds":[{"level":-1,"sound":0}],"tick":1904},{"sounds":[],"tick":1905},{"sounds":[],"tick":1906},{"sounds":[{"level":-1,"sound":0}],"tick":1907},{"sounds":[{"level":-1,"sound":0}],"tick":1908},{"sounds":[],"tick":1909},{"sounds":[],"tick":1910},{"sounds":[{"level":-1,"sound":0}],"tick":1911},{"sounds":[{"level":-1,"sound":0}],"tick":1912},{"sounds":[],"tick":1913},{"sounds":[],"tick":1914},{"sounds":[],"tick":1915},{"sounds":[],"tick":1916},{"sounds":[{"level":-1,"sound":0}],"tick":1917},{"sounds":[{"level":-1,"sound":0}],"tick":1918},{"sounds":[],"tick":1919},{"sounds":[],"tick":1920},{"sounds":[],"tick":1921},{"sounds":[{"level":-1,"sound":0}],"tick":1922},{"sounds":[],"tick":1923},{"sounds":[],"tick":1924},{"sounds":[],"tick":1925},{"sounds":[],"tick":1926},{"sounds":[{"level":-1,"sound":0},{"level":1,"sound":81},{"level":18,"sound":81}],"tick":1927},{"sounds":[],"tick":1928},{"sounds":[],"tick":1929},{"sounds":[{"level":-1,"sound":0}],"tick":1930},{"sounds":[{"level":-1,"sound":0}],"tick":1931},{"sounds":[],"tick":1932},{"sounds":[{"level":-1,"sound":0}],"tick":1933},{"sounds":[],"tick":1934},{"sounds":[{"level":-1,"sound":0}],"tick":1935},{"sounds":[],"tick":1936},{"sounds":[{"level":-1,"sound":0}],"tick":1937},{"sounds":[],"tick":1938},{"sounds":[],"tick":1939},{"sounds":[],"tick":1940},{"sounds":[{"level":18,"sound":81},{"level":1,"sound":81},{"level":6,"sound":81},{"level":-1,"sound":0}],"tick":1941},{"sounds":[],"tick":1942},{"sounds":[],"tick":1943},{"sounds":[],"tick":1944},{"sounds":[{"level":-1,"sound":0}],"tick":1945},{"sounds":[{"level":-1,"sound":0}],"tick":1946},{"sounds":[{"level":-1,"sound":0}],"tick":1947},{"sounds":[],"tick":1948},{"sounds":[{"level":-1,"sound":0}],"tick":1949},{"sounds":[],"tick":1950},{"sounds":[{"level":-1,"sound":0}],"tick":1951},{"sounds":[],"tick":1952},{"sounds":[{"level":5,"sound":81},{"level":2834,"sound":81},{"level":1281,"sound":81},{"level":1,"sound":81}],"tick":1953},{"sounds":[],"tick":1954},{"sounds":[{"level":-1,"sound":0}],"tick":1955},{"sounds":[],"tick":1956},{"sounds":[{"level":-1,"sound":0}],"tick":1957},{"sounds":[],"tick":1958},{"sounds":[],"tick":1959},{"sounds":[],"tick":1960},{"sounds":[],"tick":1961},{"sounds":[{"level":-1,"sound":0}],"tick":1962},{"sounds":[],"tick":1963},{"sounds":[{"level":-1,"sound":0}],"tick":1964},{"sounds":[],"tick":1965},{"sounds":[{"level":-1,"sound":0}],"tick":1966},{"sounds":[],"tick":1967},{"sounds":[],"tick":1968},{"sounds":[{"level":-1,"sound":0}],"tick":1969},{"sounds":[],"tick":1970},{"sounds":[{"level":-1,"sound":0}],"tick":1971},{"sounds":[],"tick":1972},{"sounds":[{"level":-1,"sound":0}],"tick":1973},{"sounds":[],"tick":1974},{"sounds":[{"level":-1,"sound":0}],"tick":1975},{"sounds":[],"tick":1976},{"sounds":[],"tick":1977},{"sounds":[],"tick":1978},{"sounds":[],"tick":1979},{"sounds":[{"level":-1,"sound":0}],"tick":1980},{"sounds":[],"tick":1981},{"sounds":[],"tick":1982},{"sounds":[],"tick":1983},{"sounds":[{"level":-1,"sound":0}],"tick":1984},{"sounds":[],"tick":1985},{"sounds":[],"tick":1986},{"sounds":[],"tick":1987},{"sounds":[{"level":-1,"sound":0}],"tick":1988},{"sounds":[],"tick":1989},{"sounds":[],"tick":1990},{"sounds":[],"tick":1991},{"sounds":[],"tick":1992},{"sounds":[{"level":-1,"sound":0}],"tick":1993},{"sounds":[],"tick":1994},{"sounds":[{"level":-1,"sound":0}],"tick":1995},{"sounds":[],"tick":1996},{"sounds":[{"level":-1,"sound":0}],"tick":1997},{"sounds":[],"tick":1998},{"sounds":[],"tick":1999},{"sounds":[],"tick":2000},{"sounds":[],"tick":2001},{"sounds":[],"tick":2002},{"sounds":[{"level":2834,"sound":81},{"level":3,"sound":81},{"level":1283,"sound":81},{"level":-1,"sound":0}],"tick":2003},{"sounds":[],"tick":2004},{"sounds":[{"level":-1,"sound":0}],"tick":2005},{"sounds":[{"level":-1,"sound":0}],"tick":2006},{"sounds":[],"tick":2007},{"sounds":[{"level":-1,"sound":0}],"tick":2008},{"sounds":[],"tick":2009},{"sounds":[{"level":-1,"sound":0}],"tick":2010},{"sounds":[],"tick":2011},{"sounds":[],"tick":2012},{"sounds":[],"tick":2013},{"sounds":[],"tick":2014},{"sounds":[{"level":-1,"sound":0}],"tick":2015},{"sounds":[],"tick":2016},{"sounds":[],"tick":2017},{"sounds":[],"tick":2018},{"sounds":[],"tick":2019},{"sounds":[{"level":-1,"sound":0}],"tick":2020},{"sounds":[],"tick":2021},{"sounds":[{"level":-1,"sound":0}],"tick":2022},{"sounds":[],"tick":2023},{"sounds":[{"level":-1,"sound":0}],"tick":2024},{"sounds":[],"tick":2025},{"sounds":[{"level":-1,"sound":0}],"tick":2026},{"sounds":[],"tick":2027},{"sounds":[{"level":-1,"sound":0}],"tick":2028},{"sounds":[],"tick":2029},{"sounds":[],"tick":2030},{"sounds":[],"tick":2031},{"sounds":[{"level":11,"sound":81},{"level":2834,"sound":81},{"level":1,"sound":81},{"level":1285,"sound":81},{"level":5,"sound":81},{"level":-1,"sound":0}],"tick":2032},{"sounds":[],"tick":2033},{"sounds":[],"tick":2034},{"sounds":[{"level":-1,"sound":0}],"tick":2035},{"sounds":[],"tick":2036},{"sounds":[],"tick":2037},{"sounds":[{"level":-1,"sound":0}],"tick":2038},{"sounds":[],"tick":2039},{"sounds":[],"tick":2040},{"sounds":[{"level":-1,"sound":0}],"tick":2041},{"sounds":[],"tick":2042},{"sounds":[{"level":-1,"sound":0}],"tick":2043},{"sounds":[],"tick":2044},{"sounds":[],"tick":2045},{"sounds":[{"level":-1,"sound":0}],"tick":2046},{"sounds":[{"level":-1,"sound":0}],"tick":2047},{"sounds":[],"tick":2048},{"sounds":[],"tick":2049},{"sounds":[],"tick":2050},{"sounds":[],"tick":2051},{"sounds":[{"level":-1,"sound":0}],"tick":2052},{"sounds":[],"tick":2053},{"sounds":[],"tick":2054},{"sounds":[{"level":-1,"sound":0}],"tick":2055},{"sounds":[],"tick":2056},{"sounds":[],"tick":2057},{"sounds":[],"tick":2058},{"sounds":[],"tick":2059},{"sounds":[{"level":-1,"sound":0}],"tick":2060},{"sounds":[{"level":-1,"sound":0}],"tick":2061},{"sounds":[],"tick":2062},{"sounds":[],"tick":2063},{"sounds":[{"level":-1,"sound":0}],"tick":2064},{"sounds":[],"tick":2065},{"sounds":[{"level":-1,"sound":0}],"tick":2066},{"sounds":[],"tick":2067},{"sounds":[{"level":-1,"sound":0}],"tick":2068},{"sounds":[],"tick":2069},{"sounds":[{"level":-1,"sound":0}],"tick":2070},{"sounds":[],"tick":2071},{"sounds":[{"level":-1,"sound":0}],"tick":2072},{"sounds":[],"tick":2073},{"sounds":[],"tick":2074},{"sounds":[{"level":-1,"sound":0}],"tick":2075},{"sounds":[],"tick":2076},{"sounds":[],"tick":2077},{"sounds":[],"tick":2078},{"sounds":[{"level":-1,"sound":0}],"tick":2079},{"sounds":[],"tick":2080},{"sounds":[],"tick":2081},{"sounds":[],"tick":2082},{"sounds":[{"level":-1,"sound":0}],"tick":2083},{"sounds":[{"level":10,"sound":81},{"level":2833,"sound":81},{"level":1286,"sound":81},{"level":6,"sound":81}],"tick":2084},{"sounds":[],"tick":2085},{"sounds":[],"tick":2086},{"sounds":[],"tick":2087},{"sounds":[],"tick":2088},{"sounds":[],"tick":2089},{"sounds":[],"tick":2090},{"sounds":[],"tick":2091},{"sounds":[],"tick":2092},{"sounds":[],"tick":2093},{"sounds":[{"level":-1,"sound":0}],"tick":2094},{"sounds":[],"tick":2095},{"sounds":[],"tick":2096},{"sounds":[{"level":-1,"sound":0}],"tick":2097},{"sounds":[],"tick":2098},{"sounds":[{"level":-1,"sound":0}],"tick":2099},{"sounds":[],"tick":2100},{"sounds":[],"tick":2101},{"sounds":[],"tick":2102},{"sounds":[],"tick":2103},{"sounds":[{"level":-1,"sound":0},{"level":18,"sound":81}],"tick":2104},{"sounds":[{"level":-1,"sound":0}],"tick":2105},{"sounds":[],"tick":2106},{"sounds":[],"tick":2107},{"sounds":[{"level":-1,"sound":0}],"tick":2108},{"sounds":[],"tick":2109},{"sounds":[{"level":-1,"sound":0},{"level":18,"sound":81}],"tick":2110},{"sounds":[],"tick":2111},{"sounds":[{"level":-1,"sound":0}],"tick":2112},{"sounds":[],"tick":2113},{"sounds":[{"level":-1,"sound":0}],"tick":2114},{"sounds":[],"tick":2115},{"sounds":[{"level":-1,"sound":0},{"level":18,"sound":81}],"tick":2116},{"sounds":[],"tick":2117},{"sounds":[],"tick":2118},{"sounds":[{"level":-1,"sound":0}],"tick":2119},{"sounds":[],"tick":2120},{"sounds":[{"level":-1,"sound":0}],"tick":2121},{"sounds":[],"tick":2122},{"sounds":[{"level":-1,"sound":0}],"tick":2123},{"sounds":[],"tick":2124},{"sounds":[],"tick":2125},{"sounds":[{"level":-1,"sound":0},{"level":18,"sound":81}],"tick":2126},{"sounds":[],"tick":2127},{"sounds":[{"level":-1,"sound":0}],"tick":2128},{"sounds":[],"tick":2129},{"sounds":[],"tick":2130},{"sounds":[{"level":-1,"sound":0}],"tick":2131},{"sounds":[],"tick":2132},{"sounds":[{"level":-1,"sound":0}],"tick":2133},{"sounds":[],"tick":2134},{"sounds":[],"tick":2135},{"sounds":[{"level":-1,"sound":0}],"tick":2136},{"sounds":[],"tick":2137},{"sounds":[{"level":-1,"sound":0}],"tick":2138},{"sounds":[],"tick":2139},{"sounds":[],"tick":2140},{"sounds":[{"level":-1,"sound":0}],"tick":2141},{"sounds":[],"tick":2142},{"sounds":[],"tick":2143},{"sounds":[{"level":-1,"sound":0}],"tick":2144},{"sounds":[],"tick":2145},{"sounds":[{"level":-1,"sound":0},{"level":18,"sound":81}],"tick":2146},{"sounds":[],"tick":2147},{"sounds":[],"tick":2148},{"sounds":[{"level":-1,"sound":0}],"tick":2149},{"sounds":[],"tick":2150},{"sounds":[{"level":-1,"sound":0}],"tick":2151},{"sounds":[],"tick":2152},{"sounds":[],"tick":2153},{"sounds":[{"level":-1,"sound":0}],"tick":2154},{"sounds":[],"tick":2155},{"sounds":[],"tick":2156},{"sounds":[],"tick":2157},{"sounds":[{"level":-1,"sound":0}],"tick":2158},{"sounds":[],"tick":2159},{"sounds":[{"level":-1,"sound":0}],"tick":2160},{"sounds":[],"tick":2161},{"sounds":[],"tick":2162},{"sounds":[],"tick":2163},{"sounds":[{"level":-1,"sound":0}],"tick":2164},{"sounds":[],"tick":2165},{"sounds":[{"level":-1,"sound":0}],"tick":2166},{"sounds":[],"tick":2167},{"sounds":[],"tick":2168},{"sounds":[{"level":-1,"sound":0}],"tick":2169},{"sounds":[],"tick":2170},{"sounds":[{"level":-1,"sound":0}],"tick":2171},{"sounds":[],"tick":2172},{"sounds":[{"level":-1,"sound":0}],"tick":2173},{"sounds":[],"tick":2174},{"sounds":[],"tick":2175},{"sounds":[{"level":-1,"sound":0}],"tick":2176},{"sounds":[],"tick":2177},{"sounds":[],"tick":2178},{"sounds":[],"tick":2179},{"sounds":[{"level":-1,"sound":0}],"tick":2180},{"sounds":[],"tick":2181},{"sounds":[],"tick":2182},{"sounds":[],"tick":2183},{"sounds":[],"tick":2184},{"sounds":[],"tick":2185},{"sounds":[{"level":-1,"sound":0}],"tick":2186},{"sounds":[],"tick":2187},{"sounds":[{"level":-1,"sound":0}],"tick":2188},{"sounds":[],"tick":2189},{"sounds":[],"tick":2190},{"sounds":[],"tick":2191},{"sounds":[],"tick":2192},{"sounds":[],"tick":2193},{"sounds":[{"level":-1,"sound":0}],"tick":2194},{"sounds":[],"tick":2195},{"sounds":[],"tick":2196},{"sounds":[{"level":-1,"sound":0}],"tick":2197},{"sounds":[],"tick":2198},{"sounds":[],"tick":2199},{"sounds":[],"tick":2200},{"sounds":[],"tick":2201},{"sounds":[],"tick":2202},{"sounds":[],"tick":2203},{"sounds":[],"tick":2204},{"sounds":[],"tick":2205},{"sounds":[{"level":-1,"sound":0}],"tick":2206},{"sounds":[],"tick":2207},{"sounds":[],"tick":2208},{"sounds":[{"level":-1,"sound":0}],"tick":2209},{"sounds":[],"tick":2210},{"sounds":[{"level":-1,"sound":0}],"tick":2211},{"sounds":[],"tick":2212},{"sounds":[],"tick":2213},{"sounds":[{"level":-1,"sound":0}],"tick":2214},{"sounds":[],"tick":2215},{"sounds":[],"tick":2216},{"sounds":[{"level":-1,"sound":0}],"tick":2217},{"sounds":[{"level":-1,"sound":0}],"tick":2218},{"sounds":[],"tick":2219},{"sounds":[{"level":-1,"sound":0}],"tick":2220},{"sounds":[],"tick":2221},{"sounds":[],"tick":2222},{"sounds":[{"level":-1,"sound":0}],"tick":2223},{"sounds":[],"tick":2224},{"sounds":[{"level":-1,"sound":0}],"tick":2225},{"sounds":[],"tick":2226},{"sounds":[],"tick":2227},{"sounds":[{"level":-1,"sound":0}],"tick":2228},{"sounds":[],"tick":2229},{"sounds":[{"level":-1,"sound":0}],"tick":2230},{"sounds":[],"tick":2231},{"sounds":[{"level":-1,"sound":0}],"tick":2232},{"sounds":[],"tick":2233},{"sounds":[],"tick":2234},{"sounds":[],"tick":2235},{"sounds":[{"level":-1,"sound":0}],"tick":2236},{"sounds":[],"tick":2237},{"sounds":[{"level":-1,"sound":0}],"tick":2238},{"sounds":[],"tick":2239},{"sounds":[],"tick":2240},{"sounds":[],"tick":2241},{"sounds":[{"level":-1,"sound":0}],"tick":2242},{"sounds":[],"tick":2243},{"sounds":[{"level":-1,"sound":0}],"tick":2244},{"sounds":[],"tick":2245},{"sounds":[],"tick":2246},{"sounds":[],"tick":2247},{"sounds":[],"tick":2248},{"sounds":[{"level":-1,"sound":0}],"tick":2249},{"sounds":[],"tick":2250},{"sounds":[],"tick":2251},{"sounds":[],"tick":2252},{"sounds":[{"level":-1,"sound":0}],"tick":2253},{"sounds":[],"tick":2254},{"sounds":[{"level":-1,"sound":0}],"tick":2255},{"sounds":[],"tick":2256},{"sounds":[{"level":-1,"sound":0}],"tick":2257},{"sounds":[],"tick":2258},{"sounds":[],"tick":2259},{"sounds":[{"level":-1,"sound":0}],"tick":2260},{"sounds":[{"level":-1,"sound":0}],"tick":2261},{"sounds":[],"tick":2262},{"sounds":[],"tick":2263},{"sounds":[],"tick":2264},{"sounds":[],"tick":2265},{"sounds":[{"level":-1,"sound":0}],"tick":2266},{"sounds":[],"tick":2267},{"sounds":[],"tick":2268},{"sounds":[],"tick":2269},{"sounds":[],"tick":2270},{"sounds":[],"tick":2271},{"sounds":[],"tick":2272},{"sounds":[{"level":-1,"sound":0}],"tick":2273},{"sounds":[],"tick":2274},{"sounds":[{"level":-1,"sound":0}],"tick":2275},{"sounds":[],"tick":2276},{"sounds":[{"level":-1,"sound":0}],"tick":2277},{"sounds":[],"tick":2278},{"sounds":[{"level":-1,"sound":0}],"tick":2279},{"sounds":[],"tick":2280},{"sounds":[],"tick":2281},{"sounds":[],"tick":2282},{"sounds":[],"tick":2283},{"sounds":[],"tick":2284},{"sounds":[],"tick":2285},{"sounds":[],"tick":2286},{"sounds":[{"level":-1,"sound":0}],"tick":2287},{"sounds":[],"tick":2288},{"sounds":[],"tick":2289},{"sounds":[],"tick":2290},{"sounds":[{"level":-1,"sound":0}],"tick":2291},{"sounds":[],"tick":2292},{"sounds":[],"tick":2293},{"sounds":[],"tick":2294},{"sounds":[],"tick":2295},{"sounds":[],"tick":2296},{"sounds":[{"level":-1,"sound":0}],"tick":2297},{"sounds":[{"level":-1,"sound":0}],"tick":2298},{"sounds":[],"tick":2299},{"sounds":[],"tick":2300},{"sounds":[],"tick":2301},{"sounds":[],"tick":2302},{"sounds":[],"tick":2303},{"sounds":[],"tick":2304},{"sounds":[],"tick":2305},{"sounds":[{"level":-1,"sound":0}],"tick":2306},{"sounds":[],"tick":2307},{"sounds":[{"level":-1,"sound":0}],"tick":2308},{"sounds":[],"tick":2309},{"sounds":[{"level":-1,"sound":0}],"tick":2310},{"sounds":[],"tick":2311},{"sounds":[],"tick":2312},{"sounds":[],"tick":2313},{"sounds":[],"tick":2314},{"sounds":[{"level":-1,"sound":0}],"tick":2315},{"sounds":[],"tick":2316},{"sounds":[{"level":-1,"sound":0}],"tick":2317},{"sounds":[],"tick":2318},{"sounds":[{"level":-1,"sound":0}],"tick":2319},{"sounds":[],"tick":2320},{"sounds":[{"level":-1,"sound":0}],"tick":2321},{"sounds":[],"tick":2322},{"sounds":[],"tick":2323},{"sounds":[{"level":-1,"sound":0}],"tick":2324},{"sounds":[{"level":-1,"sound":0}],"tick":2325},{"sounds":[],"tick":2326},{"sounds":[{"level":-1,"sound":0}],"tick":2327},{"sounds":[],"tick":2328},{"sounds":[],"tick":2329},{"sounds":[{"level":-1,"sound":0}],"tick":2330},{"sounds":[],"tick":2331},{"sounds":[{"level":-1,"sound":0}],"tick":2332},{"sounds":[],"tick":2333},{"sounds":[],"tick":2334},{"sounds":[],"tick":2335},{"sounds":[{"level":-1,"sound":0}],"tick":2336},{"sounds":[],"tick":2337},{"sounds":[{"level":-1,"sound":0}],"tick":2338},{"sounds":[],"tick":2339},{"sounds":[{"level":-1,"sound":0}],"tick":2340},{"sounds":[],"tick":2341},{"sounds":[],"tick":2342},{"sounds":[{"level":-1,"sound":0}],"tick":2343},{"sounds":[],"tick":2344},{"sounds":[{"level":-1,"sound":0}],"tick":2345},{"sounds":[],"tick":2346},{"sounds":[],"tick":2347},{"sounds":[{"level":-1,"sound":0}],"tick":2348},{"sounds":[],"tick":2349},{"sounds":[{"level":-1,"sound":0}],"tick":2350},{"sounds":[],"tick":2351},{"sounds":[{"level":-1,"sound":0}],"tick":2352},{"sounds":[],"tick":2353},{"sounds":[],"tick":2354},{"sounds":[],"tick":2355},{"sounds":[{"level":-1,"sound":0}],"tick":2356},{"sounds":[],"tick":2357},{"sounds":[],"tick":2358},{"sounds":[{"level":-1,"sound":0}],"tick":2359},{"sounds":[],"tick":2360},{"sounds":[],"tick":2361},{"sounds":[{"level":-1,"sound":0}],"tick":2362},{"sounds":[],"tick":2363},{"sounds":[{"level":-1,"sound":0}],"tick":2364},{"sounds":[],"tick":2365},{"sounds":[],"tick":2366},{"sounds":[{"level":-1,"sound":0}],"tick":2367},{"sounds":[{"level":-1,"sound":0}],"tick":2368},{"sounds":[],"tick":2369},{"sounds":[{"level":-1,"sound":0}],"tick":2370},{"sounds":[],"tick":2371},{"sounds":[],"tick":2372},{"sounds":[{"level":-1,"sound":0}],"tick":2373},{"sounds":[],"tick":2374},{"sounds":[],"tick":2375},{"sounds":[{"level":-1,"sound":0}],"tick":2376},{"sounds":[],"tick":2377},{"sounds":[],"tick":2378},{"sounds":[{"level":-1,"sound":0}],"tick":2379},{"sounds":[],"tick":2380},{"sounds":[],"tick":2381},{"sounds":[],"tick":2382},{"sounds":[],"tick":2383},{"sounds":[],"tick":2384},{"sounds":[],"tick":2385},{"sounds":[{"level":-1,"sound":0}],"tick":2386},{"sounds":[{"level":-1,"sound":0}],"tick":2387},{"sounds":[],"tick":2388},{"sounds":[],"tick":2389},{"sounds":[],"tick":2390},{"sounds":[],"tick":2391},{"sounds":[{"level":-1,"sound":0}],"tick":2392},{"sounds":[],"tick":2393},{"sounds":[],"tick":2394},{"sounds":[{"level":-1,"sound":0}],"tick":2395},{"sounds":[],"tick":2396},{"sounds":[],"tick":2397},{"sounds":[],"tick":2398},{"sounds":[],"tick":2399},{"sounds":[{"level":-1,"sound":0}],"tick":2400},{"sounds":[],"tick":2401},{"sounds":[],"tick":2402},{"sounds":[],"tick":2403},{"sounds":[{"level":-1,"sound":0}],"tick":2404},{"sounds":[],"tick":2405},{"sounds":[{"level":-1,"sound":0}],"tick":2406},{"sounds":[],"tick":2407},{"sounds":[],"tick":2408},{"sounds":[{"level":-1,"sound":0}],"tick":2409},{"sounds":[],"tick":2410}]