{
    "bodyReplace": false,
    "requestBody": "{\"sauth_json\": \"{\\\"gameid\\\": \\\"x19\\\", \\\"app_channel\\\": \\\"4399pc\\\", \\\"login_channel\\\": \\\"4399pc\\\", \\\"platform\\\": \\\"pc\\\", \\\"sdkuid\\\": \\\"91474754\\\", \\\"sessionid\\\": \\\"aabbe0b14d93020c10d2e4489ef0a95e\\\", \\\"udid\\\": \\\"9C16C0A2829E4EAD830145A30B35EE28\\\", \\\"deviceid\\\": \\\"9C16C0A2829E4EAD830145A30B35EE28\\\", \\\"aim_info\\\": \\\"{\\\\\\\"aim\\\\\\\":\\\\\\\"127.0.0.1\\\\\\\",\\\\\\\"country\\\\\\\":\\\\\\\"CN\\\\\\\",\\\\\\\"tz\\\\\\\":\\\\\\\"+0800\\\\\\\",\\\\\\\"tzid\\\\\\\":\\\\\\\"\\\\\\\"}\\\", \\\"client_login_sn\\\": \\\"\\\", \\\"gas_token\\\": \\\"\\\", \\\"source_platform\\\": \\\"pc\\\", \\\"ip\\\": \\\"127.0.0.1\\\", \\\"userid\\\": \\\"jtslmnh_rwosewde\\\", \\\"timestamp\\\": \\\"1691025827864\\\", \\\"realname\\\": \\\"{\\\\\\\"realname_type\\\\\\\":\\\\\\\"0\\\\\\\"}\\\", \\\"sdk_version\\\": \\\"1.0.0\\\"}\"}"
}