{
    "ids": "https://wiki.mcbe-dev.net/zh-cn/%E6%95%B0%E6%8D%AE%E5%8C%85",
    "packets": [
        {
            "id": 1,
            "text": "登录"
        },
        {
            "id": 2,
            "text": "游玩状态"
        },
        {
            "id": 3,
            "text": "服务端向客户端挥手"
        },
        {
            "id": 4,
            "text": "客户端向服务器挥手"
        },
        {
            "id": 5,
            "text": "断开连接(被踢出游戏)",
            "send": false,
            "receive": true
        },
        {
            "id": 6,
            "text": "加载资源包(进入服务器时接收资源包)"
        },
        {
            "id": 7,
            "text": "资源包栈"
        },
        {
            "id": 8,
            "text": "资源包客户端响应"
        },
        {
            "id": 9,
            "text": "文本显示(玩家发言或者命令提示)"
        },
        {
            "id": 10,
            "text": "设置时间"
        },
        {
            "id": 11,
            "text": "启动游戏(进入服务器时回调)"
        },
        {
            "id": 12,
            "text": "新增玩家(附近区块加载新玩家)"
        },
        {
            "id": 13,
            "text": "新增实体(附近区块加载新实体)"
        },
        {
            "id": 14,
            "text": "移除活动对象"
        },
        {
            "id": 15,
            "text": "添加物品活动对象"
        },
        {
            "id": 16,
            "text": "空白数据包"
        },
        {
            "id": 17,
            "text": "拾取物品活动对象"
        },
        {
            "id": 18,
            "text": "以绝对距离移动活动对象"
        },
        {
            "id": 19,
            "text": "移动玩家(移动指定玩家)"
        },
        {
            "id": 20,
            "text": "乘客控制跳跃"
        },
        {
            "id": 21,
            "text": "更新方块"
        },
        {
            "id": 22,
            "text": "添加画"
        },
        {
            "id": 23,
            "text": "滴答同步"
        },
        {
            "id": 24,
            "text": "旧版存档声音事件"
        },
        {
            "id": 25,
            "text": "世界事件(音效和粒子)"
        },
        {
            "id": 26,
            "text": "滴答事件"
        },
        {
            "id": 27,
            "text": "活动对象事件"
        },
        {
            "id": 28,
            "text": "生物效果"
        },
        {
            "id": 29,
            "text": "更新特性"
        },
        {
            "id": 30,
            "text": "物品栏交换"
        },
        {
            "id": 31,
            "text": "玩家装备"
        },
        {
            "id": 32,
            "text": "生物盔甲装备"
        },
        {
            "id": 33,
            "text": "交互"
        },
        {
            "id": 34,
            "text": "方块拾取请求"
        },
        {
            "id": 35,
            "text": "活动对象拾取请求"
        },
        {
            "id": 36,
            "text": "玩家操作"
        },
        {
            "id": 37,
            "text": "活动对象跌落(弃用)"
        },
        {
            "id": 38,
            "text": "盔甲受伤"
        },
        {
            "id": 39,
            "text": "设置实体属性(更新指定实体当前状态)"
        },
        {
            "id": 40,
            "text": "设置实体运动速度(移动指定实体)"
        },
        {
            "id": 41,
            "text": "设置活动对象链接(骑乘关系)"
        },
        {
            "id": 42,
            "text": "设置生命"
        },
        {
            "id": 43,
            "text": "设置重生点"
        },
        {
            "id": 44,
            "text": "执行游戏动画"
        },
        {
            "id": 45,
            "text": "重生"
        },
        {
            "id": 46,
            "text": "容器打开(打开一个容器)"
        },
        {
            "id": 47,
            "text": "容器关闭(关闭一个容器)"
        },
        {
            "id": 48,
            "text": "玩家快捷栏"
        },
        {
            "id": 49,
            "text": "物品栏内容"
        },
        {
            "id": 50,
            "text": "物品栏槽位"
        },
        {
            "id": 51,
            "text": "容器设置数据"
        },
        {
            "id": 52,
            "text": "合成数据"
        },
        {
            "id": 53,
            "text": "合成事件"
        },
        {
            "id": 54,
            "text": "GUI数据选取物品"
        },
        {
            "id": 55,
            "text": "冒险设置(弃用)"
        },
        {
            "id": 56,
            "text": "方块活动对象数据"
        },
        {
            "id": 57,
            "text": "玩家输入"
        },
        {
            "id": 58,
            "text": "区块数据(服务器发送过来的区块)"
        },
        {
            "id": 59,
            "text": "设置命令启用状态"
        },
        {
            "id": 60,
            "text": "设置难度"
        },
        {
            "id": 61,
            "text": "变更维度"
        },
        {
            "id": 62,
            "text": "设置玩家游戏类型"
        },
        {
            "id": 63,
            "text": "玩家列表"
        },
        {
            "id": 64,
            "text": "简单事件"
        },
        {
            "id": 65,
            "text": "事件"
        },
        {
            "id": 66,
            "text": "生成经验球"
        },
        {
            "id": 67,
            "text": "地图数据更新(背包或者附近有地图时回调)"
        },
        {
            "id": 68,
            "text": "地图信息请求"
        },
        {
            "id": 69,
            "text": "请求区块半径"
        },
        {
            "id": 70,
            "text": "区块半径更新"
        },
        {
            "id": 71,
            "text": "物品展示框掉落物品"
        },
        {
            "id": 72,
            "text": "游戏规则变更"
        },
        {
            "id": 73,
            "text": "相机"
        },
        {
            "id": 74,
            "text": "Boss事件"
        },
        {
            "id": 75,
            "text": "显示鸣谢表"
        },
        {
            "id": 76,
            "text": "可用命令"
        },
        {
            "id": 77,
            "text": "命令请求"
        },
        {
            "id": 78,
            "text": "命令方块更新"
        },
        {
            "id": 79,
            "text": "命令输出"
        },
        {
            "id": 80,
            "text": "更新交易"
        },
        {
            "id": 81,
            "text": "更新装备"
        },
        {
            "id": 82,
            "text": "资源包数据信息"
        },
        {
            "id": 83,
            "text": "资源包区块信息"
        },
        {
            "id": 84,
            "text": "资源包区块请求"
        },
        {
            "id": 85,
            "text": "切换服务器(服务器强制使客户端切换到另一个服务器)"
        },
        {
            "id": 86,
            "text": "播放音效(服务器使用命令播放声音)"
        },
        {
            "id": 87,
            "text": "停止播放音效(服务器播放声音被强制停止)"
        },
        {
            "id": 88,
            "text": "设置标题"
        },
        {
            "id": 89,
            "text": "添加行为树"
        },
        {
            "id": 90,
            "text": "结构方块更新"
        },
        {
            "id": 91,
            "text": "显示商店供应"
        },
        {
            "id": 92,
            "text": "购买回执"
        },
        {
            "id": 93,
            "text": "玩家皮肤"
        },
        {
            "id": 94,
            "text": "子客户端登录"
        },
        {
            "id": 95,
            "text": "自动化客户端连接"
        },
        {
            "id": 96,
            "text": "设置最后受伤来源"
        },
        {
            "id": 97,
            "text": "编辑书"
        },
        {
            "id": 98,
            "text": "NPC请求"
        },
        {
            "id": 99,
            "text": "照片传输"
        },
        {
            "id": 100,
            "text": "显示模态表单"
        },
        {
            "id": 101,
            "text": "模态表单响应"
        },
        {
            "id": 102,
            "text": "服务器设置请求"
        },
        {
            "id": 103,
            "text": "服务器设置响应"
        },
        {
            "id": 104,
            "text": "显示档案"
        },
        {
            "id": 105,
            "text": "设置默认游戏类型"
        },
        {
            "id": 106,
            "text": "移除目标项"
        },
        {
            "id": 107,
            "text": "更新计分板(服务器更新计分板内容)"
        },
        {
            "id": 108,
            "text": "设置分数"
        },
        {
            "id": 109,
            "text": "实验台"
        },
        {
            "id": 110,
            "text": "更新方块同步状态"
        },
        {
            "id": 111,
            "text": "以变化量移动活动对象"
        },
        {
            "id": 112,
            "text": "设置计分板"
        },
        {
            "id": 113,
            "text": "设置本地玩家为已初始化"
        },
        {
            "id": 114,
            "text": "更新软枚举"
        },
        {
            "id": 115,
            "text": "Ping请求"
        },
        {
            "id": 116,
            "text": "方块调色板"
        },
        {
            "id": 117,
            "text": "脚本自定义事件"
        },
        {
            "id": 118,
            "text": "显示粒子效果"
        },
        {
            "id": 119,
            "text": "可用活动对象ID列表"
        },
        {
            "id": 120,
            "text": "新版存档声音事件"
        },
        {
            "id": 121,
            "text": "网络区块发布器更新"
        },
        {
            "id": 122,
            "text": "生物群系定义列表"
        },
        {
            "id": 123,
            "text": "播放环境音效(周围环境声音)"
        },
        {
            "id": 124,
            "text": "通用存档事件"
        },
        {
            "id": 125,
            "text": "灯笼更新"
        },
        {
            "id": 126,
            "text": "视频流连接(弃用)"
        },
        {
            "id": 127,
            "text": "添加实体"
        },
        {
            "id": 128,
            "text": "移除实体"
        },
        {
            "id": 129,
            "text": "客户端缓存状态"
        },
        {
            "id": 130,
            "text": "屏幕上纹理动画"
        },
        {
            "id": 131,
            "text": "地图创建已锁定副本"
        },
        {
            "id": 132,
            "text": "结构模板数据导出请求"
        },
        {
            "id": 133,
            "text": "结构模板数据导出响应"
        },
        {
            "id": 134,
            "text": "空白数据包2"
        },
        {
            "id": 135,
            "text": "客户端缓存二进制大型对象状态"
        },
        {
            "id": 136,
            "text": "客户端缓存丢失响应"
        },
        {
            "id": 137,
            "text": "教育设置"
        },
        {
            "id": 138,
            "text": "表情"
        },
        {
            "id": 139,
            "text": "多人游戏设置"
        },
        {
            "id": 140,
            "text": "设置命令"
        },
        {
            "id": 141,
            "text": "铁砧损坏"
        },
        {
            "id": 142,
            "text": "完成使用物品"
        },
        {
            "id": 143,
            "text": "网络设置"
        },
        {
            "id": 144,
            "text": "玩家认证输入"
        },
        {
            "id": 145,
            "text": "创造内容"
        },
        {
            "id": 146,
            "text": "玩家附魔选项"
        },
        {
            "id": 147,
            "text": "物品堆栈请求"
        },
        {
            "id": 148,
            "text": "物品堆栈响应"
        },
        {
            "id": 149,
            "text": "玩家盔甲损坏"
        },
        {
            "id": 150,
            "text": "代码构建器"
        },
        {
            "id": 151,
            "text": "更新玩家游戏类型"
        },
        {
            "id": 152,
            "text": "表情列表"
        },
        {
            "id": 153,
            "text": "位置追踪DB服务端广播"
        },
        {
            "id": 154,
            "text": "位置追踪DB客户端请求"
        },
        {
            "id": 155,
            "text": "调试信息"
        },
        {
            "id": 156,
            "text": "数据包违禁警告"
        },
        {
            "id": 157,
            "text": "移动预测(反作弊移动插件回调)"
        },
        {
            "id": 158,
            "text": "触发器动画"
        },
        {
            "id": 159,
            "text": "相机抖动"
        },
        {
            "id": 160,
            "text": "玩家迷雾设置"
        },
        {
            "id": 161,
            "text": "预测修正玩家移动(反作弊移动回调)"
        },
        {
            "id": 162,
            "text": "物品组件"
        },
        {
            "id": 163,
            "text": "过滤器文本"
        },
        {
            "id": 164,
            "text": "客户端边界调试渲染器"
        },
        {
            "id": 165,
            "text": "同步活动对象属性"
        },
        {
            "id": 166,
            "text": "添加功能域实体"
        },
        {
            "id": 167,
            "text": "移除功能域实体"
        },
        {
            "id": 168,
            "text": "模拟类型"
        },
        {
            "id": 169,
            "text": "NPC对话"
        },
        {
            "id": 170,
            "text": "教育URI资源"
        },
        {
            "id": 171,
            "text": "创建照片"
        },
        {
            "id": 172,
            "text": "更新子区块方块"
        },
        {
            "id": 173,
            "text": "照片信息请求(弃用)"
        },
        {
            "id": 174,
            "text": "子区块"
        },
        {
            "id": 175,
            "text": "子区块请求"
        },
        {
            "id": 176,
            "text": "玩家开始物品冷却"
        },
        {
            "id": 177,
            "text": "脚本信息"
        },
        {
            "id": 178,
            "text": "代码构建器源码"
        },
        {
            "id": 179,
            "text": "常加载区域加载"
        },
        {
            "id": 180,
            "text": "维度数据"
        },
        {
            "id": 181,
            "text": "智能体操作"
        },
        {
            "id": 182,
            "text": "变更生物属性"
        },
        {
            "id": 183,
            "text": "课程进度"
        },
        {
            "id": 184,
            "text": "请求能力"
        },
        {
            "id": 185,
            "text": "请求权限"
        },
        {
            "id": 186,
            "text": "Toast"
        },
        {
            "id": 187,
            "text": "更新能力"
        },
        {
            "id": 188,
            "text": "更新冒险设置"
        },
        {
            "id": 189,
            "text": "死亡信息"
        },
        {
            "id": 190,
            "text": "编辑器网络"
        },
        {
            "id": 191,
            "text": "地物注册器"
        },
        {
            "id": 192,
            "text": "服务端状态"
        },
        {
            "id": 193,
            "text": "请求网络设置"
        },
        {
            "id": 194,
            "text": "GameTest请求"
        },
        {
            "id": 195,
            "text": "GameTest结果"
        },
        {
            "id": 196,
            "text": "玩家客户端输入权限"
        },
        {
            "id": 197,
            "text": "客户端作弊能力"
        },
        {
            "id": 198,
            "text": "相机预设"
        },
        {
            "id": 199,
            "text": "解锁配方"
        },
        {
            "id": 200,
            "text": "网易交互事件(Python组件回调)"
        },
        {
            "id": 300,
            "text": "相机指令"
        },
        {
            "id": 301,
            "text": "压缩生物群系定义列表"
        },
        {
            "id": 302,
            "text": "纹饰数据"
        },
        {
            "id": 303,
            "text": "打开告示牌"
        },
        {
            "id": 304,
            "text": "智能体动画"
        },
        {
            "id": 305,
            "text": "刷新权益"
        },
        {
            "id": 306,
            "text": "玩家切换合成器槽位请求"
        },
        {
            "id": 307,
            "text": "设置玩家物品栏选项"
        }
    ]
}