{
  "enchants": [
    {
      "id": 0,
      "name": "保护",
      "max": 4
    },
    {
      "id": 1,
      "name": "火焰保护",
      "max": 4
    },
    {
      "id": 2,
      "name": "摔落保护",
      "max": 4
    },
    {
      "id": 3,
      "name": "爆炸保护",
      "max": 4
    },
    {
      "id": 4,
      "name": "弹射物保护",
      "max": 4
    },
    {
      "id": 5,
      "name": "荆棘",
      "max": 3
    },
    {
      "id": 6,
      "name": "水下呼吸",
      "max": 3
    },
    {
      "id": 7,
      "name": "深海探索者",
      "max": 3
    },
    {
      "id": 8,
      "name": "水下速掘",
      "max": 1
    },
    {
      "id": 9,
      "name": "锋利",
      "max": 5
    },
    {
      "id": 10,
      "name": "亡灵克星",
      "max": 5
    },
    {
      "id": 11,
      "name": "节肢克星",
      "max": 5
    },
    {
      "id": 12,
      "name": "击退",
      "max": 2
    },
    {
      "id": 13,
      "name": "火焰附加",
      "max": 2
    },
    {
      "id": 14,
      "name": "抢夺",
      "max": 3
    },
    {
      "id": 15,
      "name": "效率",
      "max": 5
    },
    {
      "id": 16,
      "name": "精准采集",
      "max": 1
    },
    {
      "id": 17,
      "name": "耐久",
      "max": 2
    },
    {
      "id": 18,
      "name": "时运",
      "max": 3
    },
    {
      "id": 19,
      "name": "力量",
      "max": 5
    },
    {
      "id": 20,
      "name": "冲击",
      "max": 2
    },
    {
      "id": 21,
      "name": "火矢",
      "max": 1
    },
    {
      "id": 22,
      "name": "无限",
      "max": 1
    },
    {
      "id": 23,
      "name": "海之眷顾",
      "max": 3
    },
    {
      "id": 24,
      "name": "饵钓",
      "max": 3
    },
    {
      "id": 25,
      "name": "冰霜行者",
      "max": 2
    },
    {
      "id": 26,
      "name": "经验修补",
      "max": 1
    },
    {
      "id": 27,
      "name": "绑定诅咒",
      "max": 1
    },
    {
      "id": 28,
      "name": "消失诅咒",
      "max": 1
    },
    {
      "id": 29,
      "name": "穿刺",
      "max": 5
    },
    {
      "id": 30,
      "name": "激流",
      "max": 3
    },
    {
      "id": 31,
      "name": "忠诚",
      "max": 3
    },
    {
      "id": 32,
      "name": "引雷",
      "max": 1
    },
    {
      "id": 33,
      "name": "多重箭",
      "max": 1
    },
    {
      "id": 34,
      "name": "穿透",
      "max": 4
    },
    {
      "id": 35,
      "name": "快速装填",
      "max": 3
    },
    {
      "id": 36,
      "name": "灵魂疾行",
      "max": 3
    },
    {
      "id": 37,
      "name": "附魔种数",
      "max": 3
    },
    {
      "id": 38,
      "name": "无效附魔",
      "max": 3
    },
    {
      "id": 255,
      "name": "自定义附魔",
      "max": 3
    }
  ]
}
