{
    "type": "Menu",
    "color": "#d2000000",
    "alpha": 0.95,
    "can_close": true,
    "title": {
        "name": "Event",
        "elevation": 0,
        "background": "#000000",
        "padding": [
            5,
            5,
            5,
            5
        ],
        "margins": [
            0,
            0,
            0,
            0
        ],
        "colors": [
            "#FFFFFF",
            "#FFFFFF"
        ]
    },
    "params": [
        -2,
        -2
    ],
    "padding": [
        3,
        0,
        3,
        0
    ],
    "margins": [
        0,
        0,
        0,
        0
    ],
    "show_dividers": true,
    "radius": 6,
    "hide": true,
    "items": [
        {
            "type": "TextView",
            "sound": "click.mp3",
            "name": "NoveXare",
            "color": "#FFFFFF",
            "size": 14,
            "padding": [
                5,
                5,
                5,
                5
            ],
            "tag": "fun_entity_event_manager",
            "items": [
                {
                    "type": "EditText",
                    "key": "sauth_login",
                    "name": "Cookie登录",
                    "color": "#FFFFFF",
                    "gravity": [
                        "left"
                    ],
                    "size": 11,
                    "padding": [
                        5,
                        5,
                        5,
                        5
                    ],
                    "max_lines": 64,
                    "hint": "粘贴账号Cookie"
                },
                {
                    "type": "Switch",
                    "on_sound": "on.mp3",
                    "off_sound": "off.mp3",
                    "key": "show_game_info",
                    "name": "进入游戏信息显示",
                    "color": "#FFFFFF",
                    "gravity": [
                        "left"
                    ],
                    "size": 11,
                    "padding": [
                        5,
                        5,
                        5,
                        5
                    ]
                },
                {
                    "type": "Switch",
                    "on_sound": "on.mp3",
                    "off_sound": "off.mp3",
                    "key": "show_key_down",
                    "name": "按下键盘事件",
                    "color": "#FFFFFF",
                    "gravity": [
                        "left"
                    ],
                    "size": 11,
                    "padding": [
                        5,
                        5,
                        5,
                        5
                    ]
                },
                {
                    "type": "Switch",
                    "on_sound": "on.mp3",
                    "off_sound": "off.mp3",
                    "key": "show_key_up",
                    "name": "释放键盘事件",
                    "color": "#FFFFFF",
                    "gravity": [
                        "left"
                    ],
                    "size": 11,
                    "padding": [
                        5,
                        5,
                        5,
                        5
                    ]
                },
                {
                    "type": "Switch",
                    "on_sound": "on.mp3",
                    "off_sound": "off.mp3",
                    "key": "show_click_block",
                    "name": "点击方块信息显示",
                    "color": "#FFFFFF",
                    "gravity": [
                        "left"
                    ],
                    "size": 11,
                    "padding": [
                        5,
                        5,
                        5,
                        5
                    ]
                },
                {
                    "type": "Switch",
                    "on_sound": "on.mp3",
                    "off_sound": "off.mp3",
                    "key": "show_destroy_block",
                    "name": "破坏方块信息显示",
                    "color": "#FFFFFF",
                    "gravity": [
                        "left"
                    ],
                    "size": 11,
                    "padding": [
                        5,
                        5,
                        5,
                        5
                    ]
                },
                {
                    "type": "Switch",
                    "on_sound": "on.mp3",
                    "off_sound": "off.mp3",
                    "key": "show_client_message",
                    "name": "客户端信息显示",
                    "color": "#FFFFFF",
                    "gravity": [
                        "left"
                    ],
                    "size": 11,
                    "padding": [
                        5,
                        5,
                        5,
                        5
                    ]
                },
                {
                    "type": "Switch",
                    "on_sound": "on.mp3",
                    "off_sound": "off.mp3",
                    "key": "show_send_command",
                    "name": "执行命令显示",
                    "color": "#FFFFFF",
                    "gravity": [
                        "left"
                    ],
                    "size": 11,
                    "padding": [
                        5,
                        5,
                        5,
                        5
                    ]
                },
                {
                    "type": "Switch",
                    "on_sound": "on.mp3",
                    "off_sound": "off.mp3",
                    "key": "show_command",
                    "name": "接受命令显示",
                    "color": "#FFFFFF",
                    "gravity": [
                        "left"
                    ],
                    "size": 11,
                    "padding": [
                        5,
                        5,
                        5,
                        5
                    ]
                },
                {
                    "type": "Switch",
                    "on_sound": "on.mp3",
                    "off_sound": "off.mp3",
                    "key": "show_ui_event",
                    "name": "UI交互显示",
                    "color": "#FFFFFF",
                    "gravity": [
                        "left"
                    ],
                    "size": 11,
                    "padding": [
                        5,
                        5,
                        5,
                        5
                    ]
                },
                {
                    "type": "Switch",
                    "on_sound": "on.mp3",
                    "off_sound": "off.mp3",
                    "key": "show_hurt",
                    "name": "受伤显示",
                    "color": "#FFFFFF",
                    "gravity": [
                        "left"
                    ],
                    "size": 11,
                    "checked": true,
                    "padding": [
                        5,
                        5,
                        5,
                        5
                    ]
                },
                {
                    "type": "Switch",
                    "on_sound": "on.mp3",
                    "off_sound": "off.mp3",
                    "key": "chat_manager",
                    "name": "聊天管理",
                    "color": "#FFFFFF",
                    "gravity": [
                        "left"
                    ],
                    "size": 11,
                    "padding": [
                        5,
                        5,
                        5,
                        5
                    ]
                },
                {
                    "type": "TextView",
                    "sound": "click.mp3",
                    "key": "chat_keyword",
                    "name": "聊天黑名单",
                    "color": "#6495ED",
                    "size": 10,
                    "padding": [
                        5,
                        5,
                        5,
                        5
                    ]
                },
                {
                    "type": "Switch",
                    "on_sound": "on.mp3",
                    "off_sound": "off.mp3",
                    "key": "show_variable",
                    "name": "变化量显示",
                    "color": "#FFFFFF",
                    "size": 11,
                    "gravity": [
                        "left"
                    ],
                    "padding": [
                        5,
                        5,
                        5,
                        5
                    ]
                },
                {
                    "type": "CheckBox",
                    "on_sound": "√.mp3",
                    "off_sound": "×.mp3",
                    "key": "variable_id",
                    "name": "本地ID",
                    "color": "#6495ED",
                    "size": 10,
                    "padding": [
                        5,
                        5,
                        5,
                        5
                    ]
                },
                {
                    "type": "CheckBox",
                    "on_sound": "√.mp3",
                    "off_sound": "×.mp3",
                    "key": "variable_player",
                    "name": "玩家数量",
                    "color": "#6495ED",
                    "size": 10,
                    "checked": true,
                    "padding": [
                        5,
                        5,
                        5,
                        5
                    ]
                },
                {
                    "type": "Switch",
                    "on_sound": "on.mp3",
                    "off_sound": "off.mp3",
                    "key": "action_manager",
                    "name": "玩家行为管理",
                    "color": "#FFFFFF",
                    "gravity": [
                        "left"
                    ],
                    "size": 11,
                    "padding": [
                        5,
                        5,
                        5,
                        5
                    ]
                },
                {
                    "type": "Switch",
                    "on_sound": "on.mp3",
                    "off_sound": "off.mp3",
                    "key": "use_action_config",
                    "name": "使用预设配置",
                    "color": "#FFFFFF",
                    "gravity": [
                        "left"
                    ],
                    "size": 11,
                    "padding": [
                        5,
                        5,
                        5,
                        5
                    ]
                },
                {
                    "type": "TextView",
                    "sound": "click.mp3",
                    "key": "edit_action_id",
                    "name": "编辑发送ID",
                    "color": "#6495ED",
                    "size": 10,
                    "padding": [
                        5,
                        5,
                        5,
                        5
                    ]
                },
                {
                    "type": "SeekBar",
                    "key": "action_times",
                    "format": "数量: %d个",
                    "color": "#6495ED",
                    "size": 10,
                    "padding": [
                        5,
                        5,
                        5,
                        5
                    ],
                    "value": 1,
                    "min": 1,
                    "max": 20
                },
                {
                    "type": "SeekBar",
                    "key": "action_ticks",
                    "format": "延迟: %dtick",
                    "color": "#6495ED",
                    "size": 10,
                    "padding": [
                        5,
                        5,
                        5,
                        5
                    ],
                    "value": 1,
                    "min": 0,
                    "max": 60
                },
                {
                    "type": "Switch",
                    "on_sound": "on.mp3",
                    "off_sound": "off.mp3",
                    "key": "packet_manager",
                    "name": "PyRpc管理",
                    "color": "#FFFFFF",
                    "gravity": [
                        "left"
                    ],
                    "size": 11,
                    "padding": [
                        5,
                        5,
                        5,
                        5
                    ]
                },
                {
                    "type": "TextView",
                    "sound": "click.mp3",
                    "key": "RepeatRpc",
                    "name": "重发PyRpc",
                    "color": "#6495ED",
                    "size": 10,
                    "padding": [
                        5,
                        5,
                        5,
                        5
                    ]
                },
                {
                    "type": "CheckBox",
                    "on_sound": "√.mp3",
                    "off_sound": "×.mp3",
                    "key": "circulateSender",
                    "name": "循环发送",
                    "color": "#6495ED",
                    "size": 10,
                    "padding": [
                        5,
                        5,
                        5,
                        5
                    ]
                },
                {
                    "type": "SeekBar",
                    "key": "RepeatRpc_times",
                    "format": "数量: %d个",
                    "color": "#6495ED",
                    "size": 10,
                    "padding": [
                        5,
                        5,
                        5,
                        5
                    ],
                    "value": 1,
                    "min": 1,
                    "max": 100
                },
                {
                    "type": "SeekBar",
                    "key": "RepeatRpc_ticks",
                    "format": "延迟: %dtick",
                    "color": "#6495ED",
                    "size": 10,
                    "padding": [
                        5,
                        5,
                        5,
                        5
                    ],
                    "value": 1,
                    "min": 0,
                    "max": 60
                },
                {
                    "type": "TextView",
                    "sound": "click.mp3",
                    "key": "SelectRPC",
                    "name": "选择PyRpc",
                    "color": "#6495ED",
                    "size": 10,
                    "padding": [
                        5,
                        5,
                        5,
                        5
                    ]
                },
                {
                    "type": "TextView",
                    "sound": "click.mp3",
                    "key": "keyword",
                    "name": "全局黑名单",
                    "color": "#6495ED",
                    "size": 10,
                    "padding": [
                        5,
                        5,
                        5,
                        5
                    ]
                },
                {
                    "type": "TextView",
                    "sound": "click.mp3",
                    "key": "keyword2",
                    "name": "全局白名单",
                    "color": "#6495ED",
                    "size": 10,
                    "padding": [
                        5,
                        5,
                        5,
                        5
                    ]
                },
                {
                    "type": "CheckBox",
                    "on_sound": "√.mp3",
                    "off_sound": "×.mp3",
                    "key": "packet_tip",
                    "name": "收发PyRpc提示",
                    "color": "#6495ED",
                    "size": 10,
                    "padding": [
                        5,
                        5,
                        5,
                        5
                    ]
                },
                {
                    "type": "TextView",
                    "sound": "click.mp3",
                    "key": "tip_keyword",
                    "name": "显示黑名单",
                    "color": "#6495ED",
                    "size": 10,
                    "padding": [
                        5,
                        5,
                        5,
                        5
                    ]
                },
                {
                    "type": "CheckBox",
                    "on_sound": "√.mp3",
                    "off_sound": "×.mp3",
                    "key": "show_intercept",
                    "name": "显示已拦截",
                    "color": "#6495ED",
                    "size": 10,
                    "padding": [
                        5,
                        5,
                        5,
                        5
                    ]
                },
                {
                    "type": "CheckBox",
                    "on_sound": "√.mp3",
                    "off_sound": "×.mp3",
                    "key": "show_no_intercept",
                    "name": "显示未拦截",
                    "color": "#6495ED",
                    "size": 10,
                    "padding": [
                        5,
                        5,
                        5,
                        5
                    ]
                },
                {
                    "type": "CheckBox",
                    "on_sound": "√.mp3",
                    "off_sound": "×.mp3",
                    "key": "packet_record",
                    "name": "记录并保存PyRpc",
                    "color": "#6495ED",
                    "size": 10,
                    "padding": [
                        5,
                        5,
                        5,
                        5
                    ]
                },
                {
                    "type": "CheckBox",
                    "on_sound": "√.mp3",
                    "off_sound": "×.mp3",
                    "key": "neglect_exclude",
                    "name": "不记录已排除",
                    "color": "#6495ED",
                    "size": 10,
                    "padding": [
                        5,
                        5,
                        5,
                        5
                    ]
                },
                {
                    "type": "CheckBox",
                    "on_sound": "√.mp3",
                    "off_sound": "×.mp3",
                    "key": "show_pyrpc_id",
                    "name": "显示ID",
                    "color": "#6495ED",
                    "size": 10,
                    "checked": true,
                    "padding": [
                        5,
                        5,
                        5,
                        5
                    ]
                },
                {
                    "type": "CheckBox",
                    "on_sound": "√.mp3",
                    "off_sound": "×.mp3",
                    "key": "packet_send",
                    "name": "发送PyRpc",
                    "color": "#6495ED",
                    "size": 10,
                    "checked": true,
                    "padding": [
                        5,
                        5,
                        5,
                        5
                    ]
                },
                {
                    "type": "TextView",
                    "sound": "click.mp3",
                    "key": "send_keyword",
                    "name": "黑名单",
                    "color": "#6495ED",
                    "size": 10,
                    "padding": [
                        5,
                        3,
                        5,
                        0
                    ]
                },
                {
                    "type": "TextView",
                    "sound": "click.mp3",
                    "key": "send_keyword2",
                    "name": "白名单",
                    "color": "#6495ED",
                    "size": 10,
                    "padding": [
                        5,
                        3,
                        5,
                        0
                    ]
                },
                {
                    "type": "CheckBox",
                    "on_sound": "√.mp3",
                    "off_sound": "×.mp3",
                    "key": "packet_receive",
                    "name": "接收PyRpc",
                    "color": "#6495ED",
                    "size": 10,
                    "padding": [
                        5,
                        5,
                        5,
                        5
                    ]
                },
                {
                    "type": "TextView",
                    "sound": "click.mp3",
                    "key": "receive_keyword",
                    "name": "黑名单",
                    "color": "#6495ED",
                    "size": 10,
                    "padding": [
                        5,
                        3,
                        5,
                        0
                    ]
                },
                {
                    "type": "TextView",
                    "sound": "click.mp3",
                    "key": "receive_keyword2",
                    "name": "白名单",
                    "color": "#6495ED",
                    "size": 10,
                    "padding": [
                        5,
                        3,
                        5,
                        0
                    ]
                },
                {
                    "type": "RadioGroup",
                    "key": "pyrpc_mode",
                    "name": "数据类型",
                    "color": "#6495ED",
                    "size": 10,
                    "items": [
                        {
                            "key": "String",
                            "name": "字符串",
                            "color": "#6495ED",
                            "size": 10,
                            "checked": true
                        },
                        {
                            "key": "Hex",
                            "name": "16进制",
                            "color": "#6495ED",
                            "size": 10
                        },
                        {
                            "key": "Format",
                            "name": "格式化",
                            "color": "#6495ED",
                            "size": 10
                        }
                    ]
                },
                {
                    "type": "CheckBox",
                    "on_sound": "√.mp3",
                    "off_sound": "×.mp3",
                    "key": "remark_hex",
                    "name": "注释Hex",
                    "color": "#6495ED",
                    "size": 10,
                    "padding": [
                        5,
                        5,
                        5,
                        5
                    ]
                },
                {
                    "type": "Switch",
                    "on_sound": "on.mp3",
                    "off_sound": "off.mp3",
                    "key": "blink",
                    "name": "停止发包",
                    "color": "#FFFFFF",
                    "gravity": [
                        "left"
                    ],
                    "size": 11,
                    "padding": [
                        5,
                        5,
                        5,
                        5
                    ]
                },
                {
                    "type": "CheckBox",
                    "on_sound": "√.mp3",
                    "off_sound": "×.mp3",
                    "key": "move_packet",
                    "name": "移动包",
                    "color": "#6495ED",
                    "gravity": [
                        "left"
                    ],
                    "size": 10,
                    "padding": [
                        5,
                        5,
                        5,
                        5
                    ]
                },
                {
                    "type": "CheckBox",
                    "on_sound": "√.mp3",
                    "off_sound": "×.mp3",
                    "key": "block_update_packet",
                    "name": "方块更新",
                    "color": "#6495ED",
                    "gravity": [
                        "left"
                    ],
                    "size": 10,
                    "padding": [
                        5,
                        5,
                        5,
                        5
                    ]
                },
                {
                    "type": "CheckBox",
                    "on_sound": "√.mp3",
                    "off_sound": "×.mp3",
                    "key": "hotbar_packet",
                    "name": "物品栏",
                    "color": "#6495ED",
                    "gravity": [
                        "left"
                    ],
                    "size": 10,
                    "padding": [
                        5,
                        5,
                        5,
                        5
                    ]
                },
                {
                    "type": "CheckBox",
                    "on_sound": "√.mp3",
                    "off_sound": "×.mp3",
                    "key": "interact_packet",
                    "name": "交互",
                    "color": "#6495ED",
                    "gravity": [
                        "left"
                    ],
                    "size": 10,
                    "padding": [
                        5,
                        5,
                        5,
                        5
                    ]
                },
                {
                    "type": "CheckBox",
                    "on_sound": "√.mp3",
                    "off_sound": "×.mp3",
                    "key": "operate_packet",
                    "name": "操作",
                    "color": "#6495ED",
                    "gravity": [
                        "left"
                    ],
                    "size": 10,
                    "padding": [
                        5,
                        5,
                        5,
                        5
                    ]
                },
                {
                    "type": "CheckBox",
                    "on_sound": "√.mp3",
                    "off_sound": "×.mp3",
                    "key": "player_input_packet",
                    "name": "玩家输入",
                    "color": "#6495ED",
                    "gravity": [
                        "left"
                    ],
                    "size": 10,
                    "padding": [
                        5,
                        5,
                        5,
                        5
                    ]
                },
                {
                    "type": "CheckBox",
                    "on_sound": "√.mp3",
                    "off_sound": "×.mp3",
                    "key": "use_item_packet",
                    "name": "使用物品",
                    "color": "#6495ED",
                    "gravity": [
                        "left"
                    ],
                    "size": 10,
                    "padding": [
                        5,
                        5,
                        5,
                        5
                    ]
                },
                {
                    "type": "Switch",
                    "on_sound": "on.mp3",
                    "off_sound": "off.mp3",
                    "key": "no_receive_packet",
                    "name": "停止接收数据包",
                    "color": "#FFFFFF",
                    "gravity": [
                        "left"
                    ],
                    "size": 11,
                    "padding": [
                        5,
                        5,
                        5,
                        5
                    ]
                },
                {
                    "type": "CheckBox",
                    "on_sound": "√.mp3",
                    "off_sound": "×.mp3",
                    "key": "no_anticheat",
                    "name": "租赁服反作弊",
                    "color": "#6495ED",
                    "gravity": [
                        "left"
                    ],
                    "size": 10,
                    "padding": [
                        5,
                        5,
                        5,
                        5
                    ]
                },
                {
                    "type": "CheckBox",
                    "on_sound": "√.mp3",
                    "off_sound": "×.mp3",
                    "key": "anti_kick",
                    "name": "断开连接",
                    "color": "#6495ED",
                    "checked": true,
                    "gravity": [
                        "left"
                    ],
                    "size": 10,
                    "padding": [
                        5,
                        5,
                        5,
                        5
                    ]
                },
                {
                    "type": "CheckBox",
                    "on_sound": "√.mp3",
                    "off_sound": "×.mp3",
                    "key": "no_bossbar",
                    "name": "BOSS栏",
                    "color": "#6495ED",
                    "gravity": [
                        "left"
                    ],
                    "size": 10,
                    "padding": [
                        5,
                        5,
                        5,
                        5
                    ]
                },
                {
                    "type": "CheckBox",
                    "on_sound": "√.mp3",
                    "off_sound": "×.mp3",
                    "key": "no_skin",
                    "name": "皮肤",
                    "color": "#6495ED",
                    "gravity": [
                        "left"
                    ],
                    "size": 10,
                    "padding": [
                        5,
                        5,
                        5,
                        5
                    ]
                },
                {
                    "type": "CheckBox",
                    "on_sound": "√.mp3",
                    "off_sound": "×.mp3",
                    "key": "no_title",
                    "name": "标题",
                    "color": "#6495ED",
                    "gravity": [
                        "left"
                    ],
                    "size": 10,
                    "padding": [
                        5,
                        5,
                        5,
                        5
                    ]
                },
                {
                    "type": "CheckBox",
                    "on_sound": "√.mp3",
                    "off_sound": "×.mp3",
                    "key": "no_latitude",
                    "name": "维度切换",
                    "color": "#6495ED",
                    "gravity": [
                        "left"
                    ],
                    "size": 10,
                    "padding": [
                        5,
                        5,
                        5,
                        5
                    ]
                },
                {
                    "type": "CheckBox",
                    "on_sound": "√.mp3",
                    "off_sound": "×.mp3",
                    "key": "no_chat",
                    "name": "聊天",
                    "color": "#6495ED",
                    "gravity": [
                        "left"
                    ],
                    "size": 10,
                    "padding": [
                        5,
                        5,
                        5,
                        5
                    ]
                },
                {
                    "type": "CheckBox",
                    "on_sound": "√.mp3",
                    "off_sound": "×.mp3",
                    "key": "no_time",
                    "name": "时间",
                    "color": "#6495ED",
                    "gravity": [
                        "left"
                    ],
                    "size": 10,
                    "padding": [
                        5,
                        5,
                        5,
                        5
                    ]
                },
                {
                    "type": "CheckBox",
                    "on_sound": "√.mp3",
                    "off_sound": "×.mp3",
                    "key": "no_camera",
                    "name": "摄像机",
                    "color": "#6495ED",
                    "gravity": [
                        "left"
                    ],
                    "size": 10,
                    "padding": [
                        5,
                        5,
                        5,
                        5
                    ]
                },
                {
                    "type": "CheckBox",
                    "on_sound": "√.mp3",
                    "off_sound": "×.mp3",
                    "key": "no_shake",
                    "name": "摄像机抖动",
                    "color": "#6495ED",
                    "gravity": [
                        "left"
                    ],
                    "size": 10,
                    "padding": [
                        5,
                        5,
                        5,
                        5
                    ]
                },
                {
                    "type": "CheckBox",
                    "on_sound": "√.mp3",
                    "off_sound": "×.mp3",
                    "key": "no_ping",
                    "name": "PING",
                    "color": "#6495ED",
                    "gravity": [
                        "left"
                    ],
                    "size": 10,
                    "padding": [
                        5,
                        5,
                        5,
                        5
                    ]
                },
                {
                    "type": "CheckBox",
                    "on_sound": "√.mp3",
                    "off_sound": "×.mp3",
                    "key": "no_sore",
                    "name": "计分板",
                    "color": "#6495ED",
                    "gravity": [
                        "left"
                    ],
                    "size": 10,
                    "padding": [
                        5,
                        5,
                        5,
                        5
                    ]
                },
                {
                    "type": "CheckBox",
                    "on_sound": "√.mp3",
                    "off_sound": "×.mp3",
                    "key": "no_animation",
                    "name": "动画",
                    "color": "#6495ED",
                    "gravity": [
                        "left"
                    ],
                    "size": 10,
                    "padding": [
                        5,
                        5,
                        5,
                        5
                    ]
                },
                {
                    "type": "CheckBox",
                    "on_sound": "√.mp3",
                    "off_sound": "×.mp3",
                    "key": "no_sound",
                    "name": "音效",
                    "color": "#6495ED",
                    "gravity": [
                        "left"
                    ],
                    "size": 10,
                    "padding": [
                        5,
                        5,
                        5,
                        5
                    ]
                },
                {
                    "type": "CheckBox",
                    "on_sound": "√.mp3",
                    "off_sound": "×.mp3",
                    "key": "no_server",
                    "name": "转服",
                    "color": "#6495ED",
                    "gravity": [
                        "left"
                    ],
                    "size": 10,
                    "padding": [
                        5,
                        5,
                        5,
                        5
                    ]
                },
                {
                    "type": "CheckBox",
                    "on_sound": "√.mp3",
                    "off_sound": "×.mp3",
                    "key": "no_practice",
                    "name": "粒子",
                    "color": "#6495ED",
                    "gravity": [
                        "left"
                    ],
                    "size": 10,
                    "padding": [
                        5,
                        5,
                        5,
                        5
                    ]
                },
                {
                    "type": "CheckBox",
                    "on_sound": "√.mp3",
                    "off_sound": "×.mp3",
                    "key": "no_ground",
                    "name": "移动状态",
                    "color": "#6495ED",
                    "gravity": [
                        "left"
                    ],
                    "size": 10,
                    "padding": [
                        5,
                        5,
                        5,
                        5
                    ]
                },
                {
                    "type": "CheckBox",
                    "on_sound": "√.mp3",
                    "off_sound": "×.mp3",
                    "key": "no_move",
                    "name": "移动速度",
                    "color": "#6495ED",
                    "gravity": [
                        "left"
                    ],
                    "size": 10,
                    "padding": [
                        5,
                        5,
                        5,
                        5
                    ]
                },
                {
                    "type": "CheckBox",
                    "on_sound": "√.mp3",
                    "off_sound": "×.mp3",
                    "key": "no_start",
                    "name": "回调事件",
                    "color": "#6495ED",
                    "gravity": [
                        "left"
                    ],
                    "size": 10,
                    "padding": [
                        5,
                        5,
                        5,
                        5
                    ]
                }
            ]
        }
    ]
}