{
    "type": "Menu",
    "color": "#d2000000",
    "alpha": 0.95,
    "can_close": true,
    "title": {
        "name": "Misc",
        "elevation": 0,
        "background": "#000000",
        "padding": [
            5,
            5,
            5,
            5
        ],
        "margins": [
            0,
            0,
            0,
            0
        ],
        "colors": [
            "#FFFFFF",
            "#FFFFFF"
        ]
    },
    "params": [
        -2,
        -2
    ],
    "padding": [
        3,
        0,
        3,
        0
    ],
    "margins": [
        0,
        0,
        0,
        0
    ],
    "show_dividers": true,
    "radius": 6,
    "hide": true,
    "items": [
        {
            "type": "TextView",
            "sound": "click.mp3",
            "name": "NoveXare",
            "color": "#FFFFFF",
            "size": 14,
            "padding": [
                5,
                5,
                5,
                5
            ],
            "tag": "fun_entity_event_manager",
            "items": [
                {
                    "type": "Switch",
                    "on_sound": "on.mp3",
                    "off_sound": "off.mp3",
                    "key": "attack_self",
                    "name": "攻击自己",
                    "color": "#FFFFFF",
                    "gravity": [
                        "left"
                    ],
                    "size": 11
                },
                {
                    "type": "Switch",
                    "on_sound": "on.mp3",
                    "off_sound": "off.mp3",
                    "key": "auto_swimming",
                    "name": "陆游器",
                    "color": "#FFFFFF",
                    "gravity": [
                        "left"
                    ],
                    "size": 11,
                    "padding": [
                        5,
                        5,
                        5,
                        5
                    ]
                },
                {
                    "type": "Switch",
                    "on_sound": "on.mp3",
                    "off_sound": "off.mp3",
                    "key": "auto_swing",
                    "name": "自动挥手",
                    "color": "#FFFFFF",
                    "gravity": [
                        "left"
                    ],
                    "size": 11,
                    "padding": [
                        5,
                        5,
                        5,
                        5
                    ]
                },
                {
                    "type": "Switch",
                    "on_sound": "on.mp3",
                    "off_sound": "off.mp3",
                    "key": "InteractAura",
                    "name": "交互光环",
                    "color": "#FFFFFF",
                    "gravity": [
                        "left"
                    ],
                    "size": 11,
                    "padding": [
                        5,
                        5,
                        5,
                        5
                    ]
                },
                {
                    "type": "Switch",
                    "on_sound": "on.mp3",
                    "off_sound": "off.mp3",
                    "key": "auto_breakdown",
                    "name": "自我崩溃",
                    "color": "#FFFFFF",
                    "gravity": [
                        "left"
                    ],
                    "size": 11,
                    "padding": [
                        5,
                        5,
                        5,
                        5
                    ]
                },
                {
                    "type": "Switch",
                    "on_sound": "on.mp3",
                    "off_sound": "off.mp3",
                    "key": "auto_void",
                    "name": "自动前往虚空",
                    "color": "#FFFFFF",
                    "gravity": [
                        "left"
                    ],
                    "size": 11,
                    "padding": [
                        5,
                        5,
                        5,
                        5
                    ]
                },
                {
                    "type": "Switch",
                    "on_sound": "on.mp3",
                    "off_sound": "off.mp3",
                    "key": "show_activity",
                    "name": "行为监视器",
                    "color": "#FFFFFF",
                    "gravity": [
                        "left"
                    ],
                    "size": 11,
                    "padding": [
                        5,
                        5,
                        5,
                        5
                    ]
                },
                {
                    "type": "Switch",
                    "on_sound": "on.mp3",
                    "off_sound": "off.mp3",
                    "key": "pvp_dalao",
                    "name": "PVP大佬",
                    "color": "#FFFFFF",
                    "gravity": [
                        "left"
                    ],
                    "size": 11,
                    "padding": [
                        5,
                        5,
                        5,
                        5
                    ]
                },
                {
                    "type": "Switch",
                    "on_sound": "on.mp3",
                    "off_sound": "off.mp3",
                    "key": "farmaura",
                    "name": "种地光环",
                    "color": "#FFFFFF",
                    "gravity": [
                        "left"
                    ],
                    "size": 11,
                    "padding": [
                        5,
                        5,
                        5,
                        5
                    ]
                },
                {
                    "type": "Switch",
                    "on_sound": "on.mp3",
                    "off_sound": "off.mp3",
                    "key": "target_upside_down",
                    "name": "目标倒立",
                    "color": "#FFFFFF",
                    "gravity": [
                        "left"
                    ],
                    "size": 11
                },
                {
                    "type": "Switch",
                    "on_sound": "on.mp3",
                    "off_sound": "off.mp3",
                    "key": "fun_drop",
                    "name": "随机丢物品",
                    "color": "#FFFFFF",
                    "gravity": [
                        "left"
                    ],
                    "size": 11
                },
                {
                    "type": "Switch",
                    "on_sound": "on.mp3",
                    "off_sound": "off.mp3",
                    "key": "fun_hot",
                    "name": "随机物品栏",
                    "color": "#FFFFFF",
                    "gravity": [
                        "left"
                    ],
                    "size": 11
                },
                {
                    "type": "Switch",
                    "on_sound": "on.mp3",
                    "off_sound": "off.mp3",
                    "key": "arrow_fly",
                    "name": "弓箭平飞",
                    "color": "#FFFFFF",
                    "gravity": [
                        "left"
                    ],
                    "size": 11
                },
                {
                    "type": "TextView",
                    "sound": "click.mp3",
                    "key": "remove_self",
                    "name": "移除自己",
                    "color": "#FFFFFF",
                    "gravity": [
                        "left"
                    ],
                    "size": 11,
                    "padding": [
                        5,
                        5,
                        5,
                        5
                    ]
                },
                {
                    "type": "TextView",
                    "sound": "click.mp3",
                    "key": "attack_self_one",
                    "name": "攻击自己",
                    "color": "#FFFFFF",
                    "gravity": [
                        "left"
                    ],
                    "size": 11,
                    "padding": [
                        5,
                        5,
                        5,
                        5
                    ]
                },
                {
                    "type": "TextView",
                    "sound": "click.mp3",
                    "key": "drop_inv",
                    "name": "丢弃背包",
                    "color": "#FFFFFF",
                    "gravity": [
                        "left"
                    ],
                    "size": 11,
                    "padding": [
                        5,
                        5,
                        5,
                        5
                    ]
                },
                {
                    "type": "TextView",
                    "sound": "click.mp3",
                    "key": "kick_self",
                    "name": "踢出自己",
                    "color": "#FFFFFF",
                    "gravity": [
                        "left"
                    ],
                    "size": 11,
                    "padding": [
                        5,
                        5,
                        5,
                        5
                    ]
                },
                {
                    "type": "Switch",
                    "on_sound": "on.mp3",
                    "off_sound": "off.mp3",
                    "key": "auto_shift",
                    "name": "自动潜行",
                    "color": "#FFFFFF",
                    "gravity": [
                        "left"
                    ],
                    "size": 11,
                    "padding": [
                        5,
                        5,
                        5,
                        5
                    ]
                },
                {
                    "type": "SeekBar",
                    "key": "shift_tick",
                    "format": "潜行延迟:%d",
                    "color": "#6495ED",
                    "size": 10,
                    "padding": [
                        5,
                        5,
                        5,
                        5
                    ],
                    "value": 0,
                    "min": 0,
                    "max": 40
                },
                {
                    "type": "Switch",
                    "on_sound": "on.mp3",
                    "off_sound": "off.mp3",
                    "key": "fun_other_user",
                    "name": "作用于点击实体",
                    "color": "#FFFFFF",
                    "gravity": [
                        "left"
                    ],
                    "size": 11
                },
                {
                    "type": "TextView",
                    "sound": "click.mp3",
                    "key": "recover",
                    "name": "恢复",
                    "color": "#6495ED",
                    "size": 10,
                    "padding": [
                        5,
                        5,
                        5,
                        5
                    ]
                },
                {
                    "type": "Switch",
                    "on_sound": "on.mp3",
                    "off_sound": "off.mp3",
                    "key": "auto_stuck",
                    "name": "自我掉帧",
                    "color": "#FFFFFF",
                    "gravity": [
                        "left"
                    ],
                    "size": 11,
                    "padding": [
                        5,
                        5,
                        5,
                        5
                    ]
                },
                {
                    "type": "SeekBar",
                    "key": "fps_rate",
                    "format": "掉帧程度:%d",
                    "color": "#6495ED",
                    "size": 10,
                    "padding": [
                        5,
                        5,
                        5,
                        5
                    ],
                    "value": 10,
                    "min": 0,
                    "max": 100
                },
                {
                    "type": "Switch",
                    "on_sound": "on.mp3",
                    "off_sound": "off.mp3",
                    "key": "bow_trace",
                    "name": "弓箭追踪",
                    "color": "#FFFFFF",
                    "gravity": [
                        "left"
                    ],
                    "size": 11
                },
                {
                    "type": "SeekBar",
                    "key": "bow_speed",
                    "format": "弓箭速度:%.2f",
                    "color": "#6495ED",
                    "size": 10,
                    "value": 0.50,
                    "min": 0.01,
                    "max": 10.00
                },
                {
                    "type": "Switch",
                    "on_sound": "on.mp3",
                    "off_sound": "off.mp3",
                    "key": "custom_kb",
                    "name": "自定义KB",
                    "color": "#FFFFFF",
                    "gravity": [
                        "left"
                    ],
                    "size": 11,
                    "padding": [
                        5,
                        5,
                        5,
                        5
                    ]
                },
                {
                    "type": "SeekBar",
                    "key": "custom_kb_x",
                    "format": "远度:%d",
                    "color": "#6495ED",
                    "size": 10,
                    "padding": [
                        5,
                        5,
                        5,
                        5
                    ],
                    "value": 5,
                    "min": 1,
                    "max": 20
                },
                {
                    "type": "SeekBar",
                    "key": "custom_kb_y",
                    "format": "高度:%.2f",
                    "color": "#6495ED",
                    "size": 10,
                    "padding": [
                        5,
                        5,
                        5,
                        5
                    ],
                    "value": 0.50,
                    "min": 0.01,
                    "max": 1.00
                },
                {
                    "type": "Switch",
                    "on_sound": "on.mp3",
                    "off_sound": "off.mp3",
                    "key": "FakeTip",
                    "name": "伪造提示",
                    "color": "#FFFFFF",
                    "gravity": [
                        "left"
                    ],
                    "size": 11,
                    "padding": [
                        5,
                        5,
                        5,
                        5
                    ]
                },
                {
                    "type": "RadioGroup",
                    "key": "fakeTip_mode",
                    "name": "伪造类型",
                    "color": "#6495ED",
                    "size": 10,
                    "items": [
                        {
                            "key": "ProtoHax",
                            "name": "ProtoHax",
                            "color": "#6495ED",
                            "size": 10,
                            "checked": true
                        },
                        {
                            "key": "CheatPlugin",
                            "name": "CheatPlugin",
                            "color": "#6495ED",
                            "size": 10
                        },
                        {
                            "key": "Relic",
                            "name": "Relic",
                            "color": "#6495ED",
                            "size": 10
                        },
                        {
                            "key": "Kaleidoscope",
                            "name": "Kaleidoscope",
                            "color": "#6495ED",
                            "size": 10
                        },
                        {
                            "key": "Heal",
                            "name": "Heal",
                            "color": "#6495ED",
                            "size": 10
                        },
                        {
                            "key": "ProtoHax-2",
                            "name": "ProtoHax++",
                            "color": "#6495ED",
                            "size": 10
                        }
                    ]
                }
            ]
        }
    ]
}