{
    "type": "Menu",
    "color": "#d2000000",
    "alpha": 0.95,
    "can_close": true,
    "title": {
        "name": "Render",
        "elevation": 0,
        "background": "#000000",
        "padding": [
            5,
            5,
            5,
            5
        ],
        "margins": [
            0,
            0,
            0,
            0
        ],
        "colors": [
            "#FFFFFF",
            "#FFFFFF"
        ]
    },
    "params": [
        -2,
        -2
    ],
    "padding": [
        3,
        0,
        3,
        0
    ],
    "margins": [
        0,
        0,
        0,
        0
    ],
    "show_dividers": true,
    "radius": 6,
    "hide": true,
    "items": [
        {
            "type": "TextView",
            "sound": "click.mp3",
            "name": "NoveXare",
            "color": "#FFFFFF",
            "size": 14,
            "padding": [
                5,
                5,
                5,
                5
            ],
            "tag": "fun_entity_event_manager",
            "items": [
                {
                    "type": "Switch",
                    "on_sound": "on.mp3",
                    "off_sound": "off.mp3",
                    "key": "show_chunk",
                    "name": "显示区块",
                    "color": "#FFFFFF",
                    "gravity": [
                        "left"
                    ],
                    "size": 11,
                    "padding": [
                        5,
                        5,
                        5,
                        5
                    ]
                },
                {
                    "type": "Switch",
                    "on_sound": "on.mp3",
                    "off_sound": "off.mp3",
                    "key": "attack_draw",
                    "name": "攻击绘制",
                    "color": "#FFFFFF",
                    "gravity": [
                        "left"
                    ],
                    "size": 11,
                    "padding": [
                        5,
                        5,
                        5,
                        5
                    ]
                },
                {
                    "type": "Switch",
                    "on_sound": "on.mp3",
                    "off_sound": "off.mp3",
                    "key": "attack_particle",
                    "name": "攻击粒子",
                    "color": "#FFFFFF",
                    "gravity": [
                        "left"
                    ],
                    "size": 11,
                    "padding": [
                        5,
                        5,
                        5,
                        5
                    ]
                },
                {
                    "type": "TextView",
                    "sound": "click.mp3",
                    "key": "attack_particle_type",
                    "name": "编辑粒子类型",
                    "color": "#6495ED",
                    "size": 10,
                    "padding": [
                        5,
                        5,
                        5,
                        5
                    ]
                },
                {
                    "type": "SeekBar",
                    "key": "attack_particle_size",
                    "format": "数量: %d",
                    "color": "#6495ED",
                    "size": 10,
                    "padding": [
                        5,
                        5,
                        5,
                        5
                    ],
                    "value": 20,
                    "min": 0,
                    "max": 200
                },
                {
                    "type": "Switch",
                    "on_sound": "on.mp3",
                    "off_sound": "off.mp3",
                    "key": "modify_swing",
                    "name": "修改挥刀",
                    "color": "#FFFFFF",
                    "gravity": [
                        "left"
                    ],
                    "size": 11,
                    "padding": [
                        5,
                        5,
                        5,
                        5
                    ]
                },
                {
                    "type": "SeekBar",
                    "key": "swing_speed",
                    "format": "挥刀速度: %d",
                    "color": "#6495ED",
                    "size": 10,
                    "padding": [
                        5,
                        5,
                        5,
                        5
                    ],
                    "value": 17,
                    "min": 1,
                    "max": 33
                },
                {
                    "type": "Switch",
                    "on_sound": "on.mp3",
                    "off_sound": "off.mp3",
                    "key": "modify_time",
                    "name": "时间修改",
                    "color": "#FFFFFF",
                    "gravity": [
                        "left"
                    ],
                    "size": 11,
                    "padding": [
                        5,
                        5,
                        5,
                        5
                    ]
                },
                {
                    "type": "RadioGroup",
                    "key": "set_time",
                    "name": "时间",
                    "color": "#6495ED",
                    "size": 10,
                    "items": [
                        {
                            "key": "day",
                            "name": "白天",
                            "color": "#6495ED",
                            "size": 10,
                            "checked": true
                        },
                        {
                            "key": "night",
                            "name": "夜晚",
                            "color": "#6495ED",
                            "size": 10
                        },
                        {
                            "key": "noon",
                            "name": "正午",
                            "color": "#6495ED",
                            "size": 10
                        },
                        {
                            "key": "afternoon",
                            "name": "黄昏",
                            "color": "#6495ED",
                            "size": 10
                        }
                    ]
                },
                {
                    "type": "Switch",
                    "on_sound": "on.mp3",
                    "off_sound": "off.mp3",
                    "key": "derp",
                    "name": "陀螺",
                    "color": "#FFFFFF",
                    "gravity": [
                        "left"
                    ],
                    "size": 11,
                    "shortcut": {
                        "type": "CheckedButton",
                        "params": [
                            48,
                            25
                        ],
                        "no_circle": true,
                        "off": "NoveXare/derp_off.png",
                        "on": "NoveXare/derp_on.png",
                        "icon": "NoveXare/derp_on.png"
                    }
                },
                {
                    "type": "CheckBox",
                    "on_sound": "√.mp3",
                    "off_sound": "×.mp3",
                    "key": "self_can_see",
                    "name": "自己可见",
                    "color": "#6495ED",
                    "size": 10,
                    "padding": [
                        5,
                        5,
                        5,
                        5
                    ]
                },
                {
                    "type": "CheckBox",
                    "on_sound": "√.mp3",
                    "off_sound": "×.mp3",
                    "key": "lock_head",
                    "name": "锁定头部",
                    "color": "#6495ED",
                    "size": 10,
                    "padding": [
                        5,
                        5,
                        5,
                        5
                    ]
                },
                {
                    "type": "CheckBox",
                    "on_sound": "√.mp3",
                    "off_sound": "×.mp3",
                    "key": "body_rot",
                    "name": "改变身体视角",
                    "color": "#6495ED",
                    "size": 10,
                    "padding": [
                        5,
                        5,
                        5,
                        5
                    ]
                },
                {
                    "type": "CheckBox",
                    "on_sound": "√.mp3",
                    "off_sound": "×.mp3",
                    "key": "head_rot",
                    "name": "改变头部视角",
                    "color": "#6495ED",
                    "size": 10,
                    "padding": [
                        5,
                        5,
                        5,
                        5
                    ]
                },
                {
                    "type": "CheckBox",
                    "on_sound": "√.mp3",
                    "off_sound": "×.mp3",
                    "key": "random_rot",
                    "name": "随机旋转",
                    "color": "#6495ED",
                    "size": 10,
                    "padding": [
                        5,
                        5,
                        5,
                        5
                    ]
                },
                {
                    "type": "SeekBar",
                    "key": "head_rot_speed",
                    "format": "头部旋转速度:%d",
                    "color": "#6495ED",
                    "size": 10,
                    "value": 5,
                    "min": 1,
                    "max": 60
                },
                {
                    "type": "SeekBar",
                    "key": "body_rot_speed",
                    "format": "身体旋转速度:%d",
                    "color": "#6495ED",
                    "size": 10,
                    "value": 5,
                    "min": 1,
                    "max": 60
                },
                {
                    "type": "Switch",
                    "on_sound": "on.mp3",
                    "off_sound": "off.mp3",
                    "key": "draw_move",
                    "name": "绘制预测移动",
                    "color": "#FFFFFF",
                    "gravity": [
                        "left"
                    ],
                    "size": 11,
                    "padding": [
                        5,
                        5,
                        5,
                        5
                    ]
                },
                {
                    "type": "SeekBar",
                    "key": "move_tick",
                    "format": "预测tick: %d",
                    "color": "#6495ED",
                    "size": 10,
                    "padding": [
                        5,
                        5,
                        5,
                        5
                    ],
                    "value": 20,
                    "min": 1,
                    "max": 40
                },
                {
                    "type": "RadioGroup",
                    "key": "draw_mode",
                    "name": "绘制模式",
                    "color": "#6495ED",
                    "size": 10,
                    "items": [
                        {
                            "key": "Point",
                            "name": "点",
                            "color": "#6495ED",
                            "size": 10,
                            "checked": true
                        },
                        {
                            "key": "Line",
                            "name": "线",
                            "color": "#6495ED",
                            "size": 10
                        }
                    ]
                },
                {
                    "type": "Switch",
                    "on_sound": "on.mp3",
                    "off_sound": "off.mp3",
                    "key": "throwable_particle",
                    "name": "投掷物轨迹显示",
                    "color": "#FFFFFF",
                    "gravity": [
                        "left"
                    ],
                    "size": 11,
                    "padding": [
                        5,
                        5,
                        5,
                        5
                    ]
                },
                {
                    "type": "CheckBox",
                    "on_sound": "√.mp3",
                    "off_sound": "×.mp3",
                    "key": "throwable_particle_target",
                    "name": "显示瞄准目标",
                    "color": "#6495ED",
                    "size": 10,
                    "padding": [
                        5,
                        5,
                        5,
                        5
                    ],
                    "checked": true
                },
                {
                    "type": "TextView",
                    "sound": "click.mp3",
                    "key": "throwable_particle_type",
                    "name": "编辑粒子类型",
                    "color": "#6495ED",
                    "size": 10,
                    "padding": [
                        5,
                        5,
                        5,
                        5
                    ]
                },
                {
                    "type": "SeekBar",
                    "key": "throwable_particle_gravity",
                    "format": "重力加速度: %d",
                    "color": "#6495ED",
                    "size": 10,
                    "padding": [
                        5,
                        5,
                        5,
                        5
                    ],
                    "value": 20,
                    "min": 1,
                    "max": 30
                },
                {
                    "type": "SeekBar",
                    "key": "throwable_particle_speed",
                    "format": "初速度: %d",
                    "color": "#6495ED",
                    "size": 10,
                    "padding": [
                        5,
                        5,
                        5,
                        5
                    ],
                    "value": 100,
                    "min": 30,
                    "max": 120
                },
                {
                    "type": "SeekBar",
                    "key": "throwable_particle_offset",
                    "format": "粒子水平偏移: %d",
                    "color": "#6495ED",
                    "size": 10,
                    "padding": [
                        5,
                        5,
                        5,
                        5
                    ],
                    "value": 20,
                    "min": 0,
                    "max": 20
                },
                {
                    "type": "SeekBar",
                    "key": "throwable_particle_length",
                    "format": "长度: %d",
                    "color": "#6495ED",
                    "size": 10,
                    "padding": [
                        5,
                        5,
                        5,
                        5
                    ],
                    "value": 200,
                    "min": 100,
                    "max": 500
                },
                {
                    "type": "SeekBar",
                    "key": "throwable_particle_density",
                    "format": "密度: %d",
                    "color": "#6495ED",
                    "size": 10,
                    "padding": [
                        5,
                        5,
                        5,
                        5
                    ],
                    "value": 10,
                    "min": 1,
                    "max": 50
                },
                {
                    "type": "RadioGroup",
                    "key": "throwable_particle_mode",
                    "name": "粒子模式",
                    "color": "#6495ED",
                    "size": 10,
                    "items": [
                        {
                            "key": "Path",
                            "name": "路径",
                            "color": "#6495ED",
                            "size": 10,
                            "checked": true
                        },
                        {
                            "key": "Goal",
                            "name": "落地点",
                            "color": "#6495ED",
                            "size": 10
                        }
                    ]
                },
                {
                    "type": "Switch",
                    "on_sound": "on.mp3",
                    "off_sound": "off.mp3",
                    "key": "entity_particle",
                    "name": "粒子实体",
                    "color": "#FFFFFF",
                    "gravity": [
                        "left"
                    ],
                    "size": 11,
                    "padding": [
                        5,
                        5,
                        5,
                        5
                    ]
                },
                {
                    "type": "TextView",
                    "sound": "click.mp3",
                    "key": "particle_type",
                    "name": "编辑粒子类型",
                    "color": "#6495ED",
                    "size": 10,
                    "padding": [
                        5,
                        5,
                        5,
                        5
                    ]
                },
                {
                    "type": "SeekBar",
                    "key": "particle_size",
                    "format": "密度: %d",
                    "color": "#6495ED",
                    "size": 10,
                    "padding": [
                        5,
                        5,
                        5,
                        5
                    ],
                    "value": 1,
                    "min": 0,
                    "max": 60
                },
                {
                    "type": "Switch",
                    "on_sound": "on.mp3",
                    "off_sound": "off.mp3",
                    "key": "arrow_particle",
                    "name": "弓箭轨迹",
                    "color": "#FFFFFF",
                    "gravity": [
                        "left"
                    ],
                    "size": 11,
                    "padding": [
                        5,
                        5,
                        5,
                        5
                    ]
                },
                {
                    "type": "TextView",
                    "sound": "click.mp3",
                    "key": "arrow_particle_type",
                    "name": "编辑粒子类型",
                    "color": "#6495ED",
                    "size": 10,
                    "padding": [
                        5,
                        5,
                        5,
                        5
                    ]
                },
                {
                    "type": "Switch",
                    "on_sound": "on.mp3",
                    "off_sound": "off.mp3",
                    "key": "surround_particle",
                    "name": "环绕粒子",
                    "color": "#FFFFFF",
                    "gravity": [
                        "left"
                    ],
                    "size": 11,
                    "padding": [
                        5,
                        5,
                        5,
                        5
                    ]
                },
                {
                    "type": "TextView",
                    "sound": "click.mp3",
                    "key": "surround_particle_type",
                    "name": "编辑粒子类型",
                    "color": "#6495ED",
                    "size": 10,
                    "padding": [
                        5,
                        5,
                        5,
                        5
                    ]
                },
                {
                    "type": "TextView",
                    "sound": "click.mp3",
                    "key": "surround_particle_add",
                    "name": "类型ID + 1",
                    "color": "#6495ED",
                    "size": 10,
                    "padding": [
                        5,
                        5,
                        5,
                        5
                    ]
                },
                {
                    "type": "SeekBar",
                    "key": "surround_particle_size",
                    "format": "密度: %d",
                    "color": "#6495ED",
                    "size": 10,
                    "padding": [
                        5,
                        5,
                        5,
                        5
                    ],
                    "value": 1,
                    "min": 1,
                    "max": 60
                },
                {
                    "type": "SeekBar",
                    "key": "surround_particle_length",
                    "format": "距离: %d",
                    "color": "#6495ED",
                    "size": 10,
                    "padding": [
                        5,
                        5,
                        5,
                        5
                    ],
                    "value": 0,
                    "min": 0,
                    "max": 5
                },
                {
                    "type": "SeekBar",
                    "key": "surround_particle_heigh",
                    "format": "高度: %d",
                    "color": "#6495ED",
                    "size": 10,
                    "padding": [
                        5,
                        5,
                        5,
                        5
                    ],
                    "value": 0,
                    "min": 0,
                    "max": 5
                },
                {
                    "type": "SeekBar",
                    "key": "particle_surround_speed",
                    "format": "环绕速度: %d",
                    "color": "#6495ED",
                    "size": 10,
                    "padding": [
                        5,
                        5,
                        5,
                        5
                    ],
                    "value": 5,
                    "min": 1,
                    "max": 20
                },
                {
                    "type": "CheckBox",
                    "on_sound": "√.mp3",
                    "off_sound": "×.mp3",
                    "key": "only_walk",
                    "name": "仅移动",
                    "color": "#6495ED",
                    "size": 10,
                    "padding": [
                        5,
                        5,
                        5,
                        5
                    ]
                },
                {
                    "type": "Switch",
                    "on_sound": "on.mp3",
                    "off_sound": "off.mp3",
                    "key": "line_particle",
                    "name": "粒子连线",
                    "color": "#FFFFFF",
                    "gravity": [
                        "left"
                    ],
                    "size": 11,
                    "padding": [
                        5,
                        5,
                        5,
                        5
                    ]
                },
                {
                    "type": "TextView",
                    "sound": "click.mp3",
                    "key": "line_particle_type",
                    "name": "编辑粒子类型",
                    "color": "#6495ED",
                    "size": 10,
                    "padding": [
                        5,
                        5,
                        5,
                        5
                    ]
                },
                {
                    "type": "SeekBar",
                    "key": "line_particle_size",
                    "format": "密度: %d",
                    "color": "#6495ED",
                    "size": 10,
                    "padding": [
                        5,
                        5,
                        5,
                        5
                    ],
                    "value": 1,
                    "min": 0,
                    "max": 10
                },
                {
                    "type": "SeekBar",
                    "key": "line_particle_offset",
                    "format": "偏移: %d",
                    "color": "#6495ED",
                    "size": 10,
                    "padding": [
                        5,
                        5,
                        5,
                        5
                    ],
                    "value": 0,
                    "min": 0,
                    "max": 25
                },
                {
                    "type": "Switch",
                    "on_sound": "on.mp3",
                    "off_sound": "off.mp3",
                    "key": "attack_sound",
                    "name": "攻击音效",
                    "color": "#FFFFFF",
                    "gravity": [
                        "left"
                    ],
                    "size": 11,
                    "padding": [
                        5,
                        5,
                        5,
                        5
                    ]
                },
                {
                    "type": "CheckBox",
                    "on_sound": "√.mp3",
                    "off_sound": "×.mp3",
                    "key": "gradual_up",
                    "name": "逐渐升调",
                    "color": "#6495ED",
                    "size": 10,
                    "checked": true,
                    "padding": [
                        5,
                        5,
                        5,
                        5
                    ]
                },
                {
                    "type": "TextView",
                    "sound": "click.mp3",
                    "key": "attack_sound_type",
                    "name": "编辑音效类型",
                    "color": "#6495ED",
                    "size": 10,
                    "padding": [
                        5,
                        5,
                        5,
                        5
                    ]
                },
                {
                    "type": "TextView",
                    "sound": "click.mp3",
                    "key": "attack_sound_level",
                    "name": "编辑音效音调",
                    "color": "#6495ED",
                    "size": 10,
                    "padding": [
                        5,
                        5,
                        5,
                        5
                    ]
                },
                {
                    "type": "Switch",
                    "on_sound": "on.mp3",
                    "off_sound": "off.mp3",
                    "key": "show_script_tip",
                    "name": "信息显示",
                    "color": "#FFFFFF",
                    "checked": true,
                    "size": 12
                },
                {
                    "type": "CheckBox",
                    "on_sound": "√.mp3",
                    "off_sound": "×.mp3",
                    "key": "show_speed",
                    "name": "速度",
                    "color": "#6495ED",
                    "size": 10,
                    "padding": [
                        5,
                        5,
                        5,
                        5
                    ]
                },
                {
                    "type": "CheckBox",
                    "on_sound": "√.mp3",
                    "off_sound": "×.mp3",
                    "key": "show_pos",
                    "name": "坐标",
                    "color": "#6495ED",
                    "size": 10,
                    "padding": [
                        5,
                        5,
                        5,
                        5
                    ]
                },
                {
                    "type": "CheckBox",
                    "on_sound": "√.mp3",
                    "off_sound": "×.mp3",
                    "key": "show_item",
                    "name": "物品信息",
                    "color": "#6495ED",
                    "size": 10,
                    "checked": true,
                    "padding": [
                        5,
                        5,
                        5,
                        5
                    ]
                },
                {
                    "type": "CheckBox",
                    "on_sound": "√.mp3",
                    "off_sound": "×.mp3",
                    "key": "show_target_dis",
                    "name": "最近目标距离",
                    "color": "#6495ED",
                    "size": 10,
                    "padding": [
                        5,
                        5,
                        5,
                        5
                    ]
                },
                {
                    "type": "CheckBox",
                    "on_sound": "√.mp3",
                    "off_sound": "×.mp3",
                    "key": "show_kill_num",
                    "name": "杀敌数",
                    "color": "#6495ED",
                    "size": 10,
                    "padding": [
                        5,
                        5,
                        5,
                        5
                    ]
                },
                {
                    "type": "CheckBox",
                    "on_sound": "√.mp3",
                    "off_sound": "×.mp3",
                    "key": "show_attack_rate",
                    "name": "空刀率",
                    "color": "#6495ED",
                    "size": 10,
                    "padding": [
                        5,
                        5,
                        5,
                        5
                    ]
                },
                {
                    "type": "CheckBox",
                    "on_sound": "√.mp3",
                    "off_sound": "×.mp3",
                    "key": "show_real_cps",
                    "name": "CPS",
                    "color": "#6495ED",
                    "size": 10,
                    "padding": [
                        5,
                        5,
                        5,
                        5
                    ]
                },
                {
                    "type": "CheckBox",
                    "on_sound": "√.mp3",
                    "off_sound": "×.mp3",
                    "key": "show_time",
                    "name": "使用时间",
                    "color": "#6495ED",
                    "size": 10,
                    "padding": [
                        5,
                        5,
                        5,
                        5
                    ]
                },
                {
                    "type": "CheckBox",
                    "on_sound": "√.mp3",
                    "off_sound": "×.mp3",
                    "key": "show_player_list",
                    "name": "玩家数量",
                    "color": "#6495ED",
                    "size": 10,
                    "padding": [
                        5,
                        5,
                        5,
                        5
                    ]
                },
                {
                    "type": "CheckBox",
                    "on_sound": "√.mp3",
                    "off_sound": "×.mp3",
                    "key": "show_ping",
                    "name": "网络延迟",
                    "color": "#6495ED",
                    "size": 10,
                    "padding": [
                        5,
                        5,
                        5,
                        5
                    ]
                },
                {
                    "type": "Switch",
                    "on_sound": "on.mp3",
                    "off_sound": "off.mp3",
                    "key": "show_health",
                    "name": "显示敌人血量",
                    "color": "#FFFFFF",
                    "gravity": [
                        "left"
                    ],
                    "size": 11,
                    "padding": [
                        5,
                        5,
                        5,
                        5
                    ]
                },
                {
                    "type": "RadioGroup",
                    "key": "health_mode",
                    "name": "显血模式",
                    "color": "#6495ED",
                    "size": 10,
                    "items": [
                        {
                            "key": "percentage",
                            "name": "百分比",
                            "color": "#6495ED",
                            "size": 10,
                            "checked": true
                        },
                        {
                            "key": "❤",
                            "name": "红心",
                            "color": "#6495ED",
                            "size": 10
                        },
                        {
                            "key": "❤x",
                            "name": "红心2",
                            "color": "#6495ED",
                            "size": 10
                        },
                        {
                            "key": "primary_data",
                            "name": "原始血量",
                            "color": "#6495ED",
                            "size": 10
                        }
                    ]
                },
                {
                    "type": "Switch",
                    "on_sound": "on.mp3",
                    "off_sound": "off.mp3",
                    "key": "show_tip",
                    "name": "显示功能信息",
                    "color": "#FFFFFF",
                    "checked": true,
                    "size": 12,
                    "padding": [
                        5,
                        5,
                        5,
                        5
                    ]
                },
                {
                    "type": "Switch",
                    "on_sound": "on.mp3",
                    "off_sound": "off.mp3",
                    "key": "show_death",
                    "name": "显示死亡信息",
                    "color": "#FFFFFF",
                    "gravity": [
                        "left"
                    ],
                    "size": 11,
                    "padding": [
                        5,
                        5,
                        5,
                        5
                    ]
                },
                {
                    "type": "Switch",
                    "on_sound": "on.mp3",
                    "off_sound": "off.mp3",
                    "key": "show_world_tip",
                    "name": "显示进出提示",
                    "color": "#FFFFFF",
                    "gravity": [
                        "left"
                    ],
                    "size": 11,
                    "padding": [
                        5,
                        5,
                        5,
                        5
                    ]
                },
                {
                    "type": "Switch",
                    "on_sound": "on.mp3",
                    "off_sound": "off.mp3",
                    "key": "show_target_list",
                    "name": "显示目标列表",
                    "color": "#FFFFFF",
                    "gravity": [
                        "left"
                    ],
                    "size": 11,
                    "padding": [
                        5,
                        5,
                        5,
                        5
                    ]
                },
                {
                    "type": "Switch",
                    "on_sound": "on.mp3",
                    "off_sound": "off.mp3",
                    "key": "rgb_tip",
                    "name": "RGB提示",
                    "color": "#FFFFFF",
                    "gravity": [
                        "left"
                    ],
                    "size": 11,
                    "padding": [
                        5,
                        5,
                        5,
                        5
                    ]
                },
                {
                    "type": "SeekBar",
                    "key": "rgb_cycle",
                    "format": "渐变周期: %dTick",
                    "color": "#6495ED",
                    "size": 10,
                    "padding": [
                        5,
                        5,
                        5,
                        5
                    ],
                    "value": 2,
                    "min": 1,
                    "max": 40
                }
            ]
        }
    ]
}