{
    "type": "Menu",
    "color": "#d2000000",
    "alpha": 0.95,
    "can_close": true,
    "title": {
        "name": "Auxiliary",
        "elevation": 0,
        "background": "#000000",
        "padding": [
            5,
            5,
            5,
            5
        ],
        "margins": [
            0,
            0,
            0,
            0
        ],
        "colors": [
            "#FFFFFF",
            "#FFFFFF"
        ]
    },
    "params": [
        -2,
        -2
    ],
    "padding": [
        3,
        0,
        3,
        0
    ],
    "margins": [
        0,
        0,
        0,
        0
    ],
    "show_dividers": true,
    "radius": 6,
    "hide": true,
    "items": [
        {
            "type": "TextView",
            "sound": "click.mp3",
            "name": "NoveXare",
            "color": "#FFFFFF",
            "size": 14,
            "padding": [
                5,
                5,
                5,
                5
            ],
            "tag": "fun_entity_event_manager",
            "items": [
                {
                    "type": "Switch",
                    "on_sound": "on.mp3",
                    "off_sound": "off.mp3",
                    "key": "godmode",
                    "name": "上帝模式",
                    "color": "#FFFFFF",
                    "gravity": [
                        "left"
                    ],
                    "size": 11,
                    "padding": [
                        5,
                        5,
                        5,
                        5
                    ]
                },
                {
                    "type": "RadioGroup",
                    "key": "godmode_mode",
                    "name": "GM模式",
                    "color": "#6495ED",
                    "size": 10,
                    "items": [
                        {
                            "key": "Motion",
                            "name": "移动值",
                            "color": "#6495ED",
                            "size": 10,
                            "checked": true
                        },
                        {
                            "key": "Pos",
                            "name": "坐标",
                            "color": "#6495ED",
                            "size": 10
                        },
                        {
                            "key": "Packet",
                            "name": "发包",
                            "color": "#6495ED",
                            "size": 10
                        }
                    ]
                },
                {
                    "type": "CheckBox",
                    "on_sound": "√.mp3",
                    "off_sound": "×.mp3",
                    "key": "tp_back",
                    "name": "传送回来",
                    "color": "#6495ED",
                    "size": 10,
                    "padding": [
                        5,
                        5,
                        5,
                        5
                    ],
                    "checked": true
                },
                {
                    "type": "CheckBox",
                    "on_sound": "√.mp3",
                    "off_sound": "×.mp3",
                    "key": "gm_xz",
                    "name": "包括水平",
                    "color": "#6495ED",
                    "size": 10,
                    "padding": [
                        5,
                        5,
                        5,
                        5
                    ]
                },
                {
                    "type": "CheckBox",
                    "on_sound": "√.mp3",
                    "off_sound": "×.mp3",
                    "key": "gm_local",
                    "name": "传送原地",
                    "color": "#6495ED",
                    "size": 10,
                    "padding": [
                        5,
                        5,
                        5,
                        5
                    ]
                },
                {
                    "type": "CheckBox",
                    "on_sound": "√.mp3",
                    "off_sound": "×.mp3",
                    "key": "gm_move",
                    "name": "仅移动",
                    "color": "#6495ED",
                    "size": 10,
                    "padding": [
                        5,
                        5,
                        5,
                        5
                    ]
                },
                {
                    "type": "CheckBox",
                    "on_sound": "√.mp3",
                    "off_sound": "×.mp3",
                    "key": "gm_ground",
                    "name": "仅在地面",
                    "color": "#6495ED",
                    "size": 10,
                    "padding": [
                        5,
                        5,
                        5,
                        5
                    ]
                },
                {
                    "type": "SeekBar",
                    "key": "gm_cycle",
                    "format": "周期: %dTick",
                    "color": "#6495ED",
                    "size": 10,
                    "padding": [
                        5,
                        5,
                        5,
                        5
                    ],
                    "value": 1,
                    "min": 0,
                    "max": 40
                },
                {
                    "type": "SeekBar",
                    "key": "gm_delay",
                    "format": "返回延迟: %dTick",
                    "color": "#6495ED",
                    "size": 10,
                    "padding": [
                        5,
                        5,
                        5,
                        5
                    ],
                    "value": 0,
                    "min": 0,
                    "max": 40
                },
                {
                    "type": "SeekBar",
                    "key": "gm_count",
                    "format": "传送次数: %d次",
                    "color": "#6495ED",
                    "size": 10,
                    "padding": [
                        5,
                        5,
                        5,
                        5
                    ],
                    "value": 5,
                    "min": 1,
                    "max": 10
                },
                {
                    "type": "SeekBar",
                    "key": "gm_y",
                    "format": "自定义Y: 1e%d\n0为不修改",
                    "color": "#6495ED",
                    "size": 10,
                    "padding": [
                        5,
                        5,
                        5,
                        5
                    ],
                    "value": 0,
                    "min": 0,
                    "max": 10
                },
                {
                    "type": "Switch",
                    "on_sound": "on.mp3",
                    "off_sound": "off.mp3",
                    "key": "fake_move",
                    "name": "伪装移动",
                    "color": "#FFFFFF",
                    "gravity": [
                        "left"
                    ],
                    "size": 11,
                    "padding": [
                        5,
                        5,
                        5,
                        5
                    ]
                },
                {
                    "type": "Switch",
                    "on_sound": "on.mp3",
                    "off_sound": "off.mp3",
                    "key": "night_vision",
                    "name": "夜视",
                    "color": "#FFFFFF",
                    "gravity": [
                        "left"
                    ],
                    "size": 11,
                    "padding": [
                        5,
                        5,
                        5,
                        5
                    ]
                },
                {
                    "type": "Switch",
                    "on_sound": "on.mp3",
                    "off_sound": "off.mp3",
                    "key": "remove_item",
                    "name": "移除掉落物",
                    "color": "#FFFFFF",
                    "gravity": [
                        "left"
                    ],
                    "size": 11,
                    "padding": [
                        5,
                        5,
                        5,
                        5
                    ]
                },
                {
                    "type": "Switch",
                    "on_sound": "on.mp3",
                    "off_sound": "off.mp3",
                    "key": "remove_notPlayer",
                    "name": "移除非玩家",
                    "color": "#FFFFFF",
                    "gravity": [
                        "left"
                    ],
                    "size": 11,
                    "padding": [
                        5,
                        5,
                        5,
                        5
                    ]
                },
                {
                    "type": "Switch",
                    "on_sound": "on.mp3",
                    "off_sound": "off.mp3",
                    "key": "remove_player",
                    "name": "移除玩家",
                    "color": "#FFFFFF",
                    "gravity": [
                        "left"
                    ],
                    "size": 11,
                    "padding": [
                        5,
                        5,
                        5,
                        5
                    ]
                },
                {
                    "type": "Switch",
                    "on_sound": "on.mp3",
                    "off_sound": "off.mp3",
                    "key": "respawn_local",
                    "name": "原地复活",
                    "color": "#FFFFFF",
                    "gravity": [
                        "left"
                    ],
                    "size": 11,
                    "padding": [
                        5,
                        5,
                        5,
                        5
                    ]
                },
                {
                    "type": "Switch",
                    "on_sound": "on.mp3",
                    "off_sound": "off.mp3",
                    "key": "open_shop",
                    "name": "资源商店",
                    "color": "#FFFFFF",
                    "gravity": [
                        "left"
                    ],
                    "size": 11,
                    "padding": [
                        5,
                        5,
                        5,
                        5
                    ]
                },
                {
                    "type": "Switch",
                    "on_sound": "on.mp3",
                    "off_sound": "off.mp3",
                    "key": "time_pause",
                    "name": "时间暂停",
                    "color": "#FFFFFF",
                    "gravity": [
                        "left"
                    ],
                    "size": 11,
                    "padding": [
                        5,
                        5,
                        5,
                        5
                    ]
                },
                {
                    "type": "Switch",
                    "on_sound": "on.mp3",
                    "off_sound": "off.mp3",
                    "key": "chat_suffix",
                    "name": "聊天后缀",
                    "color": "#FFFFFF",
                    "gravity": [
                        "left"
                    ],
                    "size": 11,
                    "padding": [
                        5,
                        5,
                        5,
                        5
                    ]
                },
                {
                    "type": "TextView",
                    "sound": "click.mp3",
                    "key": "edit_suffix",
                    "name": "编辑后缀",
                    "color": "#6495ED",
                    "size": 10,
                    "padding": [
                        5,
                        5,
                        5,
                        5
                    ]
                },
                {
                    "type": "Switch",
                    "on_sound": "on.mp3",
                    "off_sound": "off.mp3",
                    "key": "balance_timer",
                    "name": "平衡变速",
                    "color": "#FFFFFF",
                    "gravity": [
                        "left"
                    ],
                    "size": 11,
                    "padding": [
                        5,
                        5,
                        5,
                        5
                    ],
                    "shortcut": {
                        "type": "CheckedButton",
                        "params": [
                            48,
                            25
                        ],
                        "no_circle": true,
                        "off": "NoveXare/timer_off.png",
                        "on": "NoveXare/timer_on.png",
                        "icon": "NoveXare/timer_on.png"
                    }
                },
                {
                    "type": "TextView",
                    "sound": "click.mp3",
                    "key": "random_account",
                    "name": "随机上号",
                    "color": "#FFFFFF",
                    "gravity": [
                        "left"
                    ],
                    "size": 11,
                    "padding": [
                        5,
                        5,
                        5,
                        5
                    ]
                },
                {
                    "type": "TextView",
                    "sound": "click.mp3",
                    "key": "open_chest",
                    "name": "隔空开箱",
                    "color": "#FFFFFF",
                    "gravity": [
                        "left"
                    ],
                    "size": 11,
                    "padding": [
                        5,
                        5,
                        5,
                        5
                    ]
                },
                {
                    "type": "TextView",
                    "sound": "click.mp3",
                    "key": "EditY",
                    "name": "修改Y轴",
                    "color": "#FFFFFF",
                    "gravity": [
                        "left"
                    ],
                    "size": 11,
                    "padding": [
                        5,
                        5,
                        5,
                        5
                    ]
                },
                {
                    "type": "SeekBar",
                    "key": "Edit_Y",
                    "format": "Y轴高度 %d",
                    "color": "#6495ED",
                    "size": 10,
                    "padding": [
                        5,
                        5,
                        5,
                        5
                    ],
                    "value": 85,
                    "min": 0,
                    "max": 128
                },
                {
                    "type": "Switch",
                    "on_sound": "on.mp3",
                    "off_sound": "off.mp3",
                    "key": "anti_staff",
                    "name": "反协管",
                    "color": "#FFFFFF",
                    "gravity": [
                        "left"
                    ],
                    "size": 11,
                    "padding": [
                        5,
                        5,
                        5,
                        5
                    ]
                },
                {
                    "type": "RadioGroup",
                    "key": "anti_staff_mode",
                    "name": "服务器模式",
                    "color": "#6495ED",
                    "size": 10,
                    "items": [
                        {
                            "key": "HYT",
                            "name": "花雨庭",
                            "color": "#6495ED",
                            "size": 10,
                            "checked": true
                        },
                        {
                            "key": "EC",
                            "name": "EaseCation",
                            "color": "#6495ED",
                            "size": 10
                        },
                        {
                            "key": "Invisible",
                            "name": "隐身玩家",
                            "color": "#6495ED",
                            "size": 10
                        }
                    ]
                },
                {
                    "type": "RadioGroup",
                    "key": "anti_mode",
                    "name": "操作模式",
                    "color": "#6495ED",
                    "size": 10,
                    "items": [
                        {
                            "key": "Tip",
                            "name": "提示",
                            "color": "#6495ED",
                            "size": 10,
                            "checked": true
                        },
                        {
                            "key": "Hub",
                            "name": "退出",
                            "color": "#6495ED",
                            "size": 10
                        },
                        {
                            "key": "Again",
                            "name": "重开",
                            "color": "#6495ED",
                            "size": 10
                        }
                    ]
                },
                {
                    "type": "Switch",
                    "on_sound": "on.mp3",
                    "off_sound": "off.mp3",
                    "key": "auto_use",
                    "name": "自动使用手中物品",
                    "color": "#FFFFFF",
                    "gravity": [
                        "left"
                    ],
                    "size": 11,
                    "padding": [
                        5,
                        5,
                        5,
                        5
                    ],
                    "shortcut": {
                        "type": "CheckedButton",
                        "params": [
                            48,
                            25
                        ],
                        "no_circle": true,
                        "off": "NoveXare/use_off.png",
                        "on": "NoveXare/use_on.png",
                        "icon": "NoveXare/use_on.png"
                    }
                },
                {
                    "type": "SeekBar",
                    "key": "use_times",
                    "format": "使用倍数: %d倍",
                    "color": "#6495ED",
                    "size": 10,
                    "padding": [
                        5,
                        5,
                        5,
                        5
                    ],
                    "value": 1,
                    "min": 1,
                    "max": 20
                },
                {
                    "type": "Switch",
                    "on_sound": "on.mp3",
                    "off_sound": "off.mp3",
                    "key": "check_axe",
                    "name": "秒人斧检测",
                    "color": "#FFFFFF",
                    "gravity": [
                        "left"
                    ],
                    "size": 11,
                    "padding": [
                        5,
                        5,
                        5,
                        5
                    ]
                },
                {
                    "type": "Switch",
                    "on_sound": "on.mp3",
                    "off_sound": "off.mp3",
                    "key": "anti_touch",
                    "name": "防误触箱子",
                    "color": "#FFFFFF",
                    "gravity": [
                        "left"
                    ],
                    "size": 11,
                    "padding": [
                        5,
                        5,
                        5,
                        5
                    ]
                },
                {
                    "type": "Switch",
                    "on_sound": "on.mp3",
                    "off_sound": "off.mp3",
                    "key": "RunAway",
                    "name": "次元空间",
                    "color": "#FFFFFF",
                    "gravity": [
                        "left"
                    ],
                    "size": 11,
                    "padding": [
                        5,
                        5,
                        5,
                        5
                    ]
                },
                {
                    "type": "Switch",
                    "on_sound": "on.mp3",
                    "off_sound": "off.mp3",
                    "key": "drop_res",
                    "name": "下落丢资源",
                    "color": "#FFFFFF",
                    "gravity": [
                        "left"
                    ],
                    "size": 11,
                    "padding": [
                        5,
                        5,
                        5,
                        5
                    ]
                },
                {
                    "type": "SeekBar",
                    "key": "drop_motion",
                    "format": "下落移动值: %.2f",
                    "color": "#6495ED",
                    "size": 10,
                    "padding": [
                        5,
                        5,
                        5,
                        5
                    ],
                    "value": 1.30,
                    "min": 0.00,
                    "max": 3.00
                },
                {
                    "type": "Switch",
                    "on_sound": "on.mp3",
                    "off_sound": "off.mp3",
                    "key": "breaker",
                    "name": "持剑破坏",
                    "color": "#FFFFFF",
                    "gravity": [
                        "left"
                    ],
                    "size": 11,
                    "padding": [
                        5,
                        5,
                        5,
                        5
                    ]
                },
                {
                    "type": "CheckBox",
                    "on_sound": "√.mp3",
                    "off_sound": "×.mp3",
                    "key": "destroy_up",
                    "name": "破坏上方方块",
                    "color": "#6495ED",
                    "size": 10,
                    "padding": [
                        5,
                        5,
                        5,
                        5
                    ]
                },
                {
                    "type": "CheckBox",
                    "on_sound": "√.mp3",
                    "off_sound": "×.mp3",
                    "key": "break_bed",
                    "name": "床",
                    "color": "#6495ED",
                    "size": 10,
                    "checked": true,
                    "padding": [
                        5,
                        5,
                        5,
                        5
                    ]
                },
                {
                    "type": "CheckBox",
                    "on_sound": "√.mp3",
                    "off_sound": "×.mp3",
                    "key": "break_chest",
                    "name": "箱子",
                    "color": "#6495ED",
                    "size": 10,
                    "checked": true,
                    "padding": [
                        5,
                        5,
                        5,
                        5
                    ]
                },
                {
                    "type": "Switch",
                    "on_sound": "on.mp3",
                    "off_sound": "off.mp3",
                    "key": "fakelag",
                    "name": "伪延迟",
                    "color": "#FFFFFF",
                    "gravity": [
                        "left"
                    ],
                    "size": 11,
                    "padding": [
                        5,
                        5,
                        5,
                        5
                    ]
                },
                {
                    "type": "CheckBox",
                    "on_sound": "√.mp3",
                    "off_sound": "×.mp3",
                    "key": "reverse_lag",
                    "name": "反向延迟",
                    "color": "#6495ED",
                    "size": 10,
                    "padding": [
                        5,
                        5,
                        5,
                        5
                    ]
                },
                {
                    "type": "SeekBar",
                    "key": "lag_tick",
                    "format": "延迟: %dTick",
                    "color": "#6495ED",
                    "size": 10,
                    "padding": [
                        5,
                        5,
                        5,
                        5
                    ],
                    "value": 2,
                    "min": 1,
                    "max": 60
                },
                {
                    "type": "SeekBar",
                    "key": "lag_last_tick",
                    "format": "延迟持续时间: %dTick",
                    "color": "#6495ED",
                    "size": 10,
                    "padding": [
                        5,
                        5,
                        5,
                        5
                    ],
                    "value": 1,
                    "min": 1,
                    "max": 60
                },
                {
                    "type": "RadioGroup",
                    "key": "fakelag_mode",
                    "name": "延迟模式",
                    "color": "#6495ED",
                    "size": 10,
                    "items": [
                        {
                            "key": "All",
                            "name": "全部",
                            "color": "#6495ED",
                            "size": 10,
                            "checked": true
                        },
                        {
                            "key": "Move",
                            "name": "移动",
                            "color": "#6495ED",
                            "size": 10
                        },
                        {
                            "key": "receiveMove",
                            "name": "接受移动",
                            "color": "#6495ED",
                            "size": 10
                        }
                    ]
                },
                {
                    "type": "Switch",
                    "on_sound": "on.mp3",
                    "off_sound": "off.mp3",
                    "key": "auto_text",
                    "name": "自动发言",
                    "color": "#FFFFFF",
                    "gravity": [
                        "left"
                    ],
                    "size": 11,
                    "padding": [
                        5,
                        5,
                        5,
                        5
                    ]
                },
                {
                    "type": "TextView",
                    "sound": "click.mp3",
                    "key": "content",
                    "name": "编辑内容",
                    "color": "#6495ED",
                    "size": 10,
                    "padding": [
                        5,
                        5,
                        5,
                        5
                    ]
                },
                {
                    "type": "CheckBox",
                    "on_sound": "√.mp3",
                    "off_sound": "×.mp3",
                    "key": "auto_text_random",
                    "name": "随机字符串",
                    "color": "#6495ED",
                    "size": 10,
                    "padding": [
                        5,
                        5,
                        5,
                        5
                    ]
                },
                {
                    "type": "SeekBar",
                    "key": "auto_text_delay",
                    "format": "延迟: %ds",
                    "color": "#6495ED",
                    "size": 10,
                    "padding": [
                        5,
                        5,
                        5,
                        5
                    ],
                    "value": 1,
                    "min": 0,
                    "max": 60
                },
                {
                    "type": "SeekBar",
                    "key": "auto_text_num",
                    "format": "次数: %d条",
                    "color": "#6495ED",
                    "size": 10,
                    "padding": [
                        5,
                        5,
                        5,
                        5
                    ],
                    "value": 1,
                    "min": 1,
                    "max": 20
                },
                {
                    "type": "Switch",
                    "on_sound": "on.mp3",
                    "off_sound": "off.mp3",
                    "key": "kickaura",
                    "name": "崩溃光环",
                    "color": "#FFFFFF",
                    "gravity": [
                        "left"
                    ],
                    "size": 11,
                    "padding": [
                        5,
                        5,
                        5,
                        5
                    ]
                },
                {
                    "type": "TextView",
                    "sound": "click.mp3",
                    "key": "edit_kickaura",
                    "name": "编辑卡人文本",
                    "color": "#6495ED",
                    "size": 10,
                    "padding": [
                        5,
                        5,
                        5,
                        5
                    ]
                },
                {
                    "type": "SeekBar",
                    "key": "kickaura_repeat",
                    "format": "文本复制: %d次",
                    "color": "#6495ED",
                    "size": 10,
                    "padding": [
                        5,
                        5,
                        5,
                        5
                    ],
                    "value": 50,
                    "min": 1,
                    "max": 300
                },
                {
                    "type": "SeekBar",
                    "key": "kickaura_for",
                    "format": "遍历次数: %d次",
                    "color": "#6495ED",
                    "size": 10,
                    "padding": [
                        5,
                        5,
                        5,
                        5
                    ],
                    "value": 50,
                    "min": 1,
                    "max": 200
                },
                {
                    "type": "CheckBox",
                    "on_sound": "√.mp3",
                    "off_sound": "×.mp3",
                    "key": "kickaura_multi",
                    "name": "启用重复发包",
                    "color": "#6495ED",
                    "size": 10,
                    "checked": true,
                    "padding": [
                        5,
                        5,
                        5,
                        5
                    ]
                },
                {
                    "type": "SeekBar",
                    "key": "kickaura_times",
                    "format": "发包倍数: %d次",
                    "color": "#6495ED",
                    "size": 10,
                    "padding": [
                        5,
                        5,
                        5,
                        5
                    ],
                    "value": 500,
                    "min": 1,
                    "max": 2000
                },
                {
                    "type": "Switch",
                    "on_sound": "on.mp3",
                    "off_sound": "off.mp3",
                    "key": "crasher",
                    "name": "崩溃器",
                    "color": "#FFFFFF",
                    "gravity": [
                        "left"
                    ],
                    "size": 11,
                    "padding": [
                        5,
                        5,
                        5,
                        5
                    ]
                },
                {
                    "type": "RadioGroup",
                    "key": "crasher_mode",
                    "name": "崩溃模式",
                    "color": "#6495ED",
                    "size": 10,
                    "items": [
                        {
                            "key": "Server",
                            "name": "重复PyRpc",
                            "color": "#6495ED",
                            "size": 10,
                            "checked": true
                        },
                        {
                            "key": "ErrorPacket-0",
                            "name": "奇怪的包-Build",
                            "color": "#6495ED",
                            "size": 10
                        },
                        {
                            "key": "ErrorPacket-1",
                            "name": "奇怪的包-Destroy",
                            "color": "#6495ED",
                            "size": 10
                        },
                        {
                            "key": "CustomPyRpc",
                            "name": "自定义PyRpc",
                            "color": "#6495ED",
                            "size": 10
                        },
                        {
                            "key": "ManyText",
                            "name": "发送聊天",
                            "color": "#6495ED",
                            "size": 10
                        },
                        {
                            "key": "MultiTell",
                            "name": "大量Tell",
                            "color": "#6495ED",
                            "size": 10
                        },
                        {
                            "key": "ErrorRot",
                            "name": "非法视角值",
                            "color": "#6495ED",
                            "size": 10
                        },
                        {
                            "key": "EncryptChat",
                            "name": "跑路加密聊天",
                            "color": "#6495ED",
                            "size": 10
                        },
                        {
                            "key": "Sound",
                            "name": "音频",
                            "color": "#6495ED",
                            "size": 10
                        },
                        {
                            "key": "AttAck",
                            "name": "攻击",
                            "color": "#6495ED",
                            "size": 10
                        },
                        {
                            "key": "MovePacket",
                            "name": "移动包",
                            "color": "#6495ED",
                            "size": 10
                        }
                    ]
                },
                {
                    "type": "SeekBar",
                    "key": "crasher_for",
                    "format": "遍历次数: %d次",
                    "color": "#6495ED",
                    "size": 10,
                    "padding": [
                        5,
                        5,
                        5,
                        5
                    ],
                    "value": 50,
                    "min": 1,
                    "max": 200
                },
                {
                    "type": "CheckBox",
                    "on_sound": "√.mp3",
                    "off_sound": "×.mp3",
                    "key": "crasher_multi",
                    "name": "启用重复发包",
                    "color": "#6495ED",
                    "size": 10,
                    "checked": true,
                    "padding": [
                        5,
                        5,
                        5,
                        5
                    ]
                },
                {
                    "type": "SeekBar",
                    "key": "crasher_times",
                    "format": "发包倍数: %d次",
                    "color": "#6495ED",
                    "size": 10,
                    "padding": [
                        5,
                        5,
                        5,
                        5
                    ],
                    "value": 500,
                    "min": 1,
                    "max": 2000
                },
                {
                    "type": "Switch",
                    "on_sound": "on.mp3",
                    "off_sound": "off.mp3",
                    "key": "record_target",
                    "name": "目标信息记录",
                    "color": "#FFFFFF",
                    "gravity": [
                        "left"
                    ],
                    "size": 11,
                    "padding": [
                        5,
                        5,
                        5,
                        5
                    ]
                },
                {
                    "type": "CheckBox",
                    "on_sound": "√.mp3",
                    "off_sound": "×.mp3",
                    "key": "click_mode",
                    "name": "点击模式",
                    "color": "#6495ED",
                    "size": 10,
                    "padding": [
                        5,
                        5,
                        5,
                        5
                    ]
                },
                {
                    "type": "CheckBox",
                    "on_sound": "√.mp3",
                    "off_sound": "×.mp3",
                    "key": "save_to_file",
                    "name": "保存为文件",
                    "color": "#6495ED",
                    "size": 10,
                    "padding": [
                        5,
                        5,
                        5,
                        5
                    ]
                },
                {
                    "type": "Switch",
                    "on_sound": "on.mp3",
                    "off_sound": "off.mp3",
                    "key": "surround_sound",
                    "name": "8D音效",
                    "color": "#FFFFFF",
                    "gravity": [
                        "left"
                    ],
                    "size": 11,
                    "padding": [
                        5,
                        5,
                        5,
                        5
                    ]
                },
                {
                    "type": "TextView",
                    "sound": "click.mp3",
                    "key": "surround_sound_add",
                    "name": "类型ID + 1",
                    "color": "#6495ED",
                    "size": 10,
                    "padding": [
                        5,
                        5,
                        5,
                        5
                    ]
                },
                {
                    "type": "CheckBox",
                    "on_sound": "√.mp3",
                    "off_sound": "×.mp3",
                    "key": "surround_all",
                    "name": "全部玩家",
                    "color": "#6495ED",
                    "size": 10,
                    "checked": true,
                    "padding": [
                        5,
                        5,
                        5,
                        5
                    ]
                },
                {
                    "type": "CheckBox",
                    "on_sound": "√.mp3",
                    "off_sound": "×.mp3",
                    "key": "surround_all_entity",
                    "name": "全部实体",
                    "color": "#6495ED",
                    "size": 10,
                    "padding": [
                        5,
                        5,
                        5,
                        5
                    ]
                },
                {
                    "type": "CheckBox",
                    "on_sound": "√.mp3",
                    "off_sound": "×.mp3",
                    "key": "surround_exclude_self",
                    "name": "排除自己",
                    "color": "#6495ED",
                    "size": 10,
                    "padding": [
                        5,
                        5,
                        5,
                        5
                    ]
                },
                {
                    "type": "CheckBox",
                    "on_sound": "√.mp3",
                    "off_sound": "×.mp3",
                    "key": "surround_loop",
                    "name": "循环播放",
                    "color": "#6495ED",
                    "size": 10,
                    "padding": [
                        5,
                        5,
                        5,
                        5
                    ]
                },
                {
                    "type": "TextView",
                    "sound": "click.mp3",
                    "key": "surround_sound_type",
                    "name": "编辑音效类型",
                    "color": "#6495ED",
                    "size": 10,
                    "padding": [
                        5,
                        5,
                        5,
                        5
                    ]
                },
                {
                    "type": "TextView",
                    "sound": "click.mp3",
                    "key": "surround_sound_level",
                    "name": "编辑音效音调",
                    "color": "#6495ED",
                    "size": 10,
                    "padding": [
                        5,
                        5,
                        5,
                        5
                    ]
                },
                {
                    "type": "TextView",
                    "sound": "click.mp3",
                    "key": "addPlayPos",
                    "name": "添加播放坐标",
                    "color": "#6495ED",
                    "size": 10,
                    "padding": [
                        5,
                        5,
                        5,
                        5
                    ]
                },
                {
                    "type": "TextView",
                    "sound": "click.mp3",
                    "key": "delete_PlayPos",
                    "name": "清空播放坐标",
                    "color": "#6495ED",
                    "size": 10,
                    "padding": [
                        5,
                        5,
                        5,
                        5
                    ]
                },
                {
                    "type": "TextView",
                    "sound": "click.mp3",
                    "key": "load_sound",
                    "name": "加载音频文件",
                    "color": "#6495ED",
                    "size": 10,
                    "padding": [
                        5,
                        5,
                        5,
                        5
                    ]
                },
                {
                    "type": "TextView",
                    "sound": "click.mp3",
                    "key": "select_sound",
                    "name": "选择音频文件",
                    "color": "#6495ED",
                    "size": 10,
                    "padding": [
                        5,
                        5,
                        5,
                        5
                    ]
                },
                {
                    "type": "SeekBar",
                    "key": "surround_sound_distance",
                    "format": "环绕距离:%d",
                    "color": "#6495ED",
                    "size": 10,
                    "padding": [
                        5,
                        5,
                        5,
                        5
                    ],
                    "value": 1,
                    "min": 1,
                    "max": 10
                },
                {
                    "type": "SeekBar",
                    "key": "surround_sound_num",
                    "format": "播放次数:%d",
                    "color": "#6495ED",
                    "size": 10,
                    "padding": [
                        5,
                        5,
                        5,
                        5
                    ],
                    "value": 1,
                    "min": 1,
                    "max": 500
                },
                {
                    "type": "SeekBar",
                    "key": "surround_sound_vec",
                    "format": "播放倍速:%d",
                    "color": "#6495ED",
                    "size": 10,
                    "padding": [
                        5,
                        5,
                        5,
                        5
                    ],
                    "value": 1,
                    "min": 1,
                    "max": 10
                }
            ]
        }
    ]
}