{
    "type": "Menu",
    "color": "#d2000000",
    "alpha": 0.95,
    "can_close": true,
    "title": {
        "name": "Movement",
        "elevation": 0,
        "background": "#000000",
        "padding": [
            5,
            5,
            5,
            5
        ],
        "margins": [
            0,
            0,
            0,
            0
        ],
        "colors": [
            "#FFFFFF",
            "#FFFFFF"
        ]
    },
    "params": [
        -2,
        -2
    ],
    "padding": [
        3,
        0,
        3,
        0
    ],
    "margins": [
        0,
        0,
        0,
        0
    ],
    "show_dividers": true,
    "radius": 6,
    "hide": true,
    "items": [
        {
            "type": "TextView",
            "sound": "click.mp3",
            "name": "NoveXare",
            "color": "#FFFFFF",
            "size": 14,
            "padding": [
                5,
                5,
                5,
                5
            ],
            "tag": "fun_entity_event_manager",
            "items": [
                {
                    "type": "TextView",
                    "sound": "click.mp3",
                    "key": "look_tp",
                    "name": "传送目之所及",
                    "color": "#FFFFFF",
                    "gravity": [
                        "left"
                    ],
                    "size": 11,
                    "padding": [
                        5,
                        5,
                        5,
                        5
                    ]
                },
                {
                    "type": "RadioGroup",
                    "key": "look_tp_mode",
                    "name": "传送模式",
                    "color": "#6495ED",
                    "size": 10,
                    "items": [
                        {
                            "key": "Motion",
                            "name": "移动值",
                            "color": "#6495ED",
                            "size": 10,
                            "checked": true
                        },
                        {
                            "key": "Pos",
                            "name": "坐标",
                            "color": "#6495ED",
                            "size": 10
                        }
                    ]
                },
                {
                    "type": "TextView",
                    "sound": "click.mp3",
                    "key": "y_up",
                    "name": "上升",
                    "color": "#FFFFFF",
                    "gravity": [
                        "left"
                    ],
                    "size": 11,
                    "padding": [
                        5,
                        5,
                        5,
                        5
                    ]
                },
                {
                    "type": "TextView",
                    "sound": "click.mp3",
                    "key": "y_down",
                    "name": "下降",
                    "color": "#FFFFFF",
                    "gravity": [
                        "left"
                    ],
                    "size": 11,
                    "padding": [
                        5,
                        5,
                        5,
                        5
                    ]
                },
                {
                    "type": "SeekBar",
                    "key": "up_down_speed",
                    "format": "上下高度: %.2f",
                    "color": "#6495ED",
                    "size": 10,
                    "value": 1.00,
                    "min": 0.01,
                    "max": 5.00
                },
                {
                    "type": "TextView",
                    "sound": "click.mp3",
                    "key": "rush",
                    "name": "冲刺",
                    "color": "#FFFFFF",
                    "gravity": [
                        "left"
                    ],
                    "size": 11,
                    "padding": [
                        5,
                        5,
                        5,
                        5
                    ]
                },
                {
                    "type": "SeekBar",
                    "key": "rush_length",
                    "format": "冲刺远度:%d",
                    "color": "#6495ED",
                    "size": 10,
                    "value": 5,
                    "min": 1,
                    "max": 20
                },
                {
                    "type": "TextView",
                    "sound": "click.mp3",
                    "key": "tp_down",
                    "name": "向下传送",
                    "color": "#FFFFFF",
                    "gravity": [
                        "left"
                    ],
                    "size": 11,
                    "padding": [
                        5,
                        5,
                        5,
                        5
                    ]
                },
                {
                    "type": "Switch",
                    "on_sound": "on.mp3",
                    "off_sound": "off.mp3",
                    "key": "click_tp",
                    "name": "点击传送",
                    "color": "#FFFFFF",
                    "gravity": [
                        "left"
                    ],
                    "size": 11,
                    "padding": [
                        5,
                        5,
                        5,
                        5
                    ]
                },
                {
                    "type": "Switch",
                    "on_sound": "on.mp3",
                    "off_sound": "off.mp3",
                    "key": "keep_void",
                    "name": "卡空",
                    "color": "#FFFFFF",
                    "gravity": [
                        "left"
                    ],
                    "size": 11,
                    "padding": [
                        5,
                        5,
                        5,
                        5
                    ]
                },
                {
                    "type": "Switch",
                    "on_sound": "on.mp3",
                    "off_sound": "off.mp3",
                    "key": "noclip",
                    "name": "穿透飞行",
                    "color": "#FFFFFF",
                    "gravity": [
                        "left"
                    ],
                    "size": 11,
                    "padding": [
                        5,
                        5,
                        5,
                        5
                    ]
                },
                {
                    "type": "Switch",
                    "on_sound": "on.mp3",
                    "off_sound": "off.mp3",
                    "key": "safewalk",
                    "name": "安全行走",
                    "color": "#FFFFFF",
                    "gravity": [
                        "left"
                    ],
                    "size": 11,
                    "padding": [
                        5,
                        5,
                        5,
                        5
                    ]
                },
                {
                    "type": "Switch",
                    "on_sound": "on.mp3",
                    "off_sound": "off.mp3",
                    "key": "jesus",
                    "name": "水上漂",
                    "color": "#FFFFFF",
                    "gravity": [
                        "left"
                    ],
                    "size": 11,
                    "padding": [
                        5,
                        5,
                        5,
                        5
                    ]
                },
                {
                    "type": "Switch",
                    "on_sound": "on.mp3",
                    "off_sound": "off.mp3",
                    "key": "no_water_slowdown",
                    "name": "无视水流减速",
                    "color": "#FFFFFF",
                    "gravity": [
                        "left"
                    ],
                    "size": 11,
                    "padding": [
                        5,
                        5,
                        5,
                        5
                    ]
                },
                {
                    "type": "Switch",
                    "on_sound": "on.mp3",
                    "off_sound": "off.mp3",
                    "key": "better_jump",
                    "name": "更好的跳跃",
                    "color": "#FFFFFF",
                    "gravity": [
                        "left"
                    ],
                    "size": 11,
                    "padding": [
                        5,
                        5,
                        5,
                        5
                    ]
                },
                {
                    "type": "Switch",
                    "on_sound": "on.mp3",
                    "off_sound": "off.mp3",
                    "key": "auto_speed",
                    "name": "速度",
                    "color": "#FFFFFF",
                    "gravity": [
                        "left"
                    ],
                    "size": 11,
                    "padding": [
                        5,
                        5,
                        5,
                        5
                    ],
                    "shortcut": {
                        "type": "CheckedButton",
                        "params": [
                            48,
                            25
                        ],
                        "no_circle": true,
                        "off": "NoveXare/speed_off.png",
                        "on": "NoveXare/speed_on.png",
                        "icon": "NoveXare/speed_on.png"
                    }
                },
                {
                    "type": "CheckBox",
                    "key": "bhop",
                    "name": "BunnyHop",
                    "color": "#6495ED",
                    "size": 10,
                    "padding": [
                        5,
                        5,
                        5,
                        5
                    ]
                },
                {
                    "type": "SeekBar",
                    "key": "bhop_heigh",
                    "format": "Bhop高度: %.2f",
                    "color": "#6495ED",
                    "size": 10,
                    "padding": [
                        5,
                        5,
                        5,
                        5
                    ],
                    "value": 0.40,
                    "min": 0.00,
                    "max": 1.00
                },
                {
                    "type": "SeekBar",
                    "key": "bhop_speed",
                    "format": "速度 %d",
                    "color": "#6495ED",
                    "size": 10,
                    "padding": [
                        5,
                        5,
                        5,
                        5
                    ],
                    "value": 5,
                    "min": 1,
                    "max": 30
                },
                {
                    "type": "Switch",
                    "on_sound": "on.mp3",
                    "off_sound": "off.mp3",
                    "key": "fly",
                    "name": "飞行",
                    "color": "#FFFFFF",
                    "gravity": [
                        "left"
                    ],
                    "size": 11,
                    "padding": [
                        5,
                        5,
                        5,
                        5
                    ],
                    "shortcut": {
                        "type": "CheckedButton",
                        "params": [
                            48,
                            25
                        ],
                        "no_circle": true,
                        "off": "NoveXare/fly_off.png",
                        "on": "NoveXare/fly_on.png",
                        "icon": "NoveXare/fly_on.png"
                    }
                },
                {
                    "type": "CheckBox",
                    "on_sound": "√.mp3",
                    "off_sound": "×.mp3",
                    "key": "fly_up_down",
                    "name": "蛇形飞行",
                    "color": "#6495ED",
                    "size": 10,
                    "padding": [
                        5,
                        5,
                        5,
                        5
                    ]
                },
                {
                    "type": "CheckBox",
                    "on_sound": "√.mp3",
                    "off_sound": "×.mp3",
                    "key": "fly_run",
                    "name": "疾跑飞行",
                    "color": "#6495ED",
                    "size": 10,
                    "padding": [
                        5,
                        5,
                        5,
                        5
                    ]
                },
                {
                    "type": "CheckBox",
                    "on_sound": "√.mp3",
                    "off_sound": "×.mp3",
                    "key": "fly_mot",
                    "name": "移动值归零",
                    "color": "#6495ED",
                    "size": 10,
                    "checked": true,
                    "padding": [
                        5,
                        5,
                        5,
                        5
                    ]
                },
                {
                    "type": "CheckBox",
                    "on_sound": "√.mp3",
                    "off_sound": "×.mp3",
                    "key": "fly_only_fly",
                    "name": "移动飞行",
                    "color": "#6495ED",
                    "size": 10,
                    "padding": [
                        5,
                        5,
                        5,
                        5
                    ]
                },
                {
                    "type": "CheckBox",
                    "on_sound": "√.mp3",
                    "off_sound": "×.mp3",
                    "key": "fly_block",
                    "name": "判断方块",
                    "color": "#6495ED",
                    "size": 10,
                    "padding": [
                        5,
                        5,
                        5,
                        5
                    ]
                },
                {
                    "type": "CheckBox",
                    "on_sound": "√.mp3",
                    "off_sound": "×.mp3",
                    "key": "fly_includeY",
                    "name": "仅Y轴",
                    "color": "#6495ED",
                    "size": 10,
                    "padding": [
                        5,
                        5,
                        5,
                        5
                    ]
                },
                {
                    "type": "RadioGroup",
                    "key": "fly_mode",
                    "name": "移动模式",
                    "color": "#6495ED",
                    "size": 10,
                    "items": [
                        {
                            "key": "Pos",
                            "name": "坐标",
                            "color": "#6495ED",
                            "size": 10,
                            "checked": true
                        },
                        {
                            "key": "Motion",
                            "name": "移动值",
                            "color": "#6495ED",
                            "size": 10
                        }
                    ]
                },
                {
                    "type": "SeekBar",
                    "key": "fly_speed",
                    "format": "速度: %d",
                    "color": "#6495ED",
                    "size": 10,
                    "padding": [
                        5,
                        5,
                        5,
                        5
                    ],
                    "value": 20,
                    "min": 1,
                    "max": 60
                },
                {
                    "type": "SeekBar",
                    "key": "fly_set_ud",
                    "format": "上下高度: %d",
                    "color": "#6495ED",
                    "size": 10,
                    "padding": [
                        5,
                        5,
                        5,
                        5
                    ],
                    "value": 10,
                    "min": 0,
                    "max": 30
                },
                {
                    "type": "Switch",
                    "on_sound": "on.mp3",
                    "off_sound": "off.mp3",
                    "key": "auto_sprint",
                    "name": "自动冲刺",
                    "color": "#FFFFFF",
                    "gravity": [
                        "left"
                    ],
                    "size": 11,
                    "padding": [
                        5,
                        5,
                        5,
                        5
                    ],
                    "shortcut": {
                        "type": "CheckedButton",
                        "params": [
                            48,
                            25
                        ],
                        "no_circle": true,
                        "off": "NoveXare/sprint_off.png",
                        "on": "NoveXare/sprint_on.png",
                        "icon": "NoveXare/sprint_on.png"
                    }
                },
                {
                    "type": "CheckBox",
                    "on_sound": "√.mp3",
                    "off_sound": "×.mp3",
                    "key": "throw_wall",
                    "name": "穿墙",
                    "color": "#6495ED",
                    "size": 10
                },
                {
                    "type": "CheckBox",
                    "on_sound": "√.mp3",
                    "off_sound": "×.mp3",
                    "key": "move_fly",
                    "name": "移动飞行",
                    "color": "#6495ED",
                    "size": 10
                },
                {
                    "type": "CheckBox",
                    "on_sound": "√.mp3",
                    "off_sound": "×.mp3",
                    "key": "sprint_horizontal",
                    "name": "水平移动",
                    "color": "#6495ED",
                    "size": 10
                },
                {
                    "type": "RadioGroup",
                    "key": "sprint_mode",
                    "name": "移动模式",
                    "color": "#6495ED",
                    "size": 10,
                    "items": [
                        {
                            "key": "Pos",
                            "name": "坐标",
                            "color": "#6495ED",
                            "size": 10,
                            "checked": true
                        },
                        {
                            "key": "Motion",
                            "name": "移动值",
                            "color": "#6495ED",
                            "size": 10
                        }
                    ]
                },
                {
                    "type": "SeekBar",
                    "key": "sprint_speed",
                    "format": "速度: %d",
                    "color": "#6495ED",
                    "size": 10,
                    "value": 12,
                    "min": 1,
                    "max": 60
                },
                {
                    "type": "Switch",
                    "on_sound": "on.mp3",
                    "off_sound": "off.mp3",
                    "key": "lagback",
                    "name": "虚空回弹",
                    "color": "#FFFFFF",
                    "gravity": [
                        "left"
                    ],
                    "size": 11,
                    "padding": [
                        5,
                        5,
                        5,
                        5
                    ],
                    "shortcut": {
                        "type": "CheckedButton",
                        "params": [
                            48,
                            25
                        ],
                        "no_circle": true,
                        "off": "NoveXare/lagback_off.png",
                        "on": "NoveXare/lagback_on.png",
                        "icon": "NoveXare/lagback_on.png"
                    }
                },
                {
                    "type": "CheckBox",
                    "key": "lagback_derp",
                    "name": "拉回旋转",
                    "color": "#6495ED",
                    "size": 10,
                    "padding": [
                        5,
                        5,
                        5,
                        5
                    ]
                },
                {
                    "type": "SeekBar",
                    "key": "lagback_y",
                    "format": "最小移动值:%.2f",
                    "color": "#6495ED",
                    "size": 10,
                    "padding": [
                        5,
                        5,
                        5,
                        5
                    ],
                    "value": 0.80,
                    "min": 0.10,
                    "max": 3.00
                },
                {
                    "type": "Switch",
                    "on_sound": "on.mp3",
                    "off_sound": "off.mp3",
                    "key": "freecam",
                    "name": "灵魂出窍",
                    "color": "#FFFFFF",
                    "gravity": [
                        "left"
                    ],
                    "size": 11,
                    "padding": [
                        5,
                        5,
                        5,
                        5
                    ],
                    "shortcut": {
                        "type": "CheckedButton",
                        "params": [
                            48,
                            25
                        ],
                        "no_circle": true,
                        "off": "NoveXare/freecam_off.png",
                        "on": "NoveXare/freecam_on.png",
                        "icon": "NoveXare/freecam_on.png"
                    }
                },
                {
                    "type": "RadioGroup",
                    "key": "freecam_mode",
                    "name": "停止发包模式",
                    "color": "#6495ED",
                    "size": 10,
                    "items": [
                        {
                            "key": "All",
                            "name": "全部",
                            "color": "#6495ED",
                            "size": 10,
                            "checked": true
                        },
                        {
                            "key": "Move",
                            "name": "移动",
                            "color": "#6495ED",
                            "size": 10
                        },
                        {
                            "key": "AntiCheat",
                            "name": "网易反作弊",
                            "color": "#6495ED",
                            "size": 10
                        }
                    ]
                },
                {
                    "type": "CheckBox",
                    "on_sound": "√.mp3",
                    "off_sound": "×.mp3",
                    "key": "freecam_show",
                    "name": "绘制本体",
                    "color": "#6495ED",
                    "size": 10,
                    "padding": [
                        5,
                        5,
                        5,
                        5
                    ]
                },
                {
                    "type": "CheckBox",
                    "on_sound": "√.mp3",
                    "off_sound": "×.mp3",
                    "key": "freecam_dis",
                    "name": "显示本体距离",
                    "color": "#6495ED",
                    "size": 10,
                    "padding": [
                        5,
                        5,
                        5,
                        5
                    ]
                },
                {
                    "type": "Switch",
                    "on_sound": "on.mp3",
                    "off_sound": "off.mp3",
                    "key": "flexibleMove",
                    "name": "原子运动",
                    "color": "#FFFFFF",
                    "gravity": [
                        "left"
                    ],
                    "size": 11,
                    "padding": [
                        5,
                        5,
                        5,
                        5
                    ]
                },
                {
                    "type": "SeekBar",
                    "key": "flexibleMove_speed",
                    "format": "速度:%d",
                    "color": "#6495ED",
                    "size": 10,
                    "padding": [
                        5,
                        5,
                        5,
                        5
                    ],
                    "value": 5,
                    "min": 1,
                    "max": 30
                },
                {
                    "type": "Switch",
                    "on_sound": "on.mp3",
                    "off_sound": "off.mp3",
                    "key": "longjump",
                    "name": "长跳",
                    "color": "#FFFFFF",
                    "gravity": [
                        "left"
                    ],
                    "size": 11,
                    "padding": [
                        5,
                        5,
                        5,
                        5
                    ]
                },
                {
                    "type": "SeekBar",
                    "key": "longjump_x",
                    "format": "远度:%d",
                    "color": "#6495ED",
                    "size": 10,
                    "padding": [
                        5,
                        5,
                        5,
                        5
                    ],
                    "value": 5,
                    "min": 1,
                    "max": 20
                },
                {
                    "type": "SeekBar",
                    "key": "longjump_y",
                    "format": "高度:%.2f",
                    "color": "#6495ED",
                    "size": 10,
                    "padding": [
                        5,
                        5,
                        5,
                        5
                    ],
                    "value": 0.50,
                    "min": 0.01,
                    "max": 1.00
                },
                {
                    "type": "Switch",
                    "on_sound": "on.mp3",
                    "off_sound": "off.mp3",
                    "key": "auto_jump",
                    "name": "自动跳跃",
                    "color": "#FFFFFF",
                    "gravity": [
                        "left"
                    ],
                    "size": 11,
                    "padding": [
                        5,
                        5,
                        5,
                        5
                    ]
                },
                {
                    "type": "SeekBar",
                    "key": "jump_strength",
                    "format": "跳跃高度: %d",
                    "color": "#6495ED",
                    "size": 10,
                    "padding": [
                        5,
                        5,
                        5,
                        5
                    ],
                    "value": 42,
                    "min": 0,
                    "max": 100
                },
                {
                    "type": "Switch",
                    "on_sound": "on.mp3",
                    "off_sound": "off.mp3",
                    "key": "slowdown",
                    "name": "缓降",
                    "color": "#FFFFFF",
                    "gravity": [
                        "left"
                    ],
                    "size": 11,
                    "padding": [
                        5,
                        5,
                        5,
                        5
                    ]
                },
                {
                    "type": "SeekBar",
                    "key": "slowdown_speed",
                    "format": "下落速度: %d",
                    "color": "#FFFFFF",
                    "size": 10,
                    "padding": [
                        5,
                        5,
                        5,
                        5
                    ],
                    "value": 5,
                    "min": 1,
                    "max": 20
                },
                {
                    "type": "Switch",
                    "on_sound": "on.mp3",
                    "off_sound": "off.mp3",
                    "key": "airjump",
                    "name": "自动踏空",
                    "color": "#FFFFFF",
                    "gravity": [
                        "left"
                    ],
                    "size": 11,
                    "padding": [
                        5,
                        5,
                        5,
                        5
                    ]
                },
                {
                    "type": "SeekBar",
                    "key": "jump_length",
                    "format": "速度: %d",
                    "color": "#6495ED",
                    "size": 10,
                    "padding": [
                        5,
                        5,
                        5,
                        5
                    ],
                    "value": 5,
                    "min": 0,
                    "max": 20
                }
            ]
        },
        {
            "type": "Switch",
            "on_sound": "on.mp3",
            "off_sound": "off.mp3",
            "name": "显示摇杆",
            "color": "#FFFFFF",
            "size": 11,
            "padding": [
                5,
                0,
                5,
                0
            ],
            "tag": "fun_ride_flying",
            "items": [
                {
                    "type": "CheckBox",
                    "on_sound": "√.mp3",
                    "off_sound": "×.mp3",
                    "key": "rocker",
                    "name": "启用功能",
                    "color": "#6495ED",
                    "size": 10,
                    "padding": [
                        5,
                        5,
                        5,
                        5
                    ]
                },
                {
                    "type": "CheckBox",
                    "on_sound": "√.mp3",
                    "off_sound": "×.mp3",
                    "key": "targetStrafe",
                    "name": "环绕攻击",
                    "color": "#6495ED",
                    "size": 10,
                    "padding": [
                        5,
                        5,
                        5,
                        5
                    ]
                },
                {
                    "type": "CheckBox",
                    "on_sound": "√.mp3",
                    "off_sound": "×.mp3",
                    "key": "targetStrafe_relative",
                    "name": "相对移动",
                    "color": "#6495ED",
                    "size": 10,
                    "padding": [
                        5,
                        5,
                        5,
                        5
                    ],
                    "checked": true
                },
                {
                    "type": "CheckBox",
                    "on_sound": "√.mp3",
                    "off_sound": "×.mp3",
                    "key": "imitateMove",
                    "name": "模拟正常移动",
                    "color": "#6495ED",
                    "size": 10,
                    "padding": [
                        5,
                        5,
                        5,
                        5
                    ]
                },
                {
                    "type": "CheckBox",
                    "on_sound": "√.mp3",
                    "off_sound": "×.mp3",
                    "key": "boostSpeed",
                    "name": "移动加速",
                    "color": "#6495ED",
                    "size": 10,
                    "padding": [
                        5,
                        5,
                        5,
                        5
                    ]
                },
                {
                    "type": "RadioGroup",
                    "key": "move_mode",
                    "name": "移动速度",
                    "color": "#6495ED",
                    "size": 10,
                    "items": [
                        {
                            "key": "move",
                            "name": "行走",
                            "color": "#6495ED",
                            "size": 10,
                            "checked": true
                        },
                        {
                            "key": "sprint",
                            "name": "疾跑",
                            "color": "#6495ED",
                            "size": 10
                        }
                    ]
                },
                {
                    "type": "CheckBox",
                    "on_sound": "√.mp3",
                    "off_sound": "×.mp3",
                    "key": "rocker_bhop",
                    "name": "BunnyHop",
                    "color": "#6495ED",
                    "size": 10,
                    "padding": [
                        5,
                        5,
                        5,
                        5
                    ]
                },
                {
                    "type": "CheckBox",
                    "on_sound": "√.mp3",
                    "off_sound": "×.mp3",
                    "key": "rocker_ahop",
                    "name": "AirHop",
                    "color": "#6495ED",
                    "size": 10,
                    "padding": [
                        5,
                        5,
                        5,
                        5
                    ]
                },
                {
                    "type": "RadioGroup",
                    "key": "rocker_mode",
                    "name": "移动模式",
                    "color": "#6495ED",
                    "size": 10,
                    "items": [
                        {
                            "key": "motion",
                            "name": "移动值",
                            "color": "#6495ED",
                            "size": 10,
                            "checked": true
                        },
                        {
                            "key": "pos",
                            "name": "坐标",
                            "color": "#6495ED",
                            "size": 10
                        }
                    ]
                },
                {
                    "type": "SeekBar",
                    "key": "rocker_bhop_heigh",
                    "format": "跳跃高度: %.2f",
                    "color": "#6495ED",
                    "size": 10,
                    "padding": [
                        5,
                        5,
                        5,
                        5
                    ],
                    "value": 0.42,
                    "min": 0.00,
                    "max": 1.00
                },
                {
                    "type": "SeekBar",
                    "key": "rocker_speed",
                    "format": "移动速度 %d",
                    "color": "#6495ED",
                    "size": 10,
                    "padding": [
                        5,
                        5,
                        5,
                        5
                    ],
                    "value": 8,
                    "min": 1,
                    "max": 30
                },
                {
                    "type": "SeekBar",
                    "key": "targetStrafe_distance",
                    "format": "环绕距离 %.2f",
                    "color": "#6495ED",
                    "size": 10,
                    "padding": [
                        5,
                        5,
                        5,
                        5
                    ],
                    "value": 1.5,
                    "min": 0.5,
                    "max": 5.0
                },
                {
                    "type": "SeekBar",
                    "key": "targetStrafe_range",
                    "format": "摇杆范围 ±%d",
                    "color": "#6495ED",
                    "size": 10,
                    "padding": [
                        5,
                        5,
                        5,
                        5
                    ],
                    "value": 180,
                    "min": 0,
                    "max": 180
                }
            ]
        }
    ]
}