{
    "type": "Menu",
    "color": "#d2000000",
    "alpha": 0.95,
    "can_close": true,
    "title": {
        "name": "Movement",
        "elevation": 0,
        "background": "#000000",
        "padding": [
            5,
            5,
            5,
            5
        ],
        "margins": [
            0,
            0,
            0,
            0
        ],
        "colors": [
            "#FFFFFF",
            "#FFFFFF"
        ]
    },
    "params": [
        -2,
        -2
    ],
    "padding": [
        3,
        0,
        3,
        0
    ],
    "margins": [
        0,
        0,
        0,
        0
    ],
    "show_dividers": true,
    "radius": 6,
    "hide": true,
    "items": [
        {
            "type": "Switch",
            "name": "使用物品不减速",
            "color": "#FFFFFF",
            "gravity": [
                "left"
            ],
            "size": 10,
            "padding": [
                5,
                5,
                5,
                5
            ],
            "tag": "fun_no_slow_down",
            "items": [
                {
                    "type": "SeekBar",
                    "key": "speed",
                    "format": "补偿速度%.2f",
                    "color": "#6495ED",
                    "size": 8,
                    "padding": [
                        0,
                        0,
                        0,
                        0
                    ],
                    "value": 0.2,
                    "min": 0.1,
                    "max": 1.0
                }
            ]
        },
        {
            "type": "Switch",
            "on_sound": "on.mp3",
            "off_sound": "off.mp3",
            "name": "踏空",
            "color": "#FFFFFF",
            "gravity": [
                "left"
            ],
            "size": 10,
            "padding": [
                5,
                5,
                5,
                5
            ],
            "tag": "fun_air_jump",
            "shortcut": {
                "type": "CheckedButton",
                "params": [
                    65,
                    65
                ],
                "no_circle": true,
                "off": "close/踏空.png",
                "on": "open/踏空.png",
                "icon": "close/踏空.png"
            },
            "items": [
                {
                    "type": "CheckBox",
                    "key": "auto_jump",
                    "name": "自动跳跃",
                    "color": "#6495ED",
                    "size": 8
                }
            ]
        },
        {
            "type": "Switch",
            "on_sound": "on.mp3",
            "off_sound": "off.mp3",
            "name": "冲刺",
            "color": "#FFFFFF",
            "gravity": [
                "left"
            ],
            "size": 10,
            "padding": [
                5,
                5,
                5,
                5
            ],
            "tag": "fun_air_sprint",
            "shortcut": {
                "type": "CheckedButton",
                "params": [
                    65,
                    65
                ],
                "no_circle": true,
                "off": "close/冲刺.png",
                "on": "open/冲刺.png",
                "icon": "close/冲刺.png"
            },
            "items": [
                {
                    "type": "SeekBar",
                    "key": "move_speed",
                    "format": "移动速度%.2f",
                    "color": "#6495ED",
                    "size": 8,
                    "padding": [
                        0,
                        0,
                        0,
                        0
                    ],
                    "value": 1.1,
                    "min": 0.1,
                    "max": 50.0
                },
                {
                    "type": "SeekBar",
                    "key": "up_down_speed",
                    "format": "上下速度%.2f",
                    "color": "#6495ED",
                    "size": 8,
                    "padding": [
                        0,
                        0,
                        0,
                        0
                    ],
                    "value": 2.0,
                    "min": 0.1,
                    "max": 50.0
                }
            ]
        },
        {
            "type": "Switch",
            "on_sound": "on.mp3",
            "off_sound": "off.mp3",
            "name": "点击传送",
            "color": "#FFFFFF",
            "gravity": [
                "left"
            ],
            "size": 10,
            "padding": [
                5,
                5,
                5,
                5
            ],
            "tag": "fun_click_teleport"
        },
        {
            "type": "Switch",
            "on_sound": "on.mp3",
            "off_sound": "off.mp3",
            "name": "无蛛网减速",
            "color": "#FFFFFF",
            "gravity": [
                "left"
            ],
            "size": 10,
            "padding": [
                5,
                5,
                5,
                5
            ],
            "tag": "fun_no_web"
        },
        {
            "type": "Switch",
            "on_sound": "on.mp3",
            "off_sound": "off.mp3",
            "name": "自动疾跑",
            "color": "#FFFFFF",
            "gravity": [
                "left"
            ],
            "size": 10,
            "padding": [
                5,
                5,
                5,
                5
            ],
            "tag": "fun_auto_sprint",
            "items": [
                {
                    "type": "CheckBox",
                    "key": "extra_speed",
                    "name": "额外加速",
                    "color": "#6495ED",
                    "size": 8
                },
                {
                    "type": "SeekBar",
                    "key": "speed",
                    "format": "疾跑速度 %.2f",
                    "color": "#6495ED",
                    "size": 8,
                    "padding": [
                        0,
                        0,
                        0,
                        0
                    ],
                    "value": 3.0,
                    "min": 0.1,
                    "max": 20.0
                }
            ]
        },
        {
            "type": "Switch",
            "on_sound": "on.mp3",
            "off_sound": "off.mp3",
            "name": "虚空回弹",
            "color": "#FFFFFF",
            "gravity": [
                "left"
            ],
            "size": 10,
            "padding": [
                5,
                5,
                5,
                5
            ],
            "tag": "fun_anti_void",
            "items": [
                {
                    "type": "SeekBar",
                    "key": "speed",
                    "format": "回弹最小速度 %.2f",
                    "color": "#6495ED",
                    "size": 8,
                    "padding": [
                        0,
                        0,
                        0,
                        0
                    ],
                    "value": 1.5,
                    "min": 0.1,
                    "max": 5.0
                }
            ]
        },
        {
            "type": "Switch",
            "on_sound": "on.mp3",
            "off_sound": "off.mp3",
            "name": "坐骑飞行",
            "color": "#FFFFFF",
            "gravity": [
                "left"
            ],
            "size": 10,
            "padding": [
                5,
                5,
                5,
                5
            ],
            "tag": "fun_ride_flying",
            "items": [
                {
                    "type": "CheckBox",
                    "on_sound": "√.mp3",
                    "off_sound": "×.mp3",
                    "key": "no_clip",
                    "name": "允许穿墙",
                    "color": "#6495ED",
                    "size": 8
                },
                {
                    "type": "CheckBox",
                    "on_sound": "√.mp3",
                    "off_sound": "×.mp3",
                    "key": "no_move",
                    "name": "灵魂出窍",
                    "color": "#6495ED",
                    "size": 8
                },
                {
                    "type": "CheckBox",
                    "key": "update_chunk",
                    "on_sound": "√.mp3",
                    "off_sound": "×.mp3",
                    "name": "更新区块",
                    "color": "#6495ED",
                    "size": 8
                },
                {
                    "type": "SeekBar",
                    "key": "move_speed",
                    "format": "移动速度%.2f",
                    "color": "#6495ED",
                    "size": 8,
                    "padding": [
                        0,
                        0,
                        0,
                        0
                    ],
                    "value": 4.0,
                    "min": 0.1,
                    "max": 20.0
                },
                {
                    "type": "SeekBar",
                    "key": "up_down_speed",
                    "format": "上下速度%.2f",
                    "color": "#6495ED",
                    "size": 8,
                    "padding": [
                        0,
                        0,
                        0,
                        0
                    ],
                    "value": 3.5,
                    "min": 0.1,
                    "max": 20.0
                }
            ]
        },
        {
            "type": "Switch",
            "on_sound": "on.mp3",
            "off_sound": "off.mp3",
            "name": "高跳",
            "color": "#FFFFFF",
            "gravity": [
                "left"
            ],
            "size": 10,
            "padding": [
                5,
                5,
                5,
                5
            ],
            "tag": "fun_jump_high",
            "items": [
                {
                    "type": "SeekBar",
                    "key": "val",
                    "format": "高度:%.2f",
                    "color": "#6495ED",
                    "size": 8,
                    "padding": [
                        0,
                        0,
                        0,
                        0
                    ],
                    "value": 0.75,
                    "min": 0.1,
                    "max": 5.0
                }
            ]
        },
        {
            "type": "Switch",
            "on_sound": "on.mp3",
            "off_sound": "off.mp3",
            "name": "移动跳跃",
            "color": "#FFFFFF",
            "gravity": [
                "left"
            ],
            "size": 10,
            "padding": [
                5,
                5,
                5,
                5
            ],
            "tag": "fun_move_jump"
        },
        {
            "type": "Switch",
            "on_sound": "on.mp3",
            "off_sound": "off.mp3",
            "name": "锁定滑翔",
            "color": "#FFFFFF",
            "gravity": [
                "left"
            ],
            "size": 10,
            "padding": [
                5,
                5,
                5,
                5
            ],
            "tag": "fun_gliding"
        },
        {
            "type": "Switch",
            "on_sound": "on.mp3",
            "off_sound": "off.mp3",
            "name": "锁定游泳",
            "color": "#FFFFFF",
            "gravity": [
                "left"
            ],
            "size": 10,
            "padding": [
                5,
                5,
                5,
                5
            ],
            "tag": "fun_swimming"
        },
        {
            "type": "Switch",
            "on_sound": "on.mp3",
            "off_sound": "off.mp3",
            "name": "自动前进",
            "color": "#FFFFFF",
            "gravity": [
                "left"
            ],
            "size": 10,
            "padding": [
                5,
                5,
                5,
                5
            ],
            "tag": "fun_auto_forward"
        },
        {
            "type": "Switch",
            "on_sound": "on.mp3",
            "off_sound": "off.mp3",
            "name": "自动爬梯",
            "color": "#FFFFFF",
            "gravity": [
                "left"
            ],
            "size": 10,
            "padding": [
                5,
                5,
                5,
                5
            ],
            "tag": "fun_auto_ladder",
            "items": [
                {
                    "type": "SeekBar",
                    "key": "speed",
                    "format": "速度%.3f",
                    "color": "#6495ED",
                    "size": 8,
                    "padding": [
                        0,
                        0,
                        0,
                        0
                    ],
                    "value": 0.6,
                    "min": 0.1,
                    "max": 1.0
                }
            ]
        },
        {
            "type": "Switch",
            "on_sound": "on.mp3",
            "off_sound": "off.mp3",
            "name": "水上行走",
            "color": "#FFFFFF",
            "gravity": [
                "left"
            ],
            "size": 10,
            "padding": [
                5,
                5,
                5,
                5
            ],
            "tag": "fun_jesus"
        }
    ]
}