{
    "type": "Menu",
    "color": "#d2000000",
    "alpha": 0.95,
    "can_close": true,
    "title": {
        "name": "Settings",
        "elevation": 0,
        "background": "#000000",
        "padding": [
            5,
            5,
            5,
            5
        ],
        "margins": [
            0,
            0,
            0,
            0
        ],
        "colors": [
            "#FFFFFF",
            "#FFFFFF"
        ]
    },
    "params": [
        -2,
        -2
    ],
    "padding": [
        3,
        0,
        3,
        0
    ],
    "margins": [
        0,
        0,
        0,
        0
    ],
    "show_dividers": true,
    "radius": 6,
    "hide": true,
    "items": [
        {
            "type": "Switch",
            "on_sound": "on.mp3",
            "off_sound": "off.mp3",
            "name": "添加水印",
            "color": "#FFFFFF",
            "size": 10,
            "padding": [
                5,
                5,
                5,
                5
            ],
            "tag": "fun_watermark"
        },
        {
            "type": "TextView",
            "sound": "click.mp3",
            "name": "隐藏悬浮窗",
            "color": "#FFFFFF",
            "size": 10,
            "padding": [
                5,
                5,
                5,
                5
            ],
            "tag": "fun_hide_menu_shortcut",
            "shortcut": {
                "type": "CheckedButton",
                "params": [
                    65,
                    35
                ],
                "no_circle": true,
                "icon": "icon_home.png"
            }
        },
        {
            "type": "TextView",
            "sound": "click.mp3",
            "name": "删除应用数据",
            "color": "#FFFFFF",
            "size": 10,
            "padding": [
                5,
                5,
                5,
                5
            ],
            "tag": "fun_delete_app_data"
        },
        {
            "type": "TextView",
            "sound": "click.mp3",
            "name": "删除账号数据",
            "color": "#FFFFFF",
            "size": 10,
            "padding": [
                5,
                5,
                5,
                5
            ],
            "tag": "fun_delete_user_data"
        },
        {
            "type": "TextView",
            "sound": "click.mp3",
            "name": "删除下载包缓存",
            "color": "#FFFFFF",
            "size": 10,
            "padding": [
                5,
                5,
                5,
                5
            ],
            "tag": "fun_delete_pack_cache"
        },
        {
            "type": "TextView",
            "sound": "click.mp3",
            "name": "退出游戏登录",
            "color": "#FFFFFF",
            "size": 10,
            "padding": [
                5,
                5,
                5,
                5
            ],
            "tag": "fun_netease_logout"
        },
        {
            "type": "TextView",
            "sound": "click.mp3",
            "name": "显示游戏界面",
            "color": "#FFFFFF",
            "size": 10,
            "padding": [
                5,
                5,
                5,
                5
            ],
            "tag": "fun_rn_visible"
        },
        {
            "type": "TextView",
            "sound": "click.mp3",
            "name": "隐藏游戏界面",
            "color": "#FFFFFF",
            "size": 10,
            "padding": [
                5,
                5,
                5,
                5
            ],
            "tag": "fun_rn_gone"
        },
        {
            "type": "TextView",
            "sound": "click.mp3",
            "name": "打开游戏界面",
            "color": "#FFFFFF",
            "size": 10,
            "padding": [
                5,
                5,
                5,
                5
            ],
            "tag": "fun_rn_open"
        },
        {
            "type": "TextView",
            "sound": "click.mp3",
            "name": "关闭游戏界面",
            "color": "#FFFFFF",
            "size": 10,
            "padding": [
                5,
                5,
                5,
                5
            ],
            "tag": "fun_rn_close"
        },
        {
            "type": "TextView",
            "sound": "click.mp3",
            "name": "显示开发配置窗口",
            "color": "#FFFFFF",
            "size": 10,
            "padding": [
                5,
                5,
                5,
                5
            ],
            "tag": "fun_rn_show_dev_options_dialog"
        },
        {
            "type": "TextView",
            "sound": "click.mp3",
            "name": "MCP日志解密",
            "color": "#FFFFFF",
            "size": 10,
            "padding": [
                5,
                5,
                5,
                5
            ],
            "tag": "fun_mcp_decrypt"
        },
        {
            "type": "Switch",
            "on_sound": "on.mp3",
            "off_sound": "off.mp3",
            "name": "RN Debug",
            "color": "#FFFFFF",
            "size": 10,
            "padding": [
                5,
                5,
                5,
                5
            ],
            "tag": "fun_rn_debugable"
        },
        {
            "type": "Switch",
            "on_sound": "on.mp3",
            "off_sound": "off.mp3",
            "name": "加入游戏自动复制IP端口",
            "color": "#FFFFFF",
            "size": 10,
            "padding": [
                5,
                5,
                5,
                5
            ],
            "tag": "fun_join_copy_address"
        },
        {
            "type": "Switch",
            "on_sound": "on.mp3",
            "off_sound": "off.mp3",
            "name": "悬浮窗口半屏显示",
            "color": "#FFFFFF",
            "size": 10,
            "padding": [
                5,
                5,
                5,
                5
            ],
            "checked": true,
            "register_setting": "setting_window_cut"
        },
        {
            "type": "TextView",
            "sound": "click.mp3",
            "name": "UI Version [5.5]",
            "tip": "版本号:5.5",
            "color": "#FFFFFF",
            "size": 10,
            "padding": [
                5,
                5,
                5,
                5
            ]
        }
    ]
}