[
    {
        "namespace": "minecraft:diamond_sword",
        "aux": "any",
        "max_num": 1
    },
    {
        "namespace": "minecraft:iron_sword",
        "aux": "any",
        "max_num": 1
    },
    {
        "namespace": "minecraft:diamond_helmet",
        "aux": "any",
        "max_num": 1
    },
    {
        "namespace": "minecraft:diamond_chestplate",
        "aux": "any",
        "max_num": 1
    },
    {
        "namespace": "minecraft:diamond_leggings",
        "aux": "any",
        "max_num": 1
    },
    {
        "namespace": "minecraft:diamond_boots",
        "aux": "any",
        "max_num": 1
    },
    {
        "namespace": "minecraft:iron_helmet",
        "aux": "any",
        "max_num": 1
    },
    {
        "namespace": "minecraft:iron_chestplate",
        "aux": "any",
        "max_num": 1
    },
    {
        "namespace": "minecraft:iron_leggings",
        "aux": "any",
        "max_num": 1
    },
    {
        "namespace": "minecraft:iron_boots",
        "aux": "any",
        "max_num": 1
    },
    {
        "namespace": "minecraft:planks",
        "aux": "any",
        "max_num": 128
    },
    {
        "namespace": "minecraft:stone",
        "aux": "any",
        "max_num": 128
    },
    {
        "namespace": "minecraft:ender_eye",
        "aux": "any",
        "max_num": 1
    },
    {
        "namespace": "minecraft:compass",
        "aux": "any",
        "max_num": 1
    },
    {
        "namespace": "minecraft:slime_ball",
        "aux": "any",
        "max_num": 1
    },
    {
        "namespace": "minecraft:glass",
        "aux": "any",
        "max_num": 128
    },
    {
        "namespace": "minecraft:grass",
        "aux": "any",
        "max_num": 128
    },
    {
        "namespace": "minecraft:golden_apple",
        "aux": "any",
        "max_num": 64
    }
]