{
    "cmd": [
        "/ww effect clear",
        "/ww effect 4 36000 8 false"
    ],
    "binds": {},
    "fightbot": true,
    "fightbot_combo": true,
    "fightbot_random_move": true,
    "fightbot_killaura": true,
    "fightbot_aimbot": true,
    "assistaim_Fov": 270,
    "assistaim_random_xz": 8,
    "assistaim_aim_speed": 40,
    "check_wall": false,
    "check_health": true,
    "check_size": true,
    "killaura_Fov": 20,
    "killaura_empty": 10,
    "killaura_min_cps": 7,
    "killaura_max_cps": 9,
    "show_cps": false,
    "infinite_distance": true,
    "fightbot_distance": 3.00,
    "fightbot_jump_rate": 20,
    "fightbot_move_rate": 33,
    "fightbot_speed": 4,
    "fightbot_height": 0.42,
    "auto_weapon": true,
    "AutoGG": true,
    "auto_target": true,
    "NoHeigh": true,
    "assistaim_random_y": 4,
    "assistaim_mode": 1,
    "killaura_distance": 4.8,
    "fightbot_snowball_rate": 25,
    "assistaim_distance": 50.0,
    "fightbot_random_jump": true
}