{
    "cmd": [
        "/ww effect clear",
        "/ww effect 4 36000 8 false"
    ],
    "attack_sound": false,
    "attack_particle": true,
    "attack_particle_size": 35,
    "surround_particle": true,
    "surround_particle_length": 2,
    "particle_surround_speed": 4,
    "only_walk": true,
    "arrow_particle": true,
    "check_axe": true,
    "chest_steal": true,
    "killaura": true,
    "killaura_min_cps": 10,
    "killaura_Fov": 270,
    "drop_armor": true,
    "keep_y": true,
    "scaffold_more": true,
    "scaffold_length": 2,
    "scaffold": false,
    "scaffold_origin_block": true,
    "show_cps": false,
    "kill_message": true,
    "text": "GG",
    "move_fly": false,
    "sprint_horizontal": true,
    "sprint_mode": 1,
    "sprint_speed": 50,
    "auto_sprint": false,
    "cleaner_mode": 1,
    "cleaner": true,
    "particle_size": 29
}