{
    "cmd": [],
    "fightbot": true,
    "fightbot_combo": true,
    "fightbot_random_jump": true,
    "fightbot_random_move": true,
    "fightbot_killaura": true,
    "fightbot_aimbot": true,
    "fightbot_wtap": false,
    "fightbot_distance": 3.0799999237060547,
    "fightbot_move_rate": 50,
    "through_wall": false,
    "killaura_max_cps": 8,
    "killaura_min_cps": 6,
    "killaura_Fov": 20,
    "killaura_distance": 7.809999942779541,
    "assistaim": true,
    "assistaim_random_y": 4,
    "assistaim_aim_speed": 27,
    "assistaim_Fov": 270,
    "assistaim_y": 0
}